data;horario;n_da_ocorrencia;tipo_de_ocorrencia;km;trecho;sentido;tipo_de_acidente;automovel;bicicleta;caminhao;moto;onibus;outros;tracao_animal;transporte_de_cargas_especiais;trator_maquinas;utilitarios;ilesos;levemente_feridos;moderadamente_feridos;gravemente_feridos;mortos
30/03/2015;21:24:00;118;sem vítima;178,2;BR-050/MG;Sul;Capotamento;1;;;;;;;;;;1;;;;
30/03/2015;07:32:00;20;sem vítima;198,4;BR-050/MG;Norte;Colisão Traseira;1;;;;;;;;;1;4;;;;
31/03/2015;19:46:00;130;sem vítima;13,8;BR-050/MG;Sul;Queda de Moto;;;;1;;;;;;;2;;;;
31/03/2015;16:03:00;100;sem vítima;22;BR-050/MG;Norte;Colisão Lateral;;;2;;;;;;;;2;;;;
01/04/2015;13:30:00;89;sem vítima;166;BR-050/MG;Sul;Colisão Lateral;1;;1;;;;;;;;2;;;;
01/04/2015;01:37:00;7;com vítima;207,2;BR-050/GO;Norte;Colisão Traseira;;;2;;;;;;;;1;;1;;
01/04/2015;19:26:00;153;com vítima;208,8;BR-050/GO;Sul;Colisão Transversal;;;;;1;;;;;1;35;3;1;1;2
01/04/2015;17:26:00;136;sem vítima;307,8;BR-050/GO;Sul;Tombamento;;;1;;;;;;;;2;;;;
01/04/2015;21:12:00;173;sem vítima;98,1;BR-050/GO;Sul;Colisão Frontal;1;;;1;;;;;;;5;;;;
02/04/2015;17:55:00;121;sem vítima;49,9;BR-050/MG;Sul;Saida de Pista;1;;;;;;;;;;3;;;;
02/04/2015;06:55:00;21;sem vítima;102,4;BR-050/GO;Sul;Capotamento;1;;;;;;;;;;2;;;;
02/04/2015;18:54:00;128;sem vítima;77,3;BR-050/MG;Sul;Colisão Traseira;1;;;;;;;;;1;3;;;;
02/04/2015;11:29:00;62;sem vítima;135,1;BR-050/GO;Norte;Tombamento;;;1;;;;;;;;1;;;;
02/04/2015;16:27:00;111;sem vítima;106;BR-050/MG;Sul;Colisão Traseira;;;1;;;;;;;1;2;;;;
02/04/2015;06:44:00;16;sem vítima;258,04;BR-050/GO;Norte;Saida de Pista;1;;;;;;;;;;2;;;;
02/04/2015;13:54:00;84;sem vítima;99;BR-050/GO;Sul;Colisão Traseira;2;;;;;;;;;;2;;;;
03/04/2015;15:42:00;82;com vítima;3,8;BR-050/MG;Sul;Colisão Traseira;1;;1;;;;;;;;1;3;1;;
03/04/2015;04:28:00;11;com vítima;7,3;BR-050/MG;Sul;Atropelamento - Animal;1;;;;;;;;;;0;1;;;
03/04/2015;10:39:00;52;sem vítima;29,9;BR-050/MG;Norte;Saida de Pista;1;;;;;;;;;;4;;;;
03/04/2015;03:55:00;9;sem vítima;110,8;BR-050/MG;Sul;Choque - Defensa, barreira ou meio fio;1;;;;;;;;;;1;;;;
03/04/2015;04:25:00;10;sem vítima;163,7;BR-050/GO;Sul;Saida de Pista;1;;;;;;;;;;1;;;;
03/04/2015;08:38:00;42;com vítima;175,3;BR-050/MG;Sul;Colisão Lateral;2;;;;;;;;;;3;1;;;
04/04/2015;21:32:00;112;com vítima;18;CONTORNO;Norte;Queda de Moto;;;;1;;;;;;;0;1;;;
04/04/2015;21:26:00;111;sem vítima;43,5;BR-050/MG;Norte;Saida de Pista;1;;;;;;;;;;2;;;;
04/04/2015;17:53:00;88;sem vítima;57;BR-050/MG;Norte;Saida de Pista;1;;;;;;;;;;4;;;;
04/04/2015;18:28:00;94;com vítima;79,4;BR-050/MG;Norte;Queda de Moto;;;;1;;;;;;;0;1;;;
04/04/2015;13:57:00;52;sem vítima;137,25;BR-050/GO;Norte;Capotamento;1;;;;;;;;;;1;;;;
04/04/2015;18:05:00;90;sem vítima;161;BR-050/MG;Norte;Choque - Suporte de Sinalização;1;;;;;;;;;;2;;;;
04/04/2015;19:29:00;102;sem vítima;280,6;BR-050/GO;Sul;Colisão Frontal;2;;;;;;;;;;4;;;;
05/04/2015;16:43:00;107;sem vítima;10;CONTORNO;Norte;Saida de Pista;1;;;;;;;;;;3;;;;
05/04/2015;14:38:00;83;sem vítima;10,04;CONTORNO;Sul;Saida de Pista;1;;;;;;;;;;4;;;;
05/04/2015;16:22:00;104;sem vítima;5;BR-050/MG;Norte;Saida de Pista;1;;;;;;;;;;1;;;;
05/04/2015;05:26:00;19;sem vítima;26;BR-050/MG;Norte;Saida de Pista;1;;;;;;;;;;1;;;;
05/04/2015;15:59:00;100;com vítima;47,8;BR-050/MG;Sul;Capotamento;;;;;;;;;;1;0;1;1;;
05/04/2015;14:00:00;75;sem vítima;53;BR-050/MG;Sul;Choque - Defensa, barreira ou meio fio;1;;;;;;;;;;2;;;;
05/04/2015;20:08:00;148;sem vítima;54,5;BR-050/MG;Sul;Tombamento;;;1;;;;;;;;1;;;;
05/04/2015;22:08:00;165;sem vítima;128;BR-050/GO;Norte;Colisão Lateral;1;;1;;;;;;;;5;;;;
05/04/2015;01:39:00;8;com vítima;135;BR-050/GO;Norte;Capotamento;;;;;;;;;;1;1;1;;;
05/04/2015;18:08:00;124;sem vítima;133;BR-050/MG;Sul;Saida de Pista;1;;;;;;;;;;4;;;;
05/04/2015;12:58:00;68;sem vítima;137,3;BR-050/MG;Norte;Saida de Pista;;;;;;;;;;1;2;;;;
05/04/2015;17:14:00;115;sem vítima;146,6;BR-050/MG;Sul;Capotamento;1;;;;;;;;;;3;;;;
05/04/2015;16:39:00;106;sem vítima;161,3;BR-050/MG;Norte;Saida de Pista;1;;;;;;;;;;1;;;;
05/04/2015;16:39:00;114;sem vítima;161,3;BR-050/MG;Norte;Saida de Pista;1;;;;;;;;;;1;;;;
05/04/2015;16:39:00;117;sem vítima;161,3;BR-050/MG;Norte;Saida de Pista;1;;;;;;;;;;2;;;;
05/04/2015;11:58:00;63;sem vítima;177,8;BR-050/MG;Norte;Choque - Defensa, barreira ou meio fio;1;;;;;;;;;;1;;;;
05/04/2015;14:51:00;87;com vítima;9,5;CONTORNO;Sul;Capotamento;1;;;;;;;;;;0;2;2;;
05/04/2015;14:52:00;88;sem vítima;9,55;CONTORNO;Sul;Saida de Pista;1;;;;;;;;;;1;;;;
05/04/2015;02:49:00;11;sem vítima;200;BR-050/MG;Norte;Atropelamento - Animal;1;;;;;;;;;;3;;;;
05/04/2015;06:11:00;21;sem vítima;200,5;BR-050/MG;Norte;Capotamento;1;;;;;;;;;;2;;;;
06/04/2015;21:19:00;133;sem vítima;196,8;BR-050/MG;Norte;Colisão Traseira;;;2;;;;;;;;2;;;;
07/04/2015;19:59:00;117;sem vítima;61,8;BR-050/MG;Norte;Capotamento;1;;;;;;;;;;1;;;;
07/04/2015;18:57:00;113;com vítima;300;BR-050/GO;Sul;Colisão Traseira;1;;;;;;;;;1;4;1;;;
09/04/2015;05:48:00;11;sem vítima;117;BR-050/GO;Norte;Saida de Pista;;;;;;;;;;1;1;;;;
09/04/2015;00:22:00;2;sem vítima;101;BR-050/MG;Sul;Choque - Suporte de Sinalização;1;;;;;;;;;;2;;;;
09/04/2015;20:25:00;131;sem vítima;186;BR-050/MG;Sul;Choque - Defensa, barreira ou meio fio;1;;;;;;;;;;1;;;;
10/04/2015;18:46:00;135;com vítima;24,3;BR-050/MG;Sul;Colisão Traseira;1;;;1;;;;;;;1;1;;;
10/04/2015;16:58:00;111;com vítima;77;BR-050/MG;Sul;Queda de Moto;;;;1;;;;;;;0;1;;;
10/04/2015;16:15:00;104;com vítima;81;BR-050/MG;Norte;Colisão Traseira;1;;2;;;;;;;;2;1;;;
10/04/2015;02:12:00;8;sem vítima;133,65;BR-050/GO;Sul;Saida de Pista;;;;;1;;;;;;38;;;;
10/04/2015;13:27:00;79;com vítima;141,1;BR-050/GO;Sul;Tombamento;;;1;;;;;;;;1;1;;;
10/04/2015;01:44:00;6;sem vítima;245;BR-050/GO;Sul;Choque - Suporte de Sinalização;;;;;;;;;;1;2;;;;
11/04/2015;22:19:00;173;sem vítima;29,1;BR-050/MG;Norte;Capotamento;1;;;;;;;;;;4;;;;
11/04/2015;22:50:00;176;sem vítima;110;BR-050/GO;Sul;Saida de Pista;1;;;;;;;;;;1;;;;
12/04/2015;19:00:00;130;sem vítima;22;BR-050/MG;Sul;Choque - Suporte de Sinalização;1;;;;;;;;;;1;;;;
12/04/2015;05:44:00;11;sem vítima;40;BR-050/MG;Norte;Choque - Defensa, barreira ou meio fio;1;;;;;;;;;;1;;;;
12/04/2015;05:54:00;12;sem vítima;280;BR-050/GO;Sul;Choque - Poste;;;1;;;;;;;;1;;;;
12/04/2015;12:39:00;70;sem vítima;176,8;BR-050/MG;Sul;Capotamento;1;;;;;;;;;;2;;;;
12/04/2015;12:39:00;79;com vítima;177;BR-050/MG;Sul;Saida de Pista;;;;;;;;;;1;0;3;;;
12/04/2015;16:54:00;110;com vítima;177;BR-050/MG;Norte;Colisão Lateral;2;;;;;;;;;;5;1;;;
12/04/2015;04:15:00;9;sem vítima;97;BR-050/GO;Norte;Colisão Traseira;2;;;;;;;;;;2;;;;
13/04/2015;12:44:00;72;sem vítima;51,475;BR-050/MG;Norte;Colisão Traseira;1;;1;;;;;;;;3;;;;
13/04/2015;21:04:00;158;com vítima;85,2;BR-050/MG;Norte;Capotamento;1;;;;;;;;;;0;;1;;
14/04/2015;06:22:00;14;sem vítima;28,5;BR-050/MG;Norte;Tombamento;;;1;;;;;;;;1;;;;
14/04/2015;10:19:00;55;sem vítima;39;BR-050/MG;Sul;Colisão Lateral;1;;1;;;;;;;;3;;;;
14/04/2015;17:10:00;104;com vítima;81;BR-050/MG;Sul;Queda de Ciclista;;1;;;;;;;;;0;1;;;
14/04/2015;20:50:00;140;sem vítima;156,8;BR-050/GO;Sul;Choque - Suporte de Sinalização;1;;;;;;;;;;1;;;;
14/04/2015;09:46:00;52;sem vítima;142;BR-050/MG;Sul;Choque - Veiculo parado na pista;1;;;;;;;;;1;11;;;;
14/04/2015;06:33:00;17;sem vítima;142,4;BR-050/MG;Sul;Tombamento;;;1;;;;;;;;1;;;;
14/04/2015;17:20:00;106;sem vítima;180;BR-050/MG;Norte;Colisão Traseira;1;;1;;;;;;;;4;;;;
14/04/2015;16:15:00;96;sem vítima;9,8;CONTORNO;Sul;Choque - Elemento de Drenagem;1;;;;;;;;;;1;;;;
16/04/2015;07:33:00;23;com vítima;15;CONTORNO;Norte;Tombamento;;;1;;;;;;;;0;1;;;
16/04/2015;16:45:00;121;com vítima;54,8;BR-050/MG;Norte;Colisão Traseira;1;;1;;;;;;;;2;1;;;
16/04/2015;08:48:00;44;com vítima;138,08;BR-050/MG;Norte;Capotamento;;;1;;;;;;;;0;;2;;
16/04/2015;00:49:00;1;com vítima;280;BR-050/GO;Norte;Choque - Defensa, barreira ou meio fio;;;;1;;;;;;;0;;1;;
16/04/2015;09:27:00;50;com vítima;170,64;BR-050/MG;Sul;Colisão Traseira;;;;1;;;;;;1;1;;1;;
16/04/2015;00:57:00;2;sem vítima;98;BR-050/GO;Sul;Colisão Lateral;2;;;;;;;;;;3;;;;
17/04/2015;20:05:00;152;sem vítima;20,1;BR-050/MG;Sul;Colisão Traseira;1;;1;;;;;;;;2;;;;
17/04/2015;11:45:00;77;sem vítima;85,4;BR-050/MG;Sul;Tombamento;;;1;;;;;;;;1;;;;
17/04/2015;16:52:00;116;sem vítima;164,8;BR-050/MG;Norte;Choque - Defensa, barreira ou meio fio;1;;;;;;;;;;2;;;;
17/04/2015;04:21:00;18;sem vítima;177,2;BR-050/MG;Sul;Choque - Defensa, barreira ou meio fio;;;;;;;;;;1;1;;;;
18/04/2015;14:29:00;85;sem vítima;19,7;BR-050/MG;Norte;Saida de Pista;;;1;;;;;;;;2;;;;
18/04/2015;18:11:00;120;sem vítima;22,5;BR-050/MG;Sul;Saida de Pista;1;;1;;;;;;;;2;;;;
18/04/2015;04:02:00;11;sem vítima;104,2;BR-050/GO;Norte;Saida de Pista;1;;;;;;;;;;1;;;;
18/04/2015;21:16:00;140;sem vítima;116,4;BR-050/MG;Norte;Choque - Barranco;;;1;;;;;;;;1;;;;
18/04/2015;18:42:00;124;sem vítima;127,3;BR-050/MG;Sul;Colisão Lateral;1;;1;;;;;;;;3;;;;
18/04/2015;18:57:00;127;sem vítima;127,5;BR-050/MG;Norte;Carreta deu L;1;;1;;;;;;;;2;;;;
18/04/2015;21:06:00;138;sem vítima;151,3;BR-050/MG;Sul;Colisão Traseira;2;;;;;;;;;;2;;;;
19/04/2015;20:53:00;153;com vítima;17;BR-050/MG;Norte;Saida de Pista;1;;;;;;;;;;2;2;;;
19/04/2015;05:58:00;29;sem vítima;22;BR-050/MG;Norte;Saida de Pista;1;;;;;;;;;;1;;;;
19/04/2015;18:36:00;135;sem vítima;28,4;BR-050/MG;Norte;Capotamento;1;;;;;;;;;;1;;;;
19/04/2015;16:12:00;109;sem vítima;113;BR-050/MG;Sul;Saida de Pista;;;;;;;;;;1;2;;;;
19/04/2015;16:48:00;116;com vítima;164;BR-050/MG;Norte;Capotamento;1;;;;;;;;;;0;;;1;
19/04/2015;23:43:00;166;sem vítima;164,8;BR-050/MG;Norte;Choque - Defensa, barreira ou meio fio;1;;;;;;;;;;2;;;;
19/04/2015;18:07:00;130;sem vítima;174,2;BR-050/MG;Norte;Choque - Defensa, barreira ou meio fio;1;;;;;;;;;;1;;;;
19/04/2015;00:16:00;2;sem vítima;97;BR-050/GO;Sul;Saida de Pista;2;;;;;;;;;;2;;;;
19/04/2015;06:54:00;35;sem vítima;191,2;BR-050/MG;Norte;Choque - Defensa, barreira ou meio fio;1;;;;;;;;;;4;;;;
20/04/2015;15:36:00;101;com vítima;139,4;BR-050/GO;Norte;Choque - Arvore;1;;;;;;;;;;0;1;1;;
20/04/2015;17:15:00;116;sem vítima;115;BR-050/MG;Norte;Saida de Pista;;;;;;;;;;1;2;;;;
20/04/2015;16:16:00;108;com vítima;118,34;BR-050/MG;Sul;Saida de Pista;1;;;;;;;;;;1;;1;;
20/04/2015;09:06:00;44;com vítima;136;BR-050/MG;Norte;Capotamento;1;;;;;;;;;;0;1;;;
20/04/2015;19:24:00;132;sem vítima;146,6;BR-050/MG;Sul;Atropelamento - Animal;1;;1;;;;;;;;4;;;;
20/04/2015;13:03:00;74;com vítima;193;BR-050/GO;Norte;Capotamento;;;;;;;;;;1;0;1;1;;
20/04/2015;13:57:00;84;com vítima;300,05;BR-050/GO;Sul;Colisão Lateral;;;;1;;1;;;;;1;;2;;
21/04/2015;19:09:00;124;com vítima;2,15;BR-050/MG;Norte;Choque - Defensa, barreira ou meio fio;1;;;;;;;;;;0;2;;;
21/04/2015;16:03:00;99;sem vítima;3,8;BR-050/MG;Sul;Queda de Moto;;;;1;;;;;;;1;;;;
21/04/2015;23:56:00;147;sem vítima;78,35;BR-050/MG;Sul;Choque - Defensa, barreira ou meio fio;1;;;;;;;;;;1;;;;
21/04/2015;15:40:00;91;sem vítima;196,1;BR-050/MG;Norte;Colisão Traseira;1;;;;;;;;;1;3;;;;
22/04/2015;03:02:00;5;com vítima;28;BR-050/MG;Sul;Tombamento;;;1;;;;;;;;0;;1;;
22/04/2015;14:29:00;83;sem vítima;47;BR-050/MG;Sul;Choque - Defensa, barreira ou meio fio;1;;;;;;;;;;1;;;;
22/04/2015;14:18:00;78;com vítima;47,9;BR-050/MG;Sul;Tombamento;;;1;;;;;;;;0;;1;;
22/04/2015;14:28:00;82;com vítima;208;BR-050/GO;Sul;Colisão Frontal;;;;;;;;;;2;2;1;1;;
22/04/2015;21:07:00;144;sem vítima;246;BR-050/GO;Norte;Choque - Talude;1;;;;;;;;;;1;;;;
23/04/2015;03:50:00;13;sem vítima;61,5;BR-050/MG;Norte;Saida de Pista;1;;;;;;;;;;5;;;;
23/04/2015;23:28:00;138;com vítima;79;BR-050/MG;Sul;Queda de Moto;1;;;1;;;;;;;1;;;;1
23/04/2015;16:50:00;106;sem vítima;159,1;BR-050/MG;Norte;Saida de Pista;1;;;;;;;;;;1;;;;
24/04/2015;16:30:00;120;sem vítima;22;BR-050/MG;Norte;Choque - Defensa, barreira ou meio fio;1;;;;;;;;;;2;;;;
24/04/2015;20:34:00;163;sem vítima;41;BR-050/MG;Norte;Capotamento;1;;;;;;;;;;2;;;;
24/04/2015;04:40:00;16;sem vítima;62;BR-050/MG;Norte;Choque - Elemento de Drenagem;1;;;;;;;;;;1;;;;
24/04/2015;09:55:00;56;com vítima;78;BR-050/MG;Sul;Atropelamento - Usuário;;;;;;;;;;1;1;;1;;
24/04/2015;20:25:00;161;com vítima;80,4;BR-050/MG;Norte;Colisão Traseira;;;;1;;;;;;1;2;;;;1
24/04/2015;18:47:00;150;sem vítima;148,5;BR-050/GO;Norte;Colisão Traseira;1;;1;;;;;;;;2;;;;
24/04/2015;18:44:00;149;com vítima;103,39;BR-050/MG;Sul;Choque - Defensa, barreira ou meio fio;1;;;;;;;;;;0;1;;;
25/04/2015;07:00:00;18;sem vítima;18,3;CONTORNO;Norte;Choque - Suporte de Sinalização;;;;;;;;;;1;1;;;;
25/04/2015;17:43:00;126;com vítima;10,4;BR-050/MG;Norte;Choque - Defensa, barreira ou meio fio;1;;;;;;;;;;0;2;2;;
25/04/2015;15:47:00;108;sem vítima;21;BR-050/MG;Sul;Tombamento;;;1;;;;;;;;1;;;;
25/04/2015;12:17:00;69;sem vítima;105;BR-050/GO;Norte;Capotamento;1;;;;;;;;;;1;;;;
25/04/2015;01:49:00;8;sem vítima;64;BR-050/MG;Sul;Capotamento;;;;;;;;;;1;1;;;;
25/04/2015;11:28:00;63;sem vítima;117;BR-050/GO;Norte;Colisão Lateral;;;;;;1;;;;1;4;;;;
25/04/2015;00:00:00;1;sem vítima;129,5;BR-050/MG;Norte;Saida de Pista;;;1;;;;;;;;1;;;;
26/04/2015;22:02:00;124;sem vítima;54;BR-050/MG;Norte;Carreta deu L;;;1;;;;;;;;1;;;;
26/04/2015;05:23:00;14;sem vítima;144,9;BR-050/MG;Sul;Capotamento;1;;;;;;;;;;1;;;;
26/04/2015;03:16:00;10;com vítima;228;BR-050/GO;Sul;Tombamento;;;1;;;;;;;;0;;1;;
26/04/2015;09:58:00;33;sem vítima;280;BR-050/GO;Norte;Colisão Transversal;2;;;;;;;;;;3;;;;
27/04/2015;20:00:00;141;sem vítima;13;BR-050/MG;Norte;Colisão Traseira;;;2;;;;;;;;2;;;;
27/04/2015;14:47:00;91;sem vítima;174;BR-050/MG;Sul;Tombamento;;;1;;;;;;;;1;;;;
28/04/2015;09:06:00;30;com vítima;120,6;BR-050/MG;Sul;Saida de Pista;;;1;;;;;;;;0;;1;;
28/04/2015;04:24:00;6;sem vítima;248,35;BR-050/GO;Norte;Tombamento;;;1;;;;;;;;1;;;;
28/04/2015;06:57:00;13;sem vítima;171,8;BR-050/MG;Sul;Queda de Moto;;;;1;;;;;;;1;;;;
29/04/2015;17:37:00;120;sem vítima;41,8;BR-050/MG;Norte;Colisão Lateral;;;2;;;;;;;;2;;;;
29/04/2015;12:05:00;71;sem vítima;47;BR-050/MG;Sul;Colisão Traseira;;;;;;;;;;2;2;;;;
29/04/2015;11:41:00;67;sem vítima;82,3;BR-050/MG;Norte;Carreta deu L;;;1;;;;;;;;1;;;;
29/04/2015;10:27:00;59;com vítima;156,32;BR-050/GO;Norte;Colisão Traseira;;;2;;;;;;;;0;1;1;;
29/04/2015;17:00:00;114;com vítima;158,8;BR-050/MG;Norte;Saida de Pista;1;;;;;;;;;;4;1;;;
29/04/2015;23:56:00;161;sem vítima;170,8;BR-050/MG;Norte;Colisão Traseira;1;;1;;;;;;;;3;;;;
30/04/2015;06:59:00;22;sem vítima;3,7;BR-050/MG;Sul;Choque - Defensa, barreira ou meio fio;1;;;;;;;;;;2;;;;
30/04/2015;18:46:00;136;com vítima;41,4;BR-050/MG;Sul;Choque - Defensa, barreira ou meio fio;1;;;;;;;;;;2;1;1;;
01/05/2015;12:15:00;84;com vítima;0;BR-050/MG;Sul;Colisão Traseira;2;;;;;;;;;;6;1;;;
01/05/2015;22:29:00;165;sem vítima;21;CONTORNO;Norte;Choque - Defensa, barreira ou meio fio;1;;;;;;;;;;1;;;;
01/05/2015;13:56:00;95;com vítima;45,25;BR-050/MG;Norte;Choque - Veiculo parado no acostamento;2;;;;;;;;;;3;1;;;
01/05/2015;11:27:00;73;com vítima;124,8;BR-050/MG;Norte;Saida de Pista;1;;;;;;;;;;0;1;1;;
02/05/2015;16:44:00;82;com vítima;62,3;BR-050/MG;Norte;Colisão Transversal;1;;;;;;;;;1;7;4;1;;
02/05/2015;21:09:00;116;com vítima;145,5;BR-050/GO;Norte;Queda de Moto;;;;3;;;;;;;0;4;;;
02/05/2015;18:58:00;96;sem vítima;292;BR-050/GO;Sul;Colisão Lateral;2;;;;;;;;;;3;;;;
02/05/2015;19:32:00;102;sem vítima;198,06;BR-050/MG;Norte;Choque - Objeto sobre a pista;2;;;;;;;;;;6;;;;
03/05/2015;14:59:00;72;com vítima;27,5;BR-050/MG;Sul;Queda de Moto;;;;1;;;;;;;0;;2;;
03/05/2015;08:09:00;23;com vítima;48;BR-050/MG;Norte;Colisão Lateral;1;1;;;;;;;;;4;;1;;
03/05/2015;04:17:00;14;sem vítima;122;BR-050/MG;Norte;Saida de Pista;1;;;;;;;;;;2;;;;
04/05/2015;16:56:00;91;sem vítima;0;BR-050/MG;Norte;Saida de Pista;1;;;;;;;;;;3;;;;
04/05/2015;17:33:00;95;sem vítima;29,8;BR-050/MG;Norte;Carreta deu L;;;1;;;;;;;;1;;;;
04/05/2015;18:52:00;104;sem vítima;49,2;BR-050/MG;Sul;Atropelamento - Animal;1;;;;;;;;;;1;;;;
04/05/2015;06:41:00;12;com vítima;125;BR-050/MG;Norte;Capotamento;1;;;;;;;;;;2;1;;;
04/05/2015;15:15:00;81;sem vítima;204,86;BR-050/MG;Sul;Capotamento;;;;;;;;;;1;1;;;;
05/05/2015;22:09:00;133;sem vítima;53,7;BR-050/MG;Sul;Objeto lançado contra veículo;1;;1;;;;;;;;2;;;;
05/05/2015;16:45:00;95;sem vítima;138,6;BR-050/MG;Norte;Choque - Defensa, barreira ou meio fio;1;;;;;;;;;;1;;;;
05/05/2015;21:51:00;131;com vítima;237;BR-050/GO;Sul;Tombamento;;;1;;;;;;;;0;1;;;
05/05/2015;18:19:00;110;sem vítima;270,5;BR-050/GO;Norte;Atropelamento - Animal;;;1;;;;;;;2;3;;;;
05/05/2015;13:41:00;63;com vítima;280;BR-050/GO;Sul;Colisão Transversal;1;;;1;;;;;;;1;1;;;
05/05/2015;17:22:00;105;sem vítima;281;BR-050/GO;Sul;Colisão Transversal;2;;;;;;;;;;2;;;;
05/05/2015;17:32:00;106;com vítima;179,5;BR-050/MG;Sul;Colisão Lateral;;;2;1;;;;;;;1;1;1;;
06/05/2015;12:47:00;68;com vítima;166,42;BR-050/MG;Sul;Colisão Lateral;1;;1;;;;;;;;1;1;;;
07/05/2015;11:55:00;66;sem vítima;78,3;BR-050/MG;Sul;Colisão Lateral;1;;1;;;;;;;;2;;;;
07/05/2015;05:33:00;11;sem vítima;189,3;BR-050/GO;Norte;Saida de Pista;;;1;;;;;;;;1;;;;
07/05/2015;07:34:00;27;sem vítima;165,6;BR-050/MG;Sul;Saida de Pista;;;;;;;;;;1;1;;;;
07/05/2015;02:30:00;7;sem vítima;281,7;BR-050/GO;Norte;Colisão Lateral;;;1;;1;;;;;;29;;;;
08/05/2015;11:36:00;68;com vítima;9,5;BR-050/MG;Sul;Capotamento;1;;;;;;;;;;0;1;;;
08/05/2015;00:32:00;5;com vítima;122,3;BR-050/MG;Norte;Capotamento;1;;;;;;;;;;0;;2;;
08/05/2015;16:31:00;107;sem vítima;265,9;BR-050/GO;Norte;Colisão Traseira;;;1;;1;;;;;1;29;;;;
09/05/2015;16:55:00;115;com vítima;111,9;BR-050/MG;Sul;Queda de Moto;;;;1;;;;;;;0;2;;;
09/05/2015;09:26:00;46;sem vítima;276,64;BR-050/GO;Sul;Choque - Defensa, barreira ou meio fio;1;;;;;;;;;;2;;;;
09/05/2015;18:12:00;124;com vítima;278;BR-050/GO;Sul;Colisão Transversal;2;;;;;;;;;;1;2;1;;
09/05/2015;17:19:00;117;com vítima;278,9;BR-050/GO;Sul;Colisão Transversal;;1;1;;;;;;;;2;;1;;
09/05/2015;23:56:00;159;com vítima;177,3;BR-050/MG;Sul;Choque - Barranco;1;;;;;;;;;;2;2;1;;
09/05/2015;01:12:00;5;com vítima;179,8;BR-050/MG;Sul;Choque - Defensa, barreira ou meio fio;;;;1;;;;;;;0;;1;;
09/05/2015;11:10:00;66;com vítima;98,3;BR-050/GO;Norte;Colisão Transversal;1;;;1;;;;;;;2;1;;;
10/05/2015;21:55:00;170;sem vítima;11,5;BR-050/MG;Norte;Saida de Pista;;;;;;;;;;1;4;;;;
10/05/2015;05:13:00;26;com vítima;39,1;BR-050/MG;Sul;Capotamento;1;;;;;;;;;;1;2;;;
10/05/2015;21:19:00;165;sem vítima;61;BR-050/MG;Norte;Choque - Defensa, barreira ou meio fio;1;;;;;;;;;;3;;;;
10/05/2015;03:21:00;16;sem vítima;167,9;BR-050/GO;Norte;Saida de Pista;;;1;;;;;;;;1;;;;
10/05/2015;03:49:00;18;sem vítima;139,6;BR-050/MG;Sul;Capotamento;;;;;;;;;;1;2;;;;
10/05/2015;05:23:00;27;com vítima;236;BR-050/GO;Sul;Choque - Arvore;1;;;;;;;;;;0;2;;;
10/05/2015;21:42:00;168;sem vítima;178;BR-050/MG;Sul;Choque - Defensa, barreira ou meio fio;1;;;;;;;;;;5;;;;
10/05/2015;15:50:00;109;sem vítima;198;BR-050/MG;Norte;Colisão Traseira;;;2;;;;;;;;3;;;;
11/05/2015;00:45:00;5;sem vítima;12;BR-050/MG;Sul;Choque - Defensa, barreira ou meio fio;1;;;;;;;;;;1;;;;
11/05/2015;00:29:00;4;sem vítima;23,7;BR-050/MG;Norte;Choque - Arvore;1;;;;;;;;;;1;;;;
11/05/2015;04:39:00;12;sem vítima;30;BR-050/MG;Sul;Capotamento;1;;;;;;;;;;2;;;;
11/05/2015;07:44:00;32;sem vítima;47,1;BR-050/MG;Norte;Engavetamento;3;;;;;2;;;;;5;;;;
11/05/2015;06:05:00;16;sem vítima;61,2;BR-050/MG;Norte;Choque - Suporte de Sinalização;1;;;;;;;;;;4;;;;
12/05/2015;10:38:00;51;sem vítima;13;BR-050/MG;Norte;Colisão Lateral;1;;1;;;;;;;;2;;;;
12/05/2015;07:18:00;15;com vítima;77;BR-050/MG;Norte;Colisão Transversal;;;;2;;;;;;;1;;1;;
13/05/2015;16:18:00;99;com vítima;265;BR-050/GO;Sul;Colisão Frontal;;;1;1;;;;;;;1;;1;;
14/05/2015;15:30:00;107;sem vítima;154;BR-050/GO;Norte;Tombamento;;;1;;;;;;;;2;;;;
14/05/2015;12:19:00;80;sem vítima;173,8;BR-050/MG;Norte;Colisão Lateral;;;1;;;;;;;1;2;;;;
14/05/2015;18:45:00;140;com vítima;176,1;BR-050/MG;Norte;Capotamento;;;;;;;;;;1;0;;;1;
14/05/2015;17:53:00;137;sem vítima;96;BR-050/GO;Norte;Colisão Transversal;1;;;1;;;;;;;2;;;;
15/05/2015;04:21:00;14;sem vítima;29,8;BR-050/MG;Norte;Saida de Pista;;;;;;;;;;1;1;;;;
15/05/2015;15:55:00;111;com vítima;53,1;BR-050/MG;Sul;Queda de Moto;;;;1;;;;;;;0;1;1;;
15/05/2015;08:29:00;42;com vítima;111;BR-050/GO;Norte;Colisão Frontal;1;;2;;;;;;;;2;1;1;;
15/05/2015;17:51:00;136;com vítima;145;BR-050/MG;Sul;Saida de Pista;1;;1;;;;;;;;1;1;;;
15/05/2015;19:48:00;155;sem vítima;279;BR-050/GO;Norte;Colisão Transversal;1;;;1;;;;;;;3;;;;
15/05/2015;10:59:00;65;com vítima;170,1;BR-050/MG;Sul;Colisão Lateral;1;;;1;;;;;;;1;;1;;
16/05/2015;19:04:00;110;com vítima;4;BR-050/MG;Sul;Choque - Defensa, barreira ou meio fio;;;;1;;;;;;;0;1;;;
16/05/2015;13:03:00;60;sem vítima;19,5;CONTORNO;Norte;Choque - Defensa, barreira ou meio fio;;;;;;;;;;1;1;;;;