data;horario;n_da_ocorrencia;tipo_de_ocorrencia;km;trecho;sentido;tipo_de_acidente;automovel;bicicleta;caminhao;moto;onibus;outros;tracao_animal;transporte_de_cargas_especiais;trator_maquinas;utilitarios;ilesos;levemente_feridos;moderadamente_feridos;gravemente_feridos;mortos
14/07/2015;10:05:00;88;com vítima;195,8;BR-050/GO;Norte;Queda de Moto;;;;1;;;;;;;0;1;;;
15/07/2015;23:30:00;267;sem vítima;28,95;BR-050/MG;Norte;Queda de Moto;;;;1;;;;;;;1;;;;
15/07/2015;13:30:00;150;com vítima;52,36;BR-050/MG;Norte;Colisão Traseira;;;1;;;;;;;1;1;;;;1
16/07/2015;02:17:00;10;sem vítima;50;BR-050/MG;Norte;Atropelamento - Animal;1;;;;;;;;;;1;;;;
16/07/2015;02:17:00;9;sem vítima;50,08;BR-050/MG;Sul;Atropelamento - Animal;2;;;;;;;;;;2;;;;
16/07/2015;02:17:00;7;sem vítima;50,1;BR-050/MG;Norte;Atropelamento - Animal;1;;;;;;;;;;3;;;;
16/07/2015;21:04:00;243;com vítima;273,8;BR-050/GO;Sul;Atropelamento - Morador;;;1;;;;;;;;1;;;;1
16/07/2015;17:17:00;177;sem vítima;282,9;BR-050/GO;Sul;Colisão Lateral;2;;1;;;;;;;;3;;;;
17/07/2015;13:07:00;126;sem vítima;26,7;BR-050/MG;Sul;Saida de Pista;1;;;;;;;;;;1;;;;
17/07/2015;15:08:00;149;com vítima;114,4;BR-050/GO;Norte;Colisão Traseira;;;2;;;;;;;;1;;;;1
17/07/2015;18:52:00;199;com vítima;154,3;BR-050/GO;Norte;Colisão Transversal;1;;2;;;;;;;;2;4;1;;
17/07/2015;08:27:00;63;com vítima;262,15;BR-050/GO;Norte;Colisão Transversal;2;;;;;;;;;;1;1;1;;
17/07/2015;06:25:00;18;sem vítima;273,3;BR-050/GO;Sul;Colisão Lateral;;;1;;;;;;;1;2;;;;
17/07/2015;07:21:00;38;sem vítima;276,6;BR-050/GO;Sul;Choque - Objeto sobre a pista;1;;1;;;;;;;1;3;;;;
17/07/2015;16:48:00;174;sem vítima;278,7;BR-050/GO;Norte;Colisão Traseira;1;;;;1;;;;;;26;;;;
18/07/2015;07:23:00;53;com vítima;36;BR-050/MG;Norte;Saida de Pista;1;;;;;;;;;;1;;1;;
18/07/2015;04:52:00;17;sem vítima;103,2;BR-050/MG;Sul;Saida de Pista;;;;;;;;;;1;2;;;;
18/07/2015;06:12:00;27;com vítima;174,2;BR-050/MG;Sul;Choque - Defensa, barreira ou meio fio;1;;;;;;;;;;0;1;;;
18/07/2015;02:36:00;13;com vítima;98,3;BR-050/GO;Sul;Colisão Transversal;;;;2;;;;;;;0;2;;;
20/07/2015;11:05:00;99;sem vítima;91,9;BR-050/MG;Norte;Choque - Arvore;1;;;;;;;;;;1;;;;
20/07/2015;21:48:00;225;sem vítima;137;BR-050/MG;Sul;Colisão Traseira;;;2;;;;;;;;2;;;;
20/07/2015;06:55:00;28;com vítima;278,8;BR-050/GO;Norte;Colisão Traseira;1;;;1;;;;;;;1;;1;;
20/07/2015;10:20:00;96;sem vítima;281,3;BR-050/GO;Sul;Colisão Traseira;1;;;;;;;;;1;4;;;;
20/07/2015;11:51:00;116;com vítima;171,3;BR-050/MG;Sul;Choque - Defensa, barreira ou meio fio;1;;;;;;;;;;0;1;;;
20/07/2015;18:53:00;170;sem vítima;180;BR-050/MG;Sul;Engavetamento;3;;;;;;;;;;3;;;;
21/07/2015;09:12:00;100;com vítima;264,4;BR-050/GO;Sul;Colisão Lateral;1;;;1;;;;;;;2;2;;;
22/07/2015;22:48:00;242;sem vítima;123,63;BR-050/MG;Sul;Saida de Pista;1;;;;;;;;;;4;;;;
22/07/2015;21:37:00;233;sem vítima;246;BR-050/GO;Sul;Colisão Transversal;;;2;;;;;;;;2;;;;
22/07/2015;15:00:00;136;com vítima;172,8;BR-050/MG;Norte;Queda de Ciclista;;1;;;;;;;;;0;1;;;
22/07/2015;10:16:00;97;com vítima;306,4;BR-050/GO;Sul;Tombamento;;;2;;;;;;;;1;;1;;
22/07/2015;08:51:00;81;sem vítima;180;BR-050/MG;Norte;Colisão Lateral;1;;1;;;;;;;;5;;;;
23/07/2015;04:15:00;16;sem vítima;180;BR-050/MG;Norte;Capotamento;1;;;;;;;;;;1;;;;
23/07/2015;09:17:00;82;com vítima;206,4;BR-050/MG;Norte;Colisão Traseira;;;;2;;;;;;;0;;2;;
24/07/2015;15:49:00;180;com vítima;105,2;BR-050/GO;Sul;Tombamento;;;1;;;;;;;;0;1;;;
24/07/2015;09:54:00;95;com vítima;80,7;BR-050/MG;Norte;Saida de Pista;2;;;;;;;;;;5;;2;;
24/07/2015;07:24:00;63;com vítima;177,83;BR-050/MG;Norte;Queda de Moto;;;;1;;;;;;;1;;1;;
25/07/2015;07:37:00;78;com vítima;47,7;BR-050/MG;Sul;Queda de Moto;;;;1;;;;;;;0;;1;;
25/07/2015;02:32:00;24;sem vítima;158;BR-050/MG;Norte;Choque - Elemento de Drenagem;1;;;;;;;;;;1;;;;
25/07/2015;02:51:00;25;sem vítima;271,05;BR-050/GO;Norte;Saida de Pista;1;;;;;;;;;;1;;;;
25/07/2015;17:38:00;176;com vítima;272,4;BR-050/GO;Sul;Saida de Pista;;;;1;;;;;;;0;;1;;
26/07/2015;17:18:00;139;com vítima;3,8;BR-050/MG;Sul;Choque - Defensa, barreira ou meio fio;;;;1;;;;;;;0;;1;;
26/07/2015;07:58:00;49;sem vítima;51;BR-050/MG;Sul;Choque - Defensa, barreira ou meio fio;1;;1;;;;;;;;5;;;;
26/07/2015;15:19:00;120;com vítima;195,78;BR-050/MG;Sul;Queda de Moto;;;;1;;;;;;;0;;;1;
27/07/2015;19:26:00;227;com vítima;57,9;BR-050/MG;Norte;Capotamento;;;1;;;;;;;;0;;1;;
27/07/2015;18:37:00;206;sem vítima;110,84;BR-050/MG;Norte;Choque - Elemento de Drenagem;1;;;;;;;;;;2;;;;
27/07/2015;15:09:00;162;sem vítima;280,6;BR-050/GO;Norte;Colisão Transversal;;;;1;;1;;;;;3;;;;
28/07/2015;23:44:00;254;sem vítima;21,5;BR-050/MG;Norte;Colisão Lateral;;;2;;;;;;;;2;;;;
28/07/2015;00:41:00;5;sem vítima;185,8;BR-050/GO;Norte;Saida de Pista;;;1;;;;;;;;1;;;;
28/07/2015;08:02:00;64;com vítima;279,8;BR-050/GO;Norte;Colisão Lateral;1;;;1;;;;;;;2;1;;;
29/07/2015;16:06:00;155;sem vítima;13,73;BR-050/MG;Sul;Choque - Veiculo parado na pista;1;;;;;;;;;1;2;;;;
29/07/2015;15:25:00;146;sem vítima;51;BR-050/MG;Sul;Choque - Veiculo parado na pista;;;2;;;;;;;;2;;;;
30/07/2015;06:34:00;21;sem vítima;280,6;BR-050/GO;Norte;Colisão Transversal;2;;;;;;;;;;2;;;;
30/07/2015;13:52:00;130;sem vítima;177,1;BR-050/MG;Sul;Tombamento;;;1;;;;;;;;1;;;;
30/07/2015;13:59:00;131;sem vítima;177,7;BR-050/MG;Sul;Colisão Traseira;2;;;;;;;;;;2;;;;
31/07/2015;06:58:00;37;sem vítima;3,8;BR-050/MG;Sul;Saida de Pista;;;;;;;;;;1;1;;;;
31/07/2015;17:14:00;218;com vítima;78,22;BR-050/MG;Norte;Queda de Moto;;;;1;;;;;;;0;1;1;;
31/07/2015;00:41:00;9;sem vítima;110;BR-050/MG;Norte;Choque - Suporte de Sinalização;1;;;;;;;;;;2;;;;
31/07/2015;18:41:00;232;com vítima;202,3;BR-050/MG;Norte;Capotamento;1;;;;;;;;;;0;;1;;
01/08/2015;12:36:00;110;sem vítima;3,6;BR-050/MG;Sul;Queda de Moto;;;;1;;;;;;;1;;;;
01/08/2015;22:01:00;227;sem vítima;65;BR-050/MG;Norte;Queda de Moto;;;;1;;;;;;;1;;;;
01/08/2015;16:26:00;148;sem vítima;78,4;BR-050/MG;Norte;Capotamento;;;;;;;;;;1;2;;;;
01/08/2015;06:05:00;22;com vítima;78,8;BR-050/MG;Norte;Capotamento;1;;;;;;;;;;0;;;1;
02/08/2015;19:48:00;214;com vítima;195;BR-050/GO;Sul;Colisão Frontal;1;;;1;;;;;;;1;;;;1
03/08/2015;15:36:00;163;sem vítima;37,7;BR-050/MG;Sul;Choque - Elemento de Drenagem;1;;;;;;;;;;1;;;;
03/08/2015;20:10:00;232;sem vítima;105,4;BR-050/GO;Norte;Saida de Pista;1;;;;;;;;;;1;;;;
04/08/2015;18:04:00;182;sem vítima;37;BR-050/MG;Sul;Choque - Poste;1;;;;;;;;;;1;;;;
04/08/2015;20:30:00;196;sem vítima;174;BR-050/MG;Norte;Saida de Pista;1;;;;;;;;;;3;;;;
04/08/2015;04:49:00;28;sem vítima;176,68;BR-050/MG;Sul;Saida de Pista;1;;;;;;;;;;1;;;;
04/08/2015;13:39:00;145;com vítima;177,5;BR-050/MG;Sul;Tombamento;;;1;;;;;;;;0;;1;;
05/08/2015;09:40:00;81;sem vítima;115,08;BR-050/GO;Sul;Saida de Pista;1;;;;;;;;;;1;;;;
05/08/2015;19:17:00;174;com vítima;84,95;BR-050/MG;Sul;Atropelamento - Andarilho;;;;1;;;;;;;0;;2;;
05/08/2015;20:31:00;187;sem vítima;207,1;BR-050/GO;Norte;Saida de Pista;1;;;;;;;;;;2;;;;
05/08/2015;17:20:00;160;sem vítima;200,06;BR-050/MG;Norte;Saida de Pista;1;;;;;;;;;;2;;;;
06/08/2015;16:32:00;164;sem vítima;44,7;BR-050/MG;Norte;Colisão Traseira;1;;;1;;;;;;;4;;;;
06/08/2015;18:12:00;193;sem vítima;117,35;BR-050/MG;Sul;Capotamento;1;;;;;;;;;;1;;;;
06/08/2015;12:17:00;131;com vítima;135,5;BR-050/MG;Norte;Capotamento;1;;;;;;;;;;0;;1;;
07/08/2015;21:24:00;253;sem vítima;0,3;BR-050/MG;Sul;Carreta deu L;;;1;;;;;;;;1;;;;
07/08/2015;23:50:00;273;sem vítima;42;BR-050/MG;Norte;Saida de Pista;1;;;;;;;;;;1;;;;
07/08/2015;06:16:00;24;sem vítima;115,5;BR-050/GO;Norte;Colisão Lateral;;;2;;;;;;;;2;;;;
07/08/2015;13:31:00;143;sem vítima;157,2;BR-050/GO;Sul;Saida de Pista;;;1;;;;;;;;1;;;;
07/08/2015;13:52:00;150;sem vítima;122;BR-050/MG;Norte;Capotamento;1;;;;;;;;;;1;;;;
07/08/2015;22:30:00;262;com vítima;151,71;BR-050/MG;Norte;Colisão Traseira;;;2;;;;;;;;1;1;;;
08/08/2015;07:21:00;56;com vítima;9,08;BR-050/MG;Sul;Capotamento;;;;;;;;;;1;0;2;;;
08/08/2015;23:50:00;248;com vítima;152,63;BR-050/MG;Norte;Colisão Traseira;;;1;;;;;;;1;2;;;;1
08/08/2015;12:42:00;122;sem vítima;176,7;BR-050/MG;Norte;Choque - Defensa, barreira ou meio fio;1;;;;;;;;;;2;;;;
09/08/2015;18:18:00;140;com vítima;35,35;BR-050/MG;Sul;Capotamento;1;;;;;;;;;;1;1;3;;
09/08/2015;21:41:00;204;com vítima;242,7;BR-050/GO;Sul;Capotamento;1;;;;;;;;;;1;1;;1;
10/08/2015;16:06:00;153;com vítima;1,3;BR-050/MG;Norte;Choque - Defensa, barreira ou meio fio;;;1;;;;;;;;0;1;;;
10/08/2015;20:42:00;243;sem vítima;281;BR-050/GO;Norte;Colisão Traseira;;;2;;;;;;;;2;;;;
11/08/2015;21:49:00;219;sem vítima;219,5;BR-050/GO;Sul;Atropelamento - Animal;;;1;;;;;;;;1;;;;
11/08/2015;16:57:00;162;com vítima;246,2;BR-050/GO;Norte;Colisão Transversal;;;1;1;;;;;;;1;1;;;
12/08/2015;12:42:00;138;sem vítima;0,6;BR-050/MG;Norte;Tombamento;;;1;;;;;;;;1;;;;
12/08/2015;20:55:00;255;com vítima;77;BR-050/MG;Norte;Choque - Defensa, barreira ou meio fio;;;;1;;;;;;;0;;2;;
13/08/2015;20:42:00;264;com vítima;137,8;BR-050/GO;Norte;Choque - Objeto sobre a pista;;;;1;;;;;;;0;1;;;
14/08/2015;10:20:00;89;com vítima;4;BR-050/MG;Sul;Choque - Defensa, barreira ou meio fio;;;;1;;;;;;;0;1;;;
14/08/2015;19:57:00;228;com vítima;281,2;BR-050/GO;Sul;Colisão Traseira;1;;;1;;;;;;;1;1;;;
14/08/2015;23:58:00;263;com vítima;174,8;BR-050/MG;Sul;Choque - Defensa, barreira ou meio fio;;;;;;;;;;1;1;;1;;
15/08/2015;17:32:00;169;sem vítima;39;BR-050/MG;Sul;Capotamento;1;;;;;;;;;;4;;;;
15/08/2015;20:54:00;222;com vítima;77,9;BR-050/MG;Sul;Colisão Traseira;2;;;;;;;;;;1;;2;;
15/08/2015;17:56:00;174;com vítima;172,6;BR-050/MG;Norte;Queda de Moto;;;;1;;;;;;;0;;1;;
15/08/2015;10:38:00;94;com vítima;306,2;BR-050/GO;Sul;Choque - Defensa, barreira ou meio fio;;;1;;;;;;;;0;1;1;;
15/08/2015;20:44:00;221;com vítima;97,3;BR-050/GO;Sul;Colisão Frontal;2;;;;;;;;;;2;1;;;
15/08/2015;05:51:00;17;com vítima;191,2;BR-050/MG;Sul;Colisão Traseira;1;;;1;;;;;;;1;1;;;
16/08/2015;17:50:00;129;sem vítima;243;BR-050/GO;Norte;Colisão Traseira;1;;;1;;;;;;;2;;;;
16/08/2015;17:23:00;123;com vítima;265,1;BR-050/GO;Norte;Colisão Transversal;;;;1;;;;;;1;1;2;;1;1
17/08/2015;11:03:00;96;sem vítima;29,6;BR-050/MG;Norte;Tombamento;;;1;;;;;;;;1;;;;
17/08/2015;18:00:00;163;com vítima;96,5;BR-050/MG;Norte;Colisão Lateral;1;;1;;;;;;;;1;1;;;
17/08/2015;07:01:00;35;com vítima;113,73;BR-050/MG;Norte;Capotamento;1;;;;;;;;;;1;;3;;
17/08/2015;19:09:00;179;com vítima;279;BR-050/GO;Norte;Colisão Transversal;1;;;1;;;;;;;2;1;;;
17/08/2015;21:40:00;215;sem vítima;196,4;BR-050/MG;Norte;Colisão Traseira;;;2;;;;;;;;2;;;;
18/08/2015;06:04:00;24;com vítima;64,5;BR-050/MG;Sul;Queda de Moto;;;;1;;;;;;;0;1;;;
19/08/2015;22:46:00;251;sem vítima;41,6;BR-050/MG;Sul;Queda de Moto;;;;1;;;;;;;2;;;;
19/08/2015;06:36:00;22;com vítima;93;BR-050/MG;Sul;Tombamento;;;;;;;;;;1;8;4;;;
19/08/2015;18:25:00;204;com vítima;279;BR-050/GO;Norte;Colisão Transversal;1;;;1;;;;;;;1;;;1;
20/08/2015;07:44:00;60;sem vítima;62;BR-050/MG;Norte;Saida de Pista;;;;;;;;;;1;1;;;;
21/08/2015;23:36:00;303;sem vítima;162;BR-050/MG;Sul;Capotamento;1;;;;;;;;;;1;;;;
21/08/2015;13:47:00;167;com vítima;280,5;BR-050/GO;Sul;Colisão Transversal;1;;;1;;;;;;;1;1;;;
21/08/2015;19:18:00;263;com vítima;283;BR-050/GO;Norte;Colisão Lateral;2;;;;;;;;;;0;2;1;1;
21/08/2015;20:56:00;282;com vítima;183,95;BR-050/MG;Sul;Choque - Defensa, barreira ou meio fio;1;;;;;;;;;;1;1;;;
22/08/2015;05:41:00;19;sem vítima;180;BR-050/MG;Sul;Choque - Defensa, barreira ou meio fio;1;;;;;;;;;;1;;;;
23/08/2015;17:57:00;150;sem vítima;48,1;BR-050/MG;Norte;Choque - Defensa, barreira ou meio fio;1;;;;;;;;;;5;;;;
23/08/2015;11:37:00;91;com vítima;109;BR-050/GO;Norte;Capotamento;1;;;;;;;;;;0;;3;;
23/08/2015;05:09:00;14;com vítima;111,72;BR-050/MG;Norte;Colisão Lateral;1;;;;;;;;;;1;;1;;
23/08/2015;07:29:00;53;com vítima;124,3;BR-050/MG;Norte;Capotamento;1;;;;;;;;;;0;2;;;
24/08/2015;13:51:00;163;com vítima;109,3;BR-050/MG;Norte;Capotamento;1;;;;;;;;;;0;;;1;
25/08/2015;17:00:00;191;sem vítima;279,5;BR-050/GO;Sul;Colisão Transversal;2;;;;;;;;;;3;;;;
25/08/2015;11:17:00;140;sem vítima;176,4;BR-050/MG;Norte;Tombamento;;;1;;;;;;;;1;;;;
25/08/2015;17:22:00;200;sem vítima;182,5;BR-050/MG;Norte;Colisão Traseira;;;;1;;1;;;;;2;;;;
27/08/2015;08:51:00;110;sem vítima;15,6;BR-050/MG;Norte;Saida de Pista;1;;;;;;;;;;1;;;;
27/08/2015;11:06:00;151;com vítima;109,95;BR-050/GO;Norte;Choque - Defensa, barreira ou meio fio;1;;;;;;;;;;0;1;1;;
27/08/2015;11:12:00;152;sem vítima;128;BR-050/MG;Norte;Colisão Lateral;1;;1;;;;;;;;3;;;;
27/08/2015;16:58:00;206;com vítima;148;BR-050/MG;Sul;Capotamento;1;;;;;;;;;;0;;1;;
27/08/2015;02:22:00;10;sem vítima;205,4;BR-050/GO;Norte;Atropelamento - Animal;;;1;;;;;;;;1;;;;
27/08/2015;18:34:00;225;sem vítima;178,75;BR-050/MG;Norte;Colisão Traseira;1;;1;;;;;;;;3;;;;
27/08/2015;18:46:00;227;sem vítima;179,8;BR-050/MG;Norte;Colisão Traseira;2;;;;;;;;;;3;;;;
28/08/2015;13:58:00;160;com vítima;6;BR-050/MG;Norte;Capotamento;1;;;;;;;;;;0;;1;;
29/08/2015;20:19:00;241;sem vítima;0,1;BR-050/MG;Norte;Capotamento;1;;;;;;;;;;1;;;;
29/08/2015;01:07:00;5;sem vítima;92,474;BR-050/MG;Sul;Choque - Defensa, barreira ou meio fio;;;1;;;;;;;;1;;;;
29/08/2015;22:43:00;256;sem vítima;144,3;BR-050/GO;Sul;Colisão Lateral;1;;;;1;;;;;;22;;;;
29/08/2015;03:53:00;18;com vítima;176,8;BR-050/MG;Sul;Capotamento;1;;;;;;;;;;0;;1;;
30/08/2015;21:49:00;221;sem vítima;155,4;BR-050/MG;Norte;Choque - Elemento de Drenagem;1;;;;;;;;;;1;;;;
31/08/2015;16:06:00;153;sem vítima;2,2;BR-050/MG;Sul;Saida de Pista;1;;;;;;;;;;4;;;;
31/08/2015;04:11:00;12;sem vítima;28;BR-050/MG;Norte;Saida de Pista;1;;;;;;;;;;3;;;;
31/08/2015;04:05:00;10;com vítima;35,15;BR-050/MG;Sul;Capotamento;1;;;;;;;;;;0;;;2;
31/08/2015;04:15:00;13;com vítima;39,2;BR-050/MG;Sul;Capotamento;;;;;;;;;;1;0;2;;;
31/08/2015;21:25:00;216;sem vítima;52,09;BR-050/MG;Sul;Choque - Elemento de Drenagem;1;;;;;;;;;;1;;;;
31/08/2015;15:52:00;151;sem vítima;152,12;BR-050/MG;Sul;Colisão Traseira;;;1;;;;;;;1;3;;;;
01/09/2015;22:40:00;283;com vítima;35,05;BR-050/MG;Sul;Choque - Elemento de Drenagem;1;;;;;;;;;;0;1;;;
01/09/2015;00:56:00;4;com vítima;38,2;BR-050/MG;Sul;Saida de Pista;1;;;;;;;;;;1;1;;;
01/09/2015;15:12:00;169;sem vítima;79,18;BR-050/MG;Sul;Capotamento;1;;;;;;;;;;1;;;;
02/09/2015;00:13:00;1;com vítima;49,9;BR-050/MG;Norte;Atropelamento - Andarilho;;;1;;;;;;;;3;;;;1
02/09/2015;02:40:00;14;sem vítima;140,44;BR-050/GO;Norte;Colisão Traseira;;;2;;;;;;;;2;;;;
02/09/2015;04:18:00;23;sem vítima;263;BR-050/GO;Sul;Saida de Pista;;;;;;;;;;1;4;;;;
02/09/2015;06:53:00;44;com vítima;274;BR-050/GO;Norte;Colisão Transversal;1;;;1;;;;;;;1;2;;;
02/09/2015;18:49:00;230;com vítima;171,3;BR-050/MG;Sul;Colisão Traseira;1;;1;;;;;;;;1;;1;1;
03/09/2015;21:09:00;282;sem vítima;29;BR-050/MG;Sul;Colisão Traseira;;;2;;;;;;;;3;;;;
03/09/2015;18:43:00;232;sem vítima;61;BR-050/MG;Norte;Choque - Defensa, barreira ou meio fio;1;;;;;;;;;;1;;;;
03/09/2015;07:35:00;69;sem vítima;170,6;BR-050/MG;Norte;Colisão Traseira;1;;1;;;;;;;;5;;;;
04/09/2015;20:42:00;311;sem vítima;60,5;BR-050/MG;Norte;Colisão Traseira;;;2;;;;;;;;3;;;;
04/09/2015;10:43:00;154;sem vítima;81;BR-050/MG;Sul;Queda de Moto;;;;1;;;;;;;1;;;;
04/09/2015;16:22:00;228;com vítima;102,3;BR-050/MG;Sul;Tombamento;;;;;;;;;;1;1;1;;;
04/09/2015;10:52:00;158;sem vítima;231;BR-050/GO;Sul;Tombamento;;;1;;;;;;;;1;;;;
05/09/2015;20:26:00;261;com vítima;256;BR-050/GO;Norte;Atropelamento - Animal;1;;;;;;;;;;4;1;;;
05/09/2015;18:42:00;227;com vítima;280;BR-050/GO;Sul;Colisão Lateral;1;1;;;;;;;;;1;1;;;
06/09/2015;19:23:00;185;com vítima;273;BR-050/GO;Sul;Capotamento;1;;;;;;;;;;0;;1;;
07/09/2015;14:21:00;129;com vítima;80,1;BR-050/MG;Sul;Queda de Moto;;;;1;;;;;;;0;;1;;
07/09/2015;06:53:00;37;sem vítima;113,3;BR-050/MG;Sul;Saida de Pista;1;;;;;;;;;;1;;;;
07/09/2015;10:07:00;94;sem vítima;154,49;BR-050/MG;Norte;Capotamento;1;;;;;;;;;;1;;;;
08/09/2015;21:46:00;241;sem vítima;16,4;CONTORNO;Norte;Capotamento;1;;;;;;;;;;5;;;;
08/09/2015;13:59:00;141;com vítima;25,1;BR-050/MG;Sul;Saida de Pista;1;;;;;;;;;;2;1;;;
08/09/2015;05:57:00;22;com vítima;89,5;BR-050/MG;Norte;Colisão Lateral;;;;1;;;;;;1;1;;1;;
08/09/2015;18:24:00;192;sem vítima;161,8;BR-050/MG;Norte;Carreta deu L;;;1;;;;;;;;1;;;;
08/09/2015;09:19:00;99;com vítima;180;BR-050/MG;Norte;Colisão Lateral;;;;1;;;;;;1;1;1;;;
09/09/2015;08:12:00;79;com vítima;6;BR-050/MG;Norte;Capotamento;1;;1;;;;;;;;1;1;;;
09/09/2015;15:52:00;167;sem vítima;177,6;BR-050/MG;Sul;Colisão Traseira;;;2;;;;;;;;2;;;;
10/09/2015;05:30:00;28;sem vítima;2;BR-050/MG;Sul;Choque - Suporte de Sinalização;;;1;;;;;;;;1;;;;
10/09/2015;16:13:00;155;com vítima;199;BR-050/GO;Sul;Colisão Transversal;1;;1;;;;;;;;3;;;1;
11/09/2015;22:07:00;280;com vítima;140,75;BR-050/GO;Sul;Capotamento;;;;;;;;;;1;0;;1;;
11/09/2015;18:59:00;237;sem vítima;129,62;BR-050/MG;Norte;Saida de Pista;1;;;;;;;;;;1;;;;
11/09/2015;11:37:00;158;com vítima;177,3;BR-050/MG;Norte;Capotamento;;;;;;;;;;1;0;1;;;
11/09/2015;11:42:00;161;sem vítima;192,5;BR-050/MG;Norte;Choque - Defensa, barreira ou meio fio;;;;;;;;;;1;1;;;;
12/09/2015;20:12:00;223;sem vítima;45,8;BR-050/MG;Norte;Saida de Pista;1;;;;;;;;;;1;;;;
12/09/2015;05:35:00;10;com vítima;78,34;BR-050/MG;Norte;Colisão Traseira;;;3;;;;;;;;1;;1;1;
12/09/2015;19:01:00;198;com vítima;78,91;BR-050/MG;Sul;Capotamento;1;;;;;;;;;;0;;;1;
12/09/2015;07:20:00;44;sem vítima;135,5;BR-050/GO;Sul;Colisão Traseira;1;;1;;;;;;;;5;;;;
12/09/2015;17:02:00;161;sem vítima;84;BR-050/MG;Sul;Saida de Pista;1;;;;;;;;;;1;;;;
13/09/2015;01:10:00;7;com vítima;33;BR-050/MG;Sul;Choque - Elemento de Drenagem;1;;;;;;;;;;0;3;;;
13/09/2015;13:29:00;122;sem vítima;156;BR-050/MG;Norte;Colisão Frontal;2;;;;;;;;;;5;;;;
13/09/2015;05:01:00;18;sem vítima;283;BR-050/GO;Norte;Queda de Moto;;;;1;;;;;;;2;;;;
13/09/2015;05:29:00;20;sem vítima;176,2;BR-050/MG;Sul;Choque - Defensa, barreira ou meio fio;1;;;;;;;;;;1;;;;
13/09/2015;20:26:00;238;com vítima;176,2;BR-050/MG;Norte;Colisão Traseira;1;;1;;;;;;;;2;3;;;
13/09/2015;05:44:00;21;com vítima;98,8;BR-050/GO;Sul;Choque - Defensa, barreira ou meio fio;;;;1;;;;;;;0;1;;;
14/09/2015;10:38:00;129;com vítima;295;BR-050/GO;Sul;Capotamento;;;;;;;;;;1;0;1;;;
15/09/2015;16:40:00;180;sem vítima;2,1;BR-050/MG;Sul;Colisão Lateral;1;;1;;;;;;;;5;;;;
15/09/2015;16:01:00;177;com vítima;80,2;BR-050/MG;Norte;Queda de Moto;;;;1;;;;;;;0;1;;;
15/09/2015;06:20:00;32;sem vítima;81;BR-050/MG;Norte;Choque - Defensa, barreira ou meio fio;1;;;;;;;;;;1;;;;
15/09/2015;14:37:00;164;com vítima;268,9;BR-050/GO;Norte;Queda de Moto;;;;1;;;;;;;0;1;;;
16/09/2015;19:03:00;258;sem vítima;35,15;BR-050/MG;Norte;Saida de Pista;;;;;1;;;;;;1;;;;
17/09/2015;19:21:00;270;com vítima;172,2;BR-050/MG;Sul;Queda de Moto;;;;1;;;;;;;0;;2;;
18/09/2015;14:07:00;164;com vítima;10,9;CONTORNO;Sul;Colisão Traseira;1;;1;;;;;;;;1;;1;2;
18/09/2015;20:31:00;282;sem vítima;41,5;BR-050/MG;Sul;Choque - Defensa, barreira ou meio fio;;;;;;;;;;1;2;;;;
18/09/2015;19:02:00;254;com vítima;280;BR-050/GO;Sul;Colisão Transversal;2;;;;;;;;;;1;1;;;
19/09/2015;20:47:00;275;sem vítima;41;BR-050/MG;Norte;Choque - Defensa, barreira ou meio fio;1;;;;;;;;;;2;;;;
19/09/2015;04:42:00;34;com vítima;137,6;BR-050/MG;Norte;Capotamento;;;;;;;;;;1;0;;2;;
20/09/2015;01:55:00;5;sem vítima;57,5;BR-050/MG;Norte;Colisão Traseira;;;;;;1;;;;1;2;;;;
20/09/2015;03:35:00;11;sem vítima;101;BR-050/GO;Sul;Choque - Elemento de Drenagem;1;;;;;;;;;;5;;;;
20/09/2015;16:44:00;192;sem vítima;81;BR-050/MG;Norte;Queda de Moto;;;;1;;;;;;;1;;;;
20/09/2015;12:31:00;129;sem vítima;182,24;BR-050/MG;Norte;Colisão Traseira;2;;;;;;;;;;1;;;;
20/09/2015;06:12:00;27;sem vítima;189,5;BR-050/MG;Norte;Capotamento;1;;;;;;;;;;1;;;;
21/09/2015;16:26:00;187;com vítima;5;BR-050/MG;Sul;Capotamento;;;;;;;;;;1;2;;1;;
21/09/2015;20:11:00;259;sem vítima;86,5;BR-050/MG;Sul;Colisão Traseira;;;2;;;;;;;;2;;;;
21/09/2015;08:40:00;99;com vítima;155,4;BR-050/MG;Sul;Capotamento;1;;;;;;;;;;0;;1;;
21/09/2015;11:53:00;136;sem vítima;278;BR-050/GO;Sul;Colisão Transversal;;;;;;;;;;2;2;;;;
22/09/2015;21:46:00;311;sem vítima;105;BR-050/MG;Sul;Choque - Veiculo parado na pista;1;;1;;;;;;;;4;;;;
22/09/2015;19:44:00;296;sem vítima;173;BR-050/MG;Norte;Choque - Defensa, barreira ou meio fio;1;;;;;;;;;;1;;;;
22/09/2015;07:38:00;82;sem vítima;312,12;BR-050/GO;Sul;Colisão Transversal;1;;1;;;;;;;;3;;;;
22/09/2015;18:27:00;259;sem vítima;183,8;BR-050/MG;Norte;Choque - Defensa, barreira ou meio fio;1;;;;;;;;;;1;;;;
23/09/2015;15:22:00;218;com vítima;83,1;BR-050/MG;Norte;Atropelamento - Funcionário;;;3;;;;;;;;2;;;;2
23/09/2015;09:46:00;146;sem vítima;122;BR-050/MG;Norte;Saida de Pista;;;1;;;;;;;;1;;;;
23/09/2015;18:31:00;263;com vítima;281,8;BR-050/GO;Norte;Colisão Frontal;;;;1;;;;;;1;1;1;;;