data;horario;n_da_ocorrencia;tipo_de_ocorrencia;km;trecho;sentido;tipo_de_acidente;automovel;bicicleta;caminhao;moto;onibus;outros;tracao_animal;transporte_de_cargas_especiais;trator_maquinas;utilitarios;ilesos;levemente_feridos;moderadamente_feridos;gravemente_feridos;mortos
24/09/2015;07:21:00;67;sem vítima;16,6;BR-050/MG;Sul;Saida de Pista;1;;;;;;;;;;4;;;;
24/09/2015;22:11:00;303;sem vítima;61,5;BR-050/MG;Norte;Choque - Suporte de Sinalização;;;;;;;;;;1;1;;;;
24/09/2015;01:37:00;5;sem vítima;87,68;BR-050/MG;Norte;Capotamento;1;;;;;;;;;;3;;;;
24/09/2015;21:02:00;295;com vítima;134,74;BR-050/MG;Sul;Capotamento;1;;;;;;;;;;0;;5;;
25/09/2015;08:48:00;88;sem vítima;20,8;CONTORNO;Sul;Colisão Lateral;2;;;;;;;;;;4;;;;
25/09/2015;18:51:00;260;sem vítima;51,6;BR-050/MG;Sul;Colisão Lateral;1;;1;;;;;;;;5;;;;
26/09/2015;06:57:00;46;sem vítima;23,1;BR-050/MG;Sul;Saida de Pista;1;;;;;;;;;;4;;;;
26/09/2015;23:28:00;275;sem vítima;50,5;BR-050/MG;Norte;Capotamento;1;;;;;;;;;;1;;;;
26/09/2015;17:31:00;191;com vítima;50,7;BR-050/MG;Sul;Queda de Moto;;;;1;;;;;;;1;;1;;
26/09/2015;18:57:00;217;com vítima;101;BR-050/GO;Sul;Colisão Lateral;1;;;1;;;;;;;1;;;2;
26/09/2015;02:29:00;12;com vítima;200;BR-050/GO;Norte;Capotamento;;;;;;;;;;1;0;1;;1;
27/09/2015;17:22:00;205;sem vítima;3,75;BR-050/MG;Sul;Choque - Defensa, barreira ou meio fio;1;;;;;;;;;;1;;;;
27/09/2015;21:48:00;281;com vítima;38;BR-050/MG;Sul;Colisão Traseira;1;;;1;;;;;;;1;1;1;;
27/09/2015;00:00:00;3;com vítima;50,6;BR-050/MG;Sul;Choque - Veiculo parado na pista;1;;;;;;;;;;3;1;;;
27/09/2015;17:36:00;209;sem vítima;60,03;BR-050/MG;Sul;Saida de Pista;1;;;;;;;;;;4;;;;
27/09/2015;17:24:00;206;sem vítima;111;BR-050/MG;Sul;Capotamento;1;;;;;;;;;;1;;;;
27/09/2015;15:30:00;182;sem vítima;179,3;BR-050/MG;Norte;Queda de Moto;;;;1;;;;;;1;2;;;;
28/09/2015;03:48:00;14;sem vítima;36;BR-050/MG;Norte;Choque - Defensa, barreira ou meio fio;;;;;1;;;;;;1;;;;
28/09/2015;19:18:00;230;sem vítima;41,3;BR-050/MG;Sul;Choque - Defensa, barreira ou meio fio;1;;;;;;;;;;2;;;;
28/09/2015;16:32:00;192;com vítima;47,8;BR-050/MG;Sul;Saida de Pista;;;1;;;;;;;;0;;1;;
28/09/2015;16:46:00;195;com vítima;48,3;BR-050/MG;Norte;Saida de Pista;1;;;;;;;;;;0;1;;;
28/09/2015;06:57:00;40;sem vítima;53;BR-050/MG;Norte;Saida de Pista;1;;;;;;;;;;1;;;;
28/09/2015;07:04:00;50;sem vítima;173,84;BR-050/MG;Norte;Tombamento;;;;;;;;;;1;1;;;;
29/09/2015;16:29:00;172;com vítima;117,4;BR-050/GO;Norte;Queda de Moto;;;;1;;;;;;;0;;1;;
29/09/2015;14:05:00;143;sem vítima;140,605;BR-050/MG;Norte;Saida de Pista;;;;;;;;;;1;1;;;;
30/09/2015;10:40:00;104;com vítima;273;BR-050/GO;Norte;Colisão Transversal;1;;;1;;;;;;;2;1;;;
30/09/2015;14:01:00;134;com vítima;98,4;BR-050/GO;Norte;Colisão Transversal;1;;1;;;;;;;;1;1;1;;
01/10/2015;22:52:00;323;com vítima;44,9;BR-050/MG;Sul;Capotamento;1;;;;;;;;;;0;;;1;
02/10/2015;20:11:00;298;sem vítima;82,6;BR-050/MG;Sul;Capotamento;1;;;;;;;;;;2;;;;
02/10/2015;20:47:00;301;sem vítima;133,3;BR-050/GO;Sul;Saida de Pista;1;;;;;;;;;;1;;;;
03/10/2015;18:46:00;221;com vítima;41,32;BR-050/MG;Sul;Capotamento;1;;;;;;;;;;2;;2;;
03/10/2015;19:00:00;232;sem vítima;149,5;BR-050/GO;Norte;Colisão Lateral;;;1;;;;;;;1;2;;;;
03/10/2015;03:27:00;17;sem vítima;166,9;BR-050/MG;Norte;Choque - Barranco;1;;;;;;;;;;1;;;;
03/10/2015;21:02:00;268;com vítima;246;BR-050/GO;Norte;Colisão Lateral;1;;;1;;;;;;;1;;1;1;
04/10/2015;16:13:00;144;sem vítima;10;BR-050/MG;Norte;Choque - Defensa, barreira ou meio fio;1;;;;;;;;;;3;;;;
04/10/2015;20:02:00;204;sem vítima;53;BR-050/MG;Norte;Colisão Transversal;1;;1;;;;;;;;4;;;;
04/10/2015;10:30:00;103;com vítima;111,2;BR-050/GO;Norte;Queda de Moto;;;;1;;;;;;;0;;2;;
04/10/2015;09:17:00;95;sem vítima;77,05;BR-050/MG;Norte;Capotamento;;;;;;;;;;1;1;;;;
04/10/2015;16:17:00;145;sem vítima;269,6;BR-050/GO;Sul;Engavetamento;3;;;;;;;;;;6;;;;
04/10/2015;18:32:00;172;com vítima;280;BR-050/GO;Sul;Atropelamento - Andarilho;;;;1;;;;;;;1;1;;;
06/10/2015;12:37:00;153;sem vítima;48,9;BR-050/MG;Norte;Saida de Pista;1;;;;;;;;;;1;;;;
06/10/2015;20:00:00;254;sem vítima;62,4;BR-050/MG;Sul;Choque - Defensa, barreira ou meio fio;1;;;;;;;;;;1;;;;
06/10/2015;12:04:00;146;sem vítima;132,3;BR-050/MG;Norte;Tombamento;;;1;;;;;;;;1;;;;
06/10/2015;05:26:00;21;sem vítima;161,7;BR-050/MG;Sul;Saida de Pista;1;;;;;;;;;;1;;;;
06/10/2015;14:19:00;163;com vítima;298;BR-050/GO;Norte;Choque - Arvore;1;;;;;;;;;;0;1;;;
07/10/2015;22:11:00;313;sem vítima;54,22;BR-050/MG;Sul;Tombamento;;;1;;;;;;;;1;;;;
07/10/2015;07:25:00;63;sem vítima;180,1;BR-050/GO;Norte;Saida de Pista;;;1;;;;;;;;1;;;;
07/10/2015;15:20:00;191;sem vítima;151,7;BR-050/MG;Norte;Choque - Suporte de Sinalização;;;;;;;;;;1;1;;;;
08/10/2015;00:54:00;3;com vítima;213,3;BR-050/GO;Sul;Colisão Frontal;;;;1;;1;;;;;1;;;1;
09/10/2015;13:56:00;207;com vítima;22,3;BR-050/MG;Sul;Tombamento;;;1;;;;;;;;0;1;;;
09/10/2015;18:21:00;269;com vítima;280;BR-050/GO;Norte;Colisão Lateral;1;;;1;;;;;;;1;1;;;
09/10/2015;16:00:00;236;sem vítima;281;BR-050/GO;Norte;Colisão Transversal;2;;;;;;;;;;3;;;;
09/10/2015;21:29:00;321;com vítima;98,7;BR-050/GO;Norte;Colisão Frontal;1;;1;;;;;;;;1;;;;1
10/10/2015;20:31:00;288;com vítima;20,5;BR-050/MG;Sul;Choque - Veiculo parado na pista;1;;1;;;;;;;;8;1;;;
10/10/2015;09:36:00;123;sem vítima;53;BR-050/MG;Norte;Queda de Moto;;;;1;;;;;;;1;;;;
10/10/2015;20:01:00;284;com vítima;261;BR-050/GO;Norte;Queda de Moto;;;;1;;;;;;;0;1;;;
10/10/2015;18:37:00;251;sem vítima;7,62;CONTORNO;Norte;Saida de Pista;1;;;;;;;;;;3;;;;
11/10/2015;04:30:00;27;sem vítima;34;BR-050/MG;Sul;Saida de Pista;1;;;;;;;;;;4;;;;
11/10/2015;10:52:00;124;com vítima;56;BR-050/MG;Norte;Colisão Traseira;1;;1;;;;;;;;3;1;;;
11/10/2015;06:12:00;37;sem vítima;138,8;BR-050/GO;Norte;Atropelamento - Animal;1;;;;;;;;;;2;;;;
11/10/2015;22:57:00;252;com vítima;280;BR-050/GO;Sul;Queda de Moto;;;;1;;;;;;;0;1;;;
12/10/2015;05:24:00;18;sem vítima;155;BR-050/MG;Sul;Choque - Elemento de Drenagem;1;;;;;;;;;;3;;;;
13/10/2015;07:03:00;46;sem vítima;55,7;BR-050/MG;Sul;Saida de Pista;1;;;;;;;;;;1;;;;
13/10/2015;06:02:00;28;sem vítima;82,55;BR-050/MG;Norte;Saida de Pista;1;;;;;;;;;;1;;;;
13/10/2015;05:34:00;19;com vítima;153,6;BR-050/GO;Norte;Colisão Traseira;;;2;;;;;;;;2;;1;;
13/10/2015;14:25:00;197;com vítima;145;BR-050/MG;Sul;Capotamento;1;;;;;;;;;;0;;;2;
13/10/2015;18:23:00;258;sem vítima;203;BR-050/MG;Sul;Saida de Pista;1;;;;;;;;;;2;;;;
14/10/2015;21:56:00;329;com vítima;178,4;BR-050/MG;Sul;Atropelamento - Morador;1;;;;;;;;;;1;;;1;
15/10/2015;22:30:00;312;sem vítima;80,89;BR-050/MG;Norte;Choque - Defensa, barreira ou meio fio;1;;;;;;;;;;1;;;;
15/10/2015;07:07:00;59;com vítima;106,4;BR-050/MG;Norte;Capotamento;1;;;;;;;;;;0;;2;;
15/10/2015;10:22:00;122;sem vítima;169;BR-050/MG;Norte;Colisão Traseira;;;1;;;;;;;1;2;;;;
15/10/2015;10:33:00;126;com vítima;277,2;BR-050/GO;Sul;Capotamento;;;;;;;;;;1;0;1;;;
16/10/2015;18:48:00;283;sem vítima;60,6;BR-050/MG;Norte;Atropelamento - Animal;1;;;;;;;;;;4;;;;
16/10/2015;10:15:00;126;com vítima;79,2;BR-050/MG;Sul;Colisão Traseira;2;;;;;;;;;;1;;;1;
16/10/2015;12:26:00;154;sem vítima;128,1;BR-050/MG;Norte;Carreta deu L;;;1;;;;;;;;2;;;;
17/10/2015;09:22:00;124;sem vítima;138,1;BR-050/MG;Sul;Saida de Pista;;;1;;;;;;;;1;;;;
18/10/2015;19:31:00;237;sem vítima;15;CONTORNO;Norte;Queda de Moto;;;;1;;;;;;;1;;;;
18/10/2015;23:15:00;279;sem vítima;27,8;BR-050/MG;Norte;Saida de Pista;;;1;;;;;;;;2;;;;
18/10/2015;20:23:00;252;sem vítima;62,2;BR-050/MG;Norte;Saida de Pista;1;;;;;;;;;;2;;;;
18/10/2015;19:48:00;245;com vítima;81,9;BR-050/MG;Norte;Colisão Traseira;1;;1;;;;;;;;2;2;;;
18/10/2015;20:42:00;256;com vítima;82,68;BR-050/MG;Norte;Atropelamento - Usuário;;;;1;;;;;;1;1;;;1;1
18/10/2015;15:08:00;149;com vítima;175,5;BR-050/MG;Norte;Colisão Traseira;1;;;;;;;;;1;3;1;2;;
19/10/2015;07:04:00;50;com vítima;100,2;BR-050/MG;Sul;Capotamento;1;;;;;;;;;;0;;1;;
19/10/2015;22:32:00;318;com vítima;132,2;BR-050/MG;Sul;Capotamento;1;;;;;;;;;;0;;1;;
19/10/2015;12:46:00;158;com vítima;233,3;BR-050/GO;Norte;Capotamento;1;;;;;;;;;;0;1;;;
19/10/2015;18:34:00;253;sem vítima;171,9;BR-050/MG;Sul;Queda de Moto;;;;1;;;;;;;1;;;;
19/10/2015;15:27:00;202;sem vítima;99;BR-050/GO;Sul;Colisão Lateral;1;;1;;;;;;;;2;;;;
21/10/2015;16:07:00;228;sem vítima;10,8;BR-050/MG;Sul;Saida de Pista;1;;;;;;;;;;1;;;;
21/10/2015;18:08:00;252;com vítima;60;BR-050/MG;Sul;Colisão Traseira;1;;1;;;;;;;;1;;1;;
21/10/2015;17:54:00;249;sem vítima;63;BR-050/MG;Norte;Colisão Lateral;1;;1;;;;;;;;2;;;;
22/10/2015;05:55:00;21;sem vítima;34;BR-050/MG;Norte;Colisão Traseira;;;1;;;;;;;1;3;;;;
22/10/2015;20:10:00;303;sem vítima;41,3;BR-050/MG;Sul;Saida de Pista;1;;;;;;;;;;1;;;;
22/10/2015;04:52:00;18;sem vítima;118;BR-050/MG;Norte;Capotamento;1;;;;;;;;;;1;;;;
22/10/2015;09:40:00;126;sem vítima;118,6;BR-050/MG;Sul;Saida de Pista;;;1;;;;;;;;1;;;;
22/10/2015;22:49:00;332;sem vítima;294;BR-050/GO;Norte;Tombamento;;;1;;;;;;;;1;;;;
23/10/2015;11:59:00;132;sem vítima;12,8;CONTORNO;Sul;Choque - Talude;1;;;;;;;;;;1;;;;
23/10/2015;10:59:00;124;sem vítima;14,14;CONTORNO;Norte;Tombamento;;;1;;;;;;;;1;;;;
23/10/2015;08:03:00;80;sem vítima;29,1;BR-050/MG;Norte;Tombamento;;;1;;;;;;;;1;;;;
24/10/2015;16:06:00;161;com vítima;42,6;BR-050/MG;Sul;Queda de Moto;;;;1;;;;;;;0;2;;;
24/10/2015;16:53:00;173;sem vítima;95,4;BR-050/MG;Norte;Saida de Pista;;;1;;;;;;;;1;;;;
24/10/2015;14:13:00;151;com vítima;130;BR-050/MG;Sul;Colisão Traseira;;;2;;;;;;;;0;2;;;
24/10/2015;06:38:00;37;com vítima;186,15;BR-050/MG;Norte;Capotamento;1;;;;;;;;;;0;;1;;
25/10/2015;05:07:00;26;sem vítima;29,8;BR-050/MG;Norte;Choque - Defensa, barreira ou meio fio;1;;;;;;;;;;1;;;;
25/10/2015;13:03:00;122;com vítima;124,8;BR-050/GO;Sul;Queda de Moto;;;;1;;;;;;;0;2;;;
25/10/2015;17:29:00;162;com vítima;81;BR-050/MG;Norte;Queda de Moto;;;;1;;;;;;;0;;1;;
25/10/2015;10:32:00;105;sem vítima;147,42;BR-050/GO;Sul;Capotamento;1;;;;;;;;;;5;;;;
25/10/2015;17:51:00;166;sem vítima;137,5;BR-050/MG;Norte;Saida de Pista;1;;;;;;;;;;2;;;;
26/10/2015;06:47:00;35;sem vítima;47,3;BR-050/MG;Sul;Choque - Talude;1;;;;;;;;;;1;;;;
26/10/2015;15:38:00;192;com vítima;137,94;BR-050/MG;Sul;Queda de Moto;;;;1;;;;;;;0;1;1;;
26/10/2015;07:00:00;49;sem vítima;178,1;BR-050/MG;Sul;Saida de Pista;1;;;;;;;;;;1;;;;
27/10/2015;02:57:00;18;com vítima;54;BR-050/MG;Sul;Capotamento;;;1;;;;;;;;1;;1;;
27/10/2015;22:45:00;300;sem vítima;129;BR-050/GO;Sul;Colisão Traseira;;;2;;;;;;;;2;;;;
27/10/2015;22:11:00;295;com vítima;111,38;BR-050/MG;Norte;Atropelamento - Animal;;;2;;;;;;;;0;;1;;2
27/10/2015;14:34:00;179;sem vítima;118,9;BR-050/MG;Sul;Capotamento;;;;;;;;;;1;4;;;;
28/10/2015;16:32:00;215;com vítima;24,8;BR-050/MG;Norte;Tombamento;;;1;;;;;;;;0;;1;;
28/10/2015;17:28:00;220;sem vítima;47;BR-050/MG;Sul;Capotamento;1;;;;;;;;;;1;;;;
28/10/2015;15:16:00;199;sem vítima;116,6;BR-050/MG;Sul;Capotamento;1;;;;;;;;;;1;;;;
28/10/2015;14:37:00;183;sem vítima;119,62;BR-050/MG;Norte;Capotamento;1;;;;;;;;;;2;;;;
28/10/2015;10:15:00;123;sem vítima;166,58;BR-050/MG;Norte;Colisão Traseira;;;2;;;;;;;;2;;;;
28/10/2015;10:07:00;121;sem vítima;166,7;BR-050/MG;Norte;Choque - Defensa, barreira ou meio fio;;;1;;;;;;;;1;;;;
28/10/2015;10:48:00;133;sem vítima;177,744;BR-050/MG;Sul;Choque - Defensa, barreira ou meio fio;;;1;;;;;;;;1;;;;
28/10/2015;16:44:00;216;com vítima;180;BR-050/MG;Norte;Colisão Frontal;;1;;;;;;;;1;1;;;1;
28/10/2015;15:07:00;195;com vítima;313,1;BR-050/GO;Norte;Choque - Arvore;;;1;;;;;;;;0;;1;;
29/10/2015;11:30:00;147;sem vítima;81,8;BR-050/MG;Norte;Colisão Lateral;;;2;;;;;;;;4;;;;
29/10/2015;09:13:00;110;sem vítima;147,5;BR-050/GO;Sul;Colisão Transversal;2;;;;;;;;;;6;;;;
29/10/2015;14:09:00;184;sem vítima;169;BR-050/MG;Norte;Colisão Traseira;;;2;;;;;;;;3;;;;
29/10/2015;12:07:00;155;com vítima;280,5;BR-050/GO;Norte;Colisão Lateral;1;;1;;;;;;;;2;1;;;
29/10/2015;12:22:00;158;com vítima;293;BR-050/GO;Norte;Queda de Moto;;;;1;;;;;;;0;2;;;
29/10/2015;17:59:00;229;sem vítima;180;BR-050/MG;Sul;Colisão Lateral;1;;;;1;;;;;;12;;;;
30/10/2015;06:37:00;37;com vítima;47;BR-050/MG;Sul;Queda de Moto;;;;1;;;;;;;0;;1;;
30/10/2015;04:36:00;22;sem vítima;64,6;BR-050/MG;Norte;Saida de Pista;1;;;;;;;;;;1;;;;
31/10/2015;01:43:00;18;sem vítima;29;BR-050/MG;Norte;Saida de Pista;1;;;;;;;;;;5;;;;
31/10/2015;20:50:00;255;sem vítima;29;BR-050/MG;Norte;Saida de Pista;1;;;;;;;;;;1;;;;
31/10/2015;21:46:00;268;sem vítima;63,4;BR-050/MG;Sul;Choque - Elemento de Drenagem;1;;;;;;;;;;2;;;;
31/10/2015;08:18:00;90;sem vítima;140,3;BR-050/MG;Norte;Saida de Pista;1;;;;;;;;;;4;;;;
31/10/2015;07:13:00;68;com vítima;168,5;BR-050/MG;Sul;Atropelamento - Sem Informação;1;;;;;;;;;;1;;;;1
31/10/2015;15:40:00;179;com vítima;241,6;BR-050/GO;Norte;Capotamento;1;;;;;;;;;;0;1;;;
31/10/2015;19:36:00;246;com vítima;178,1;BR-050/MG;Sul;Tombamento;1;;;;;;;;;;4;1;;;
31/10/2015;08:30:00;92;sem vítima;95,7;BR-050/GO;Norte;Colisão Traseira;1;;;;;;;;;1;2;;;;
01/11/2015;07:07:00;44;com vítima;178;BR-050/GO;Sul;Choque - Arvore;1;;;;;;;;;;0;;1;1;
01/11/2015;13:30:00;113;com vítima;204,12;BR-050/MG;Sul;Capotamento;1;;;;;;;;;;0;;;1;
02/11/2015;12:36:00;91;com vítima;20,1;CONTORNO;Norte;Queda de Moto;;;;1;;;;;;;0;2;;;
02/11/2015;16:15:00;120;sem vítima;288,7;BR-050/GO;Norte;Saida de Pista;1;;;;;;;;;;2;;;;
04/11/2015;03:21:00;8;sem vítima;54,3;BR-050/MG;Norte;Choque - Defensa, barreira ou meio fio;1;;;;;;;;;;1;;;;
04/11/2015;17:03:00;207;sem vítima;52,5;BR-050/MG;Norte;Tombamento;1;;;;;;;;;;1;;;;
04/11/2015;18:59:00;248;com vítima;280;BR-050/GO;Norte;Colisão Traseira;1;;;1;;;;;;;1;2;;;
05/11/2015;00:41:00;8;sem vítima;163,3;BR-050/MG;Norte;Choque - Elemento de Drenagem;;;1;;;;;;;;1;;;;
05/11/2015;14:18:00;167;sem vítima;200,8;BR-050/GO;Sul;Queda de Moto;;;;1;;;;;;;2;;;;
05/11/2015;15:44:00;187;com vítima;179,15;BR-050/MG;Sul;Queda de Moto;;;;1;;;;;;;0;1;;;
05/11/2015;18:54:00;236;sem vítima;280;BR-050/GO;Sul;Colisão Lateral;2;;;;;;;;;;2;;;;
05/11/2015;22:58:00;303;sem vítima;132,2;BR-050/GO;Norte;Tombamento;;;1;;;;;;;;2;;;;
06/11/2015;04:34:00;19;sem vítima;50,8;BR-050/MG;Norte;Choque - Defensa, barreira ou meio fio;1;;;;;;;;;;2;;;;
06/11/2015;11:04:00;151;sem vítima;304,6;BR-050/GO;Sul;Choque - Suporte de Sinalização;1;;;;;;;;;;1;;;;
06/11/2015;14:06:00;182;sem vítima;56,7;BR-050/MG;Sul;Queda de Moto;;;;1;;;;;;;2;;;;
06/11/2015;15:07:00;192;sem vítima;107,9;BR-050/GO;Norte;Saida de Pista;;;;;;;;;;1;1;;;;
06/11/2015;17:29:00;219;sem vítima;29,9;BR-050/MG;Sul;Saida de Pista;1;;;;;;;;;;2;;;;
07/11/2015;18:48:00;223;sem vítima;29,2;BR-050/MG;Norte;Saida de Pista;1;;;;;;;;;;1;;;;
08/11/2015;01:38:00;3;com vítima;110,5;BR-050/GO;Norte;Saida de Pista;1;;;;;;;;;;1;1;;;
08/11/2015;04:06:00;7;com vítima;204,2;BR-050/MG;Norte;Choque - Defensa, barreira ou meio fio;;;;1;;;;;;;0;1;;;
08/11/2015;04:42:00;8;com vítima;178,85;BR-050/MG;Sul;Colisão Transversal;1;;;1;;;;;;;1;;;1;
08/11/2015;12:02:00;96;sem vítima;313,5;BR-050/GO;Norte;Colisão Lateral;2;;;;;;;;;;4;;;;
08/11/2015;18:10:00;156;com vítima;176,9;BR-050/MG;Norte;Colisão Lateral;;;;;1;;;;;1;43;;2;;
08/11/2015;19:43:00;190;sem vítima;177,3;BR-050/MG;Norte;Colisão Traseira;1;;1;;;;;;;;7;;;;
09/11/2015;07:46:00;79;com vítima;64,3;BR-050/MG;Sul;Queda de Moto;;;;1;;;;;;;1;1;;;
09/11/2015;08:32:00;100;sem vítima;177;BR-050/MG;Sul;Choque - Poste;;;;;;;;;;1;1;;;;
09/11/2015;17:50:00;210;sem vítima;15,5;BR-050/MG;Norte;Saida de Pista;1;;;;;;;;;;2;;;;
10/11/2015;16:28:00;194;sem vítima;172;BR-050/MG;Sul;Tombamento;;;1;;;;;;;;1;;;;
11/11/2015;10:17:00;128;com vítima;183;BR-050/MG;Sul;Queda de Ciclista;;1;;;;;;;;;0;;;1;
11/11/2015;11:37:00;146;sem vítima;159;BR-050/MG;Norte;Tombamento;;;;;;;;;;1;2;;;;
11/11/2015;17:16:00;209;com vítima;281;BR-050/GO;Norte;Colisão Traseira;;;2;;;;;;;;1;1;;;
12/11/2015;11:16:00;142;sem vítima;279;BR-050/GO;Norte;Colisão Lateral;;;1;;;;;;;1;3;;;;
12/11/2015;18:11:00;213;com vítima;19,8;BR-050/MG;Sul;Choque - Defensa, barreira ou meio fio;1;;;;;;;;;;0;1;;;
12/11/2015;21:58:00;272;sem vítima;123,9;BR-050/MG;Sul;Objeto lançado contra veículo;2;;1;;;;;;;;7;;;;
13/11/2015;03:32:00;14;sem vítima;61,5;BR-050/MG;Norte;Saida de Pista;1;;;;;;;;;;1;;;;
13/11/2015;22:46:00;334;sem vítima;175,3;BR-050/MG;Norte;Choque - Elemento de Drenagem;1;;;;;;;;;;1;;;;
14/11/2015;08:07:00;69;sem vítima;168;BR-050/MG;Sul;Colisão Lateral;1;;1;;;;;;;;2;;;;
14/11/2015;11:00:00;119;com vítima;172,8;BR-050/MG;Norte;Queda de Moto;;;;1;;;;;;;1;1;;;
14/11/2015;11:28:00;125;com vítima;226,5;BR-050/GO;Sul;Queda de Ciclista;;1;;;;;;;;;0;;1;;
14/11/2015;13:33:00;136;sem vítima;196;BR-050/MG;Norte;Choque - Veiculo parado na pista;1;;;;;;;;;1;3;;;;
14/11/2015;15:18:00;155;sem vítima;172;BR-050/MG;Norte;Choque - Defensa, barreira ou meio fio;1;;;;;;;;;;1;;;;
14/11/2015;19:56:00;231;sem vítima;207,6;BR-050/GO;Sul;Colisão Transversal;;;;;;;;;;1;2;;;;
15/11/2015;03:38:00;11;sem vítima;175;BR-050/MG;Norte;Capotamento;1;;;;;;;;;;1;;;;
15/11/2015;08:39:00;84;com vítima;30;BR-050/MG;Sul;Capotamento;1;;;;;;;;;;0;1;;;
15/11/2015;08:55:00;88;sem vítima;3,7;BR-050/MG;Sul;Choque - Defensa, barreira ou meio fio;1;;;;;;;;;;2;;;;
15/11/2015;11:44:00;121;sem vítima;52;BR-050/MG;Sul;Saida de Pista;1;;;;;;;;;;3;;;;
15/11/2015;13:54:00;130;sem vítima;175;BR-050/MG;Sul;Tombamento;;;1;;;;;;;;1;;;;
15/11/2015;15:28:00;145;sem vítima;106,9;BR-050/MG;Norte;Saida de Pista;1;;;;;;;;;;2;;;;
15/11/2015;17:27:00;162;com vítima;196,9;BR-050/MG;Norte;Capotamento;1;;;;;;;;;;1;;2;;
16/11/2015;03:35:00;10;sem vítima;130,8;BR-050/MG;Sul;Choque - Defensa, barreira ou meio fio;;;;;;;;;;1;1;;;;
16/11/2015;17:41:00;204;sem vítima;265;BR-050/GO;Sul;Colisão Lateral;;;1;;;;;;;1;3;;;;
16/11/2015;18:41:00;219;com vítima;27,745;BR-050/MG;Sul;Queda de Moto;;;;1;;;;;;;0;;;1;
16/11/2015;20:43:00;264;sem vítima;189,38;BR-050/MG;Norte;Saida de Pista;;;1;;;;;;;;1;;;;
17/11/2015;06:41:00;30;sem vítima;135;BR-050/GO;Norte;Saida de Pista;1;;;;;;;;;;2;;;;
17/11/2015;11:44:00;112;com vítima;56,6;BR-050/MG;Sul;Choque - Suporte de Sinalização;1;;;;;;;;;;0;;1;;
17/11/2015;15:01:00;147;sem vítima;152,6;BR-050/GO;Sul;Saida de Pista;1;;;;;;;;;;2;;;;
17/11/2015;15:35:00;154;sem vítima;280;BR-050/GO;Norte;Colisão Transversal;1;;;1;;;;;;;2;;;;
17/11/2015;17:07:00;174;sem vítima;108,2;BR-050/GO;Sul;Saida de Pista;1;;;;;;;;;;1;;;;
17/11/2015;18:57:00;202;sem vítima;177,8;BR-050/MG;Sul;Saida de Pista;2;;;;;;;;;;2;;;;
17/11/2015;19:33:00;226;com vítima;58,2;BR-050/MG;Norte;Saida de Pista;1;;;;;;;;;;0;;1;;
17/11/2015;21:02:00;247;sem vítima;51,6;BR-050/MG;Sul;Choque - Defensa, barreira ou meio fio;;;1;;;;;;;;1;;;;
17/11/2015;22:27:00;257;sem vítima;32;BR-050/MG;Sul;Saida de Pista;1;;;;;;;;;;3;;;;
18/11/2015;17:15:00;229;com vítima;138,3;BR-050/GO;Sul;Choque - Veiculo parado na pista;;;1;;;;;;;1;1;;;1;
18/11/2015;21:42:00;281;com vítima;208,3;BR-050/GO;Sul;Queda de Moto;;;;1;;;;;;;0;1;;;
19/11/2015;00:58:00;3;sem vítima;199;BR-050/GO;Norte;Carreta deu L;;;1;;;;;;;;1;;;;
19/11/2015;07:39:00;62;sem vítima;281;BR-050/GO;Sul;Colisão Transversal;1;;;;;1;;;;;2;;;;
19/11/2015;17:08:00;171;sem vítima;202,4;BR-050/MG;Sul;Capotamento;2;;;;;;;;;;3;;;;
19/11/2015;23:25:00;255;sem vítima;137,6;BR-050/MG;Norte;Saida de Pista;;;;;;;;;;1;1;;;;
20/11/2015;07:46:00;65;com vítima;274;BR-050/GO;Sul;Colisão Transversal;;;;1;1;;;;;;25;;1;;
20/11/2015;10:58:00;141;com vítima;180,1;BR-050/MG;Sul;Capotamento;;;;;;;;;;1;0;;1;;
20/11/2015;12:29:00;159;sem vítima;161;BR-050/MG;Norte;Tombamento;;;1;;;;;;;;1;;;;
20/11/2015;13:20:00;168;sem vítima;55,5;BR-050/MG;Sul;Capotamento;1;;;;;;;;;;1;;;;
20/11/2015;13:30:00;169;sem vítima;52,68;BR-050/MG;Norte;Tombamento;;;1;;;;;;;;1;;;;
20/11/2015;21:47:00;299;com vítima;38,8;BR-050/MG;Norte;Abalroamento - Transversal;;1;;1;;;;;;;1;1;;;
21/11/2015;00:07:00;2;sem vítima;166,4;BR-050/GO;Sul;Tombamento;;;1;;;;;;;;1;;;;
21/11/2015;04:14:00;24;com vítima;137,14;BR-050/MG;Norte;Saida de Pista;1;;;;;;;;;;1;1;;;
21/11/2015;15:43:00;169;com vítima;292;BR-050/GO;Norte;Choque - Suporte de Sinalização;1;;;;;;;;;;1;2;;;
21/11/2015;17:47:00;193;com vítima;179,6;BR-050/MG;Sul;Atropelamento - Morador;1;;;;;;;;;;1;;1;;
21/11/2015;18:52:00;211;sem vítima;108,7;BR-050/MG;Norte;Choque - Barranco;1;;;;;;;;;;4;;;;
21/11/2015;18:53:00;212;com vítima;56,4;BR-050/MG;Sul;Queda de Moto;;;;1;;;;;;;0;1;;;
21/11/2015;22:00:00;266;com vítima;266,7;BR-050/GO;Norte;Choque - Suporte de Sinalização;;;;1;;;;;;;0;1;;;
22/11/2015;06:42:00;33;com vítima;112;BR-050/MG;Sul;Colisão Traseira;1;;1;;;;;;;;1;;;1;
22/11/2015;15:38:00;140;sem vítima;129,5;BR-050/MG;Norte;Saida de Pista;1;;;;;;;;;;5;;;;
22/11/2015;18:00:00;167;sem vítima;108;BR-050/GO;Norte;Colisão Lateral;2;;;;;;;;;;6;;;;