data;horario;n_da_ocorrencia;tipo_de_ocorrencia;km;trecho;sentido;tipo_de_acidente;automovel;bicicleta;caminhao;moto;onibus;outros;tracao_animal;transporte_de_cargas_especiais;trator_maquinas;utilitarios;ilesos;levemente_feridos;moderadamente_feridos;gravemente_feridos;mortos
20/05/2016;23:50:00;305;com vítima;81,28;BR-050/MG;Sul;Choque - Defensa, barreira ou meio fio;1;;;;;;;;;;0;;1;;
21/05/2016;18:19:00;207;com vítima;280;BR-050/GO;Sul;Colisão Lateral;1;;1;;;;;;;;1;;3;;
21/05/2016;19:14:00;232;sem vítima;41,3;BR-050/MG;Sul;Saida de Pista;1;;;;;;;;;;3;;;;
21/05/2016;23:56:00;292;sem vítima;177,36;BR-050/MG;Norte;Saida de Pista;1;;;;;;;;;;2;;;;
22/05/2016;18:48:00;184;com vítima;26,8;BR-050/MG;Sul;Queda de Moto;;;;1;;;;;;;0;;2;;
22/05/2016;19:07:00;200;com vítima;110,5;BR-050/GO;Norte;Tombamento;1;;;;;;;;;;0;1;;;
23/05/2016;02:10:00;15;sem vítima;177;BR-050/MG;Sul;Saida de Pista;1;;;;;;;;;;4;;;;
23/05/2016;07:19:00;60;sem vítima;0,5;CONTORNO;Norte;Colisão Traseira;;;2;;;;;;;;2;;;;
23/05/2016;08:20:00;84;com vítima;47,5;BR-050/MG;Sul;Queda de Moto;;;;1;;;;;;;0;2;;;
23/05/2016;09:19:00;106;sem vítima;13,8;BR-050/MG;Norte;Choque - Defensa, barreira ou meio fio;;;1;;;;;;;;1;;;;
23/05/2016;12:48:00;142;com vítima;53;BR-050/MG;Norte;Colisão Traseira;1;;;1;;;;;;;1;2;;;
23/05/2016;19:26:00;236;sem vítima;174;BR-050/MG;Norte;Choque - Defensa, barreira ou meio fio;;;;;;;;;;1;2;;;;
24/05/2016;08:22:00;84;sem vítima;178,8;BR-050/MG;Sul;Choque - Defensa, barreira ou meio fio;;;1;;;;;;;;1;;;;
24/05/2016;15:49:00;167;com vítima;159;BR-050/MG;Sul;Capotamento;1;;;;;;;;;;0;;1;1;
24/05/2016;16:10:00;172;com vítima;306,2;BR-050/GO;Sul;Tombamento;;;1;;;;;;;;0;1;;;
24/05/2016;16:57:00;175;sem vítima;170;BR-050/MG;Norte;Colisão Traseira;2;;;;;;;;;;5;;;;
24/05/2016;17:31:00;183;com vítima;198;BR-050/MG;Sul;Colisão Lateral;1;;;;;;;;;1;2;1;1;;
25/05/2016;05:45:00;42;sem vítima;42;BR-050/MG;Sul;Choque - Defensa, barreira ou meio fio;1;;;;;;;;;;2;;;;
25/05/2016;06:29:00;56;com vítima;78,9;BR-050/MG;Norte;Choque - Barranco;;;1;;;;;;;;0;;1;;
26/05/2016;05:25:00;30;sem vítima;42;BR-050/MG;Norte;Saida de Pista;1;;;;;;;;;;4;;;;
26/05/2016;12:15:00;145;com vítima;179;BR-050/MG;Norte;Queda de Moto;;;;1;;;;;;;0;1;;;
27/05/2016;09:35:00;90;sem vítima;152,8;BR-050/MG;Norte;Colisão Traseira;;;2;;;;;;;;2;;;;
27/05/2016;11:13:00;106;com vítima;15;CONTORNO;Norte;Tombamento;;;1;;;;;;;;0;;;1;
27/05/2016;11:26:00;109;sem vítima;15;CONTORNO;Norte;Colisão Traseira;;1;1;;;;;;;;2;;;;
27/05/2016;19:29:00;210;sem vítima;58,2;BR-050/MG;Norte;Saida de Pista;1;;;;;;;;;;1;;;;
27/05/2016;21:40:00;235;sem vítima;273,5;BR-050/GO;Sul;Atropelamento - Animal;1;;;;;;;;;;1;;;;
28/05/2016;05:25:00;21;sem vítima;23,3;BR-050/MG;Norte;Colisão Traseira;2;;;;;;;;;;7;;;;
28/05/2016;06:17:00;30;sem vítima;45,9;BR-050/MG;Sul;Atropelamento - Animal;;;;1;;;;;;;1;;;;
28/05/2016;22:35:00;239;sem vítima;80;BR-050/MG;Sul;Saida de Pista;;;;;;;;;;1;2;;;;
29/05/2016;04:54:00;32;sem vítima;177,4;BR-050/MG;Norte;Choque - Defensa, barreira ou meio fio;;;;;;;;;;1;1;;;;
29/05/2016;10:25:00;106;sem vítima;100,8;BR-050/MG;Sul;Saida de Pista;1;;;;;;;;;;2;;;;
29/05/2016;14:31:00;139;sem vítima;21;BR-050/MG;Sul;Choque - Elemento de Drenagem;;;;;;;;;;1;1;;;;
29/05/2016;16:09:00;156;sem vítima;55;BR-050/MG;Sul;Saida de Pista;1;;;;;;;;;;2;;;;
29/05/2016;17:06:00;167;com vítima;48;BR-050/MG;Sul;Choque - Defensa, barreira ou meio fio;1;;;;;;;;;;3;2;;;
29/05/2016;20:03:00;229;sem vítima;282,1;BR-050/GO;Sul;Saida de Pista;;;1;;;;;;;;1;;;;
30/05/2016;04:21:00;14;sem vítima;95,7;BR-050/GO;Norte;Tombamento;;;1;;;;;;;;1;;;;
30/05/2016;04:45:00;15;sem vítima;176;BR-050/GO;Norte;Saida de Pista;;;1;;;;;;;;1;;;;
30/05/2016;11:10:00;130;com vítima;163;BR-050/GO;Norte;Colisão Transversal;2;;;;;;;;;;1;1;;1;3
30/05/2016;17:05:00;191;sem vítima;179,3;BR-050/MG;Norte;Choque - Defensa, barreira ou meio fio;;;1;;;;;;;;1;;;;
30/05/2016;17:35:00;193;com vítima;29,7;BR-050/MG;Norte;Tombamento;;;1;;;;;;;;1;;1;;
30/05/2016;18:24:00;208;sem vítima;128;BR-050/MG;Norte;Saida de Pista;2;;;;;;;;;;3;;;;
30/05/2016;18:36:00;213;com vítima;179,35;BR-050/MG;Norte;Colisão Lateral;2;;;1;;;;;;;3;1;1;;
30/05/2016;22:21:00;272;com vítima;168;BR-050/MG;Sul;Colisão Traseira;;;3;;;;;;;;1;;1;1;
31/05/2016;18:34:00;193;com vítima;29;BR-050/MG;Norte;Tombamento;;;1;;;;;;;;0;1;;;
01/06/2016;07:37:00;80;sem vítima;180,02;BR-050/MG;Sul;Colisão Lateral;1;;1;;;;;;;;2;;;;
01/06/2016;08:24:00;91;com vítima;144,9;BR-050/MG;Sul;Capotamento;1;;;;;;;;;;0;2;;;
01/06/2016;18:52:00;226;com vítima;83,78;BR-050/MG;Sul;Colisão Traseira;1;;1;;;;;;;;1;;1;;
02/06/2016;07:36:00;70;com vítima;38,4;BR-050/MG;Norte;Capotamento;1;;;;;;;;;;0;;1;;
02/06/2016;12:06:00;129;com vítima;180;BR-050/MG;Norte;Queda de Moto;;;;1;;;;;;;0;;2;;
02/06/2016;17:41:00;195;sem vítima;19;CONTORNO;Sul;Choque - Barranco;;;;;;;;;;1;2;;;;
02/06/2016;17:58:00;199;sem vítima;178;BR-050/MG;Sul;Choque - Defensa, barreira ou meio fio;1;;;;;;;;;;4;;;;
02/06/2016;18:04:00;205;sem vítima;77;BR-050/MG;Norte;Engavetamento;2;;1;;;;;;;;7;;;;
02/06/2016;18:42:00;215;sem vítima;175;BR-050/MG;Sul;Engavetamento;3;;;;;;;;;;3;;;;
02/06/2016;18:46:00;217;sem vítima;204,4;BR-050/MG;Sul;Choque - Defensa, barreira ou meio fio;1;;;;;;;;;;1;;;;
03/06/2016;09:33:00;111;sem vítima;42;BR-050/MG;Norte;Colisão Traseira;2;;;;;;;;;;2;;;;
03/06/2016;20:46:00;249;sem vítima;157,3;BR-050/MG;Norte;Tombamento;;;;;;;;;;1;1;;;;
04/06/2016;00:07:00;2;sem vítima;63,8;BR-050/MG;Norte;Saida de Pista;1;;;;;;;;;;1;;;;
04/06/2016;06:13:00;49;sem vítima;149,64;BR-050/MG;Sul;Tombamento;;;;;;;;;;1;2;;;;
05/06/2016;23:13:00;268;sem vítima;64;BR-050/MG;Sul;Capotamento;1;;;;;;;;;;2;;;;
06/06/2016;03:29:00;27;sem vítima;101,5;BR-050/MG;Norte;Atropelamento de Animal;;;1;;;;;;;;1;;;;
06/06/2016;16:48:00;197;sem vítima;152,9;BR-050/MG;Norte;Colisão Traseira;;;2;;;;;;;;2;;;;
06/06/2016;21:40:00;275;sem vítima;17,5;BR-050/MG;Norte;Saida de Pista;;;;;;;;;;1;1;;;;
07/06/2016;04:20:00;22;sem vítima;177,85;BR-050/MG;Norte;Choque - Defensa, barreira ou meio fio;1;;;;;;;;;;4;;;;
07/06/2016;04:45:00;24;sem vítima;177,4;BR-050/MG;Sul;Saida de Pista;1;;;;;;;;;;2;;;;
07/06/2016;07:28:00;73;sem vítima;280,3;BR-050/GO;Norte;Colisão Transversal;2;;;;;;;;;;2;;;;
07/06/2016;13:40:00;158;sem vítima;175,76;BR-050/MG;Norte;Choque - Barranco;;;1;;;;;;;;1;;;;
07/06/2016;21:35:00;260;sem vítima;53,7;BR-050/MG;Norte;Tombamento;;;1;;;;;;;;2;;;;
08/06/2016;08:20:00;89;sem vítima;190,5;BR-050/GO;Norte;Tombamento;;;1;;;;;;;;2;;;;
08/06/2016;13:33:00;151;sem vítima;110,8;BR-050/MG;Sul;Colisão Lateral;;;1;;;;;;1;;2;;;;
08/06/2016;19:25:00;239;com vítima;97;BR-050/GO;Norte;Colisão Lateral;2;;;;;;;;;;1;2;;;
09/06/2016;04:45:00;32;sem vítima;86,7;BR-050/MG;Sul;Saida de Pista;1;;;;;;;;;;3;;;;
09/06/2016;21:03:00;279;com vítima;37,7;BR-050/MG;Sul;Colisão Traseira;1;;;1;;;;;;;3;;;1;
10/06/2016;04:06:00;16;sem vítima;97,18;BR-050/MG;Norte;Choque - Veiculo parado na pista;;;2;;;;;;;;2;;;;
10/06/2016;18:55:00;212;sem vítima;41,3;BR-050/MG;Norte;Saida de Pista;1;;;;;;;;;;1;;;;
11/06/2016;06:07:00;47;sem vítima;272,6;BR-050/GO;Norte;Saida de Pista;;;1;;;;;;;;1;;;;
11/06/2016;10:10:00;101;sem vítima;278;BR-050/GO;Norte;Engavetamento;1;;;;;;;;;2;6;;;;
11/06/2016;22:28:00;247;sem vítima;171,2;BR-050/MG;Sul;Atropelamento de Animal;;;;;;;;;;1;16;;;;
12/06/2016;04:06:00;23;sem vítima;147,2;BR-050/GO;Norte;Saida de Pista;;;1;;;;;;;;1;;;;
12/06/2016;09:53:00;99;com vítima;221,076;BR-050/GO;Norte;Queda de Moto;;;;1;;;;;;;0;1;;;
12/06/2016;10:34:00;104;com vítima;169,9;BR-050/MG;Norte;Choque - Defensa, barreira ou meio fio;1;;;;;;;;;;0;;;1;
12/06/2016;16:44:00;156;sem vítima;84,4;BR-050/MG;Norte;Engavetamento;2;;;;;;;;;1;5;;;;
13/06/2016;00:49:00;6;sem vítima;143;BR-050/MG;Sul;Tombamento;;;1;;;;;;;;1;;;;
13/06/2016;20:03:00;243;com vítima;107;BR-050/MG;Sul;Capotamento;1;;;;;;;;;;0;;1;;
14/06/2016;14:32:00;173;sem vítima;105;BR-050/MG;Sul;Colisão Traseira;;;2;;;;;;;;2;;;;
14/06/2016;14:56:00;176;sem vítima;17;BR-050/MG;Norte;Capotamento;1;;;;;;;;;;1;;;;
14/06/2016;16:39:00;199;sem vítima;63;BR-050/MG;Norte;Capotamento;1;;;;;;;;;;1;;;;
15/06/2016;08:33:00;92;com vítima;280,6;BR-050/GO;Sul;Colisão Transversal;;;;1;;;;;;1;1;;1;;
16/06/2016;07:26:00;77;sem vítima;38,8;BR-050/MG;Norte;Choque - Defensa, barreira ou meio fio;1;;;;;;;;;;1;;;;
16/06/2016;09:50:00;115;sem vítima;306,65;BR-050/GO;Sul;Tombamento;;;1;;;;;;;;1;;;;
16/06/2016;14:52:00;174;com vítima;170,75;BR-050/MG;Sul;Colisão Traseira;1;;1;;;;;;;;1;1;;;
16/06/2016;16:41:00;193;com vítima;165,9;BR-050/MG;Sul;Colisão Traseira;1;;1;;;;;;;;1;;1;;
16/06/2016;19:30:00;260;com vítima;283,3;BR-050/GO;Sul;Colisão Traseira;1;;;1;;;;;;;1;1;;;
17/06/2016;12:36:00;136;sem vítima;7,8;BR-050/MG;Sul;Saida de Pista;1;;;;;;;;;;1;;;;
17/06/2016;20:11:00;265;sem vítima;191,8;BR-050/MG;Norte;Colisão Traseira;2;;;;;;;;;;3;;;;
18/06/2016;10:13:00;108;sem vítima;268,2;BR-050/GO;Sul;Colisão Traseira;1;;;;;;;;;1;3;;;;
18/06/2016;11:38:00;132;com vítima;10,3;CONTORNO;Sul;Capotamento;1;;;;;;;;;;1;;1;;
18/06/2016;18:04:00;206;com vítima;41,7;BR-050/MG;Sul;Queda de Moto;;;;1;;;;;;;0;;1;;
18/06/2016;19:17:00;235;com vítima;101,3;BR-050/MG;Sul;Queda de Moto;;;;1;;;;;;;0;;2;;
19/06/2016;15:10:00;154;com vítima;133;BR-050/GO;Sul;Colisão Traseira;1;;1;;;;;;;;2;;1;;
19/06/2016;16:29:00;167;sem vítima;268;BR-050/GO;Sul;Engavetamento;2;;;;;;;;;1;7;;;;
19/06/2016;17:13:00;174;sem vítima;77,38;BR-050/MG;Norte;Colisão Traseira;1;;;1;;;;;;;2;;;;
19/06/2016;19:44:00;226;com vítima;96;BR-050/GO;Sul;Colisão Lateral;1;;1;;;;;;;;0;;;2;
20/06/2016;07:13:00;82;sem vítima;288,6;BR-050/GO;Norte;Tombamento;1;;;;;;;;;;2;;;;
20/06/2016;08:58:00;123;sem vítima;13,8;BR-050/MG;Norte;Choque - Veiculo parado na pista;1;;1;;;;;;;;4;;;;
20/06/2016;19:00:00;246;sem vítima;128;BR-050/GO;Sul;Tombamento;;;1;;;;;;;;1;;;;
20/06/2016;20:12:00;269;sem vítima;152,2;BR-050/GO;Norte;Atropelamento de Animal;1;;;;;;;;;;2;;;;
21/06/2016;07:54:00;76;com vítima;280,5;BR-050/GO;Sul;Colisão Traseira;1;;;1;;;;;;;2;1;;;
21/06/2016;09:20:00;91;sem vítima;228,57;BR-050/GO;Norte;Choque - Elemento de Drenagem;1;;;;;;;;;;1;;;;
21/06/2016;09:44:00;97;com vítima;243,1;BR-050/GO;Norte;Capotamento;1;;;;;;;;;;1;1;;;
21/06/2016;17:51:00;172;sem vítima;281;BR-050/GO;Norte;Colisão Lateral;2;;;;;;;;;;2;;;;
21/06/2016;20:57:00;245;com vítima;60,7;BR-050/MG;Sul;Queda de Moto;;;;1;;;;;;;0;;2;;
22/06/2016;08:05:00;88;sem vítima;60,5;BR-050/MG;Norte;Colisão Lateral;1;;1;;;;;;;;2;;;;
22/06/2016;13:16:00;148;com vítima;200,06;BR-050/GO;Norte;Capotamento;1;;;;;;;;;;0;1;;;
23/06/2016;03:38:00;15;sem vítima;8;BR-050/MG;Sul;Saida de Pista;1;;;;;;;;;;1;;;;
23/06/2016;10:18:00;136;com vítima;256,45;BR-050/GO;Norte;Queda de Moto;;;;1;;;;;;;1;;1;;
23/06/2016;11:35:00;155;sem vítima;2,5;BR-050/MG;Sul;Choque - Veiculo parado na pista;;;2;;;;;;;;2;;;;
24/06/2016;03:49:00;37;sem vítima;15;CONTORNO;Sul;Tombamento;;;1;;;;;;;;1;;;;
24/06/2016;12:20:00;169;sem vítima;105;BR-050/MG;Sul;Colisão Lateral;1;;1;;;;;;;;2;;;;
25/06/2016;07:59:00;89;com vítima;175,92;BR-050/MG;Norte;Queda de Moto;;;;1;;;;;;;1;;1;;
25/06/2016;19:20:00;232;com vítima;37;BR-050/MG;Norte;Capotamento;1;;;;;;;;;;1;;1;;
25/06/2016;20:44:00;252;sem vítima;172,7;BR-050/MG;Norte;Saida de Pista;1;;;;;;;;;;2;;;;
25/06/2016;23:11:00;262;sem vítima;8;CONTORNO;Sul;Saida de Pista;1;;;;;;;;;;2;;;;
26/06/2016;05:54:00;18;sem vítima;174,5;BR-050/MG;Sul;Saida de Pista;1;;;;;;;;;;2;;;;
26/06/2016;06:00:00;23;sem vítima;307,3;BR-050/GO;Sul;Colisão Lateral;1;;1;;;;;;;;4;;;;
26/06/2016;09:46:00;71;sem vítima;24,9;BR-050/MG;Norte;Choque - Talude;1;;;;;;;;;;1;;;;
26/06/2016;17:46:00;125;sem vítima;15;BR-050/MG;Norte;Saida de Pista;;;;;;;;;;1;1;;;;
27/06/2016;12:25:00;141;sem vítima;181,12;BR-050/MG;Sul;Capotamento;1;;;;;;;;;;1;;;;
27/06/2016;17:15:00;187;sem vítima;179,65;BR-050/MG;Sul;Choque - Defensa, barreira ou meio fio;1;;;;;;;;;;1;;;;
28/06/2016;08:22:00;96;com vítima;278,4;BR-050/GO;Sul;Colisão Traseira;;;;1;1;;;;;;1;1;;;
29/06/2016;11:01:00;97;com vítima;48;BR-050/MG;Norte;Colisão Traseira;1;;;1;;;;;;;2;1;;;
29/06/2016;13:14:00;113;com vítima;279;BR-050/GO;Norte;Colisão Transversal;;;;1;;1;;;;;2;;;1;
29/06/2016;17:23:00;164;sem vítima;60,47;BR-050/MG;Norte;Choque - Defensa, barreira ou meio fio;1;;;;;;;;;;2;;;;
30/06/2016;01:54:00;7;sem vítima;30;BR-050/MG;Sul;Choque - Defensa, barreira ou meio fio;;;1;;;;;;;;1;;;;
30/06/2016;07:42:00;62;sem vítima;90,5;BR-050/MG;Sul;Choque - Suporte de Sinalização;1;;;;;;;;;;1;;;;
30/06/2016;09:52:00;91;sem vítima;189,2;BR-050/MG;Sul;Colisão Traseira;1;;;;;;;;;1;8;;;;
30/06/2016;16:36:00;163;sem vítima;180;BR-050/MG;Sul;Colisão Lateral;1;;1;;;;;;;;2;;;;
30/06/2016;17:24:00;170;com vítima;94,3;BR-050/MG;Norte;Capotamento;1;;;;;;;;;;0;;;2;
01/07/2016;17:00:00;193;com vítima;182;BR-050/MG;Sul;Queda de Moto;;;;1;;;;;;;0;;1;;
01/07/2016;21:15:00;278;sem vítima;99;BR-050/GO;Sul;Colisão Traseira;2;;;;;;;;;;2;;;;
02/07/2016;14:25:00;151;sem vítima;80,8;BR-050/MG;Norte;Saida de Pista;1;;;;;;;;;;1;;;;
02/07/2016;22:11:00;252;sem vítima;96;BR-050/MG;Norte;Tombamento;;;1;;;;;;;;1;;;;
03/07/2016;01:12:00;6;com vítima;279;BR-050/GO;Sul;Choque - Defensa, barreira ou meio fio;;;;1;;;;;;;0;;;1;
03/07/2016;02:39:00;14;sem vítima;172,8;BR-050/MG;Norte;Colisão Traseira;2;;;;;;;;;;3;;;;
03/07/2016;02:55:00;15;com vítima;177,2;BR-050/MG;Sul;Capotamento;1;;;;;;;;;;1;6;;;
03/07/2016;05:16:00;18;sem vítima;119;BR-050/MG;Sul;Capotamento;1;;;;;;;;;;2;;;;
03/07/2016;06:45:00;36;sem vítima;180,3;BR-050/MG;Norte;Choque - Elemento de Drenagem;1;;;;;;;;;;1;;;;
03/07/2016;07:29:00;62;sem vítima;84,1;BR-050/MG;Sul;Choque - Elemento de Drenagem;1;;;;;;;;;;1;;;;
03/07/2016;17:20:00;133;com vítima;44,53;BR-050/MG;Sul;Capotamento;1;;;;;;;;;;0;;;1;
03/07/2016;17:52:00;138;com vítima;200,7;BR-050/MG;Sul;Colisão Traseira;2;;;;;;;;;;2;;1;;
03/07/2016;21:57:00;198;sem vítima;90,36;BR-050/MG;Norte;Tombamento;;;1;;;;;;;;1;;;;
04/07/2016;08:58:00;104;sem vítima;98,1;BR-050/GO;Sul;Colisão Transversal;;;2;;;;;;;;2;;;;
04/07/2016;14:11:00;176;com vítima;127,3;BR-050/MG;Norte;Capotamento;1;;;;;;;;;;0;1;;;
05/07/2016;14:16:00;142;sem vítima;142;BR-050/GO;Norte;Choque - Suporte de Sinalização;1;;;;;;;;;;1;;;;
05/07/2016;14:48:00;146;sem vítima;108,9;BR-050/GO;Sul;Saida de Pista;1;;;;;;;;;;5;;;;
06/07/2016;09:05:00;97;sem vítima;26;BR-050/MG;Sul;Saida de Pista;1;;;;;;;;;;4;;;;
06/07/2016;18:02:00;179;com vítima;15,462;BR-050/MG;Sul;Colisão Traseira;;;1;1;;;;;;;1;;1;;
07/07/2016;14:30:00;174;com vítima;253,5;BR-050/GO;Norte;Queda de Moto;;;;1;;;;;;;0;2;;;
07/07/2016;16:17:00;188;sem vítima;43,2;BR-050/MG;Sul;Engavetamento;1;;2;;;;;;;;3;;;;
07/07/2016;17:22:00;200;com vítima;177,82;BR-050/MG;Sul;Queda de Moto;;;;1;;;;;;;0;;1;;
08/07/2016;04:01:00;31;com vítima;271,5;BR-050/GO;Sul;Capotamento;1;;;;;;;;;;2;2;;;
08/07/2016;18:30:00;219;com vítima;235,6;BR-050/GO;Norte;Atropelamento de Animal;;;;1;;;;;;;0;;1;;
08/07/2016;21:12:00;274;com vítima;108,1;BR-050/MG;Sul;Colisão Traseira;1;;1;;;;;;;;1;;1;;
09/07/2016;09:03:00;74;com vítima;45,7;BR-050/MG;Sul;Capotamento;1;;;;;;;;;;0;;1;;
09/07/2016;15:13:00;109;com vítima;246;BR-050/GO;Sul;Colisão Transversal;2;;;;;;;;;;7;2;;;
09/07/2016;21:11:00;202;sem vítima;238,45;BR-050/GO;Sul;Tombamento;1;;;;;;;;;;4;;;;
10/07/2016;04:49:00;27;com vítima;177,15;BR-050/MG;Norte;Colisão Traseira;;;1;1;;;;;;;1;;;;1
10/07/2016;09:11:00;82;sem vítima;39;BR-050/MG;Sul;Colisão Lateral;1;;;;;;;;;1;2;;;;
10/07/2016;14:11:00;129;sem vítima;184,3;BR-050/MG;Norte;Colisão Lateral;1;;1;;;;;;;;2;;;;
10/07/2016;19:55:00;227;sem vítima;265;BR-050/GO;Norte;Colisão Lateral;2;;;;;;;;;;7;;;;
11/07/2016;12:17:00;152;sem vítima;104;BR-050/GO;Norte;Saida de Pista;1;;;;;;;;;;1;;;;
11/07/2016;14:28:00;174;com vítima;29;BR-050/MG;Norte;Queda de Moto;;;;1;;;;;;;0;2;;;
12/07/2016;07:37:00;67;sem vítima;273,5;BR-050/GO;Norte;Colisão Lateral;;;1;;;;;;;1;3;;;;
12/07/2016;07:46:00;75;com vítima;174,9;BR-050/GO;Norte;Colisão Traseira;1;;1;;;;;;;;2;2;;;
12/07/2016;09:53:00;93;sem vítima;255,9;BR-050/GO;Sul;Colisão Traseira;2;;;;;;;;;;3;;;;
13/07/2016;18:06:00;235;com vítima;198,625;BR-050/GO;Sul;Colisão Lateral;;;1;;;;;;;1;7;3;2;2;
14/07/2016;06:44:00;43;com vítima;2,9;CONTORNO;Norte;Choque - Arvore;;;1;;;;;;;;0;;;;1
14/07/2016;07:13:00;62;sem vítima;125,8;BR-050/GO;Sul;Atropelamento de Animal;1;;;;;;;;;;1;;;;
14/07/2016;09:08:00;103;com vítima;186,3;BR-050/MG;Norte;Queda de Moto;;;;1;;;;;;;0;;2;;
14/07/2016;16:56:00;189;com vítima;280,6;BR-050/GO;Sul;Colisão Transversal;1;;1;;;;;;;;2;;2;;
15/07/2016;08:01:00;76;com vítima;180,4;BR-050/MG;Sul;Colisão Traseira;1;;;1;;;;;;;4;;1;;
15/07/2016;12:55:00;147;com vítima;181;BR-050/MG;Sul;Colisão Traseira;;;;1;;;;;;;0;1;;;
16/07/2016;16:20:00;169;com vítima;119,88;BR-050/GO;Norte;Capotamento;1;;;;;;;;;;0;1;;;
16/07/2016;17:43:00;186;sem vítima;45,1;BR-050/MG;Norte;Queda de Moto;;;;1;;;;;;;1;;;;
16/07/2016;18:07:00;196;com vítima;34,9;BR-050/MG;Norte;Capotamento;1;;;;;;;;;;0;;;1;
17/07/2016;00:09:00;2;sem vítima;104,95;BR-050/MG;Sul;Queda de Moto;;;;1;;;;;;;1;;;;
17/07/2016;00:54:00;6;sem vítima;272,05;BR-050/GO;Norte;Colisão Traseira;2;;;;;;;;;;2;;;;
17/07/2016;04:37:00;24;com vítima;272,4;BR-050/GO;Sul;Colisão Traseira;2;;;;;;;;;;4;1;;;
17/07/2016;06:22:00;36;com vítima;197,6;BR-050/GO;Sul;Capotamento;1;;;;;;;;;;4;1;;;
17/07/2016;07:22:00;67;sem vítima;38,8;BR-050/MG;Norte;Queda de Moto;;;;1;;;;;;;1;;;;
18/07/2016;07:37:00;92;com vítima;99,3;BR-050/MG;Norte;Capotamento;1;;;;;;;;;;0;;1;;
18/07/2016;21:41:00;269;sem vítima;105;BR-050/MG;Sul;Colisão Traseira;;;2;;;;;;;;3;;;;
19/07/2016;10:16:00;100;com vítima;97,1;BR-050/MG;Sul;Choque - Arvore;;;;;;;;;;1;0;1;;;
19/07/2016;10:22:00;102;com vítima;107,6;BR-050/GO;Norte;Colisão Lateral;;1;;;;;;;;1;1;1;;;
19/07/2016;14:10:00;131;sem vítima;174,98;BR-050/MG;Norte;Colisão Lateral;2;;;;;;;;;;3;;;;
19/07/2016;17:59:00;178;com vítima;21,6;CONTORNO;Sul;Atropelamento - Ciclista;;1;;;;;;;;1;2;;;1;
19/07/2016;22:10:00;252;sem vítima;96,4;BR-050/GO;Norte;Saida de Pista;1;;;;;;;;;;2;;;;
20/07/2016;19:03:00;215;sem vítima;185,7;BR-050/MG;Sul;Colisão Traseira;1;;;;;;;;;1;2;;;;
21/07/2016;17:04:00;193;sem vítima;97,8;BR-050/GO;Norte;Colisão Lateral;;;;1;;;;;;1;3;;;;
21/07/2016;19:03:00;226;sem vítima;234,9;BR-050/GO;Norte;Colisão Traseira;;;2;1;;;;;;;3;;;;
22/07/2016;00:09:00;1;com vítima;93,7;BR-050/MG;Norte;Colisão Traseira;;;2;;;;;;;;0;;1;2;
22/07/2016;13:05:00;167;com vítima;112,28;BR-050/MG;Norte;Capotamento;1;;;;;;;;;;0;;1;;
22/07/2016;20:49:00;291;sem vítima;1;BR-050/MG;Sul;Colisão Traseira;2;;;;;;;;;1;4;;;;
23/07/2016;21:03:00;228;sem vítima;287,25;BR-050/GO;Norte;Saida de Pista;1;;;;;;;;;;1;;;;
24/07/2016;02:58:00;10;sem vítima;54,06;BR-050/MG;Sul;Choque - Defensa, barreira ou meio fio;1;;;;;;;;;;2;;;;
24/07/2016;04:53:00;23;sem vítima;9,2;CONTORNO;Sul;Choque - Defensa, barreira ou meio fio;1;;;;;;;;;;1;;;;
24/07/2016;08:51:00;81;sem vítima;61;BR-050/MG;Norte;Choque - Elemento de Drenagem;1;;;;;;;;;;1;;;;
24/07/2016;09:36:00;86;sem vítima;51,8;BR-050/MG;Norte;Colisão Lateral;;;;2;;;;;;;3;;;;
24/07/2016;14:48:00;130;com vítima;6,07;BR-050/MG;Sul;Capotamento;1;;;;;;;;;;0;1;;;
25/07/2016;02:01:00;10;sem vítima;21,1;CONTORNO;Norte;Choque - Poste;1;;;;;;;;;;1;;;;
25/07/2016;10:35:00;122;sem vítima;193,9;BR-050/GO;Norte;Choque - Arvore;;;;;;;;;;1;1;;;;
25/07/2016;13:25:00;148;com vítima;154;BR-050/GO;Sul;Colisão Transversal;1;;;;;;;;;1;6;2;;;
25/07/2016;18:44:00;209;sem vítima;190;BR-050/MG;Sul;Choque - Defensa, barreira ou meio fio;1;;;;;;;;;;1;;;;
28/07/2016;16:53:00;191;sem vítima;117;BR-050/MG;Norte;Choque - Talude;1;;;;;;;;;;1;;;;
29/07/2016;12:36:00;154;com vítima;17;BR-050/MG;Norte;Choque - Suporte de Sinalização;;;;1;;;;;;;0;;1;;
29/07/2016;14:55:00;171;sem vítima;49;BR-050/MG;Sul;Saida de Pista;1;;;;;;;;;;1;;;;
30/07/2016;02:52:00;26;sem vítima;192,43;BR-050/GO;Sul;Saida de Pista;;;1;;;;;;;;2;;;;
30/07/2016;11:48:00;143;sem vítima;138,1;BR-050/MG;Norte;Capotamento;1;;;;;;;;;;3;;;;
30/07/2016;18:17:00;227;sem vítima;273;BR-050/GO;Sul;Queda de Moto;;;;1;;;;;;;1;;;;
30/07/2016;18:54:00;242;com vítima;104;BR-050/GO;Norte;Colisão Traseira;1;;1;;;;;;;;1;1;;;
30/07/2016;20:56:00;278;com vítima;314;BR-050/GO;Norte;Colisão Frontal;;;1;;;;;;;1;1;1;;;
31/07/2016;00:48:00;6;sem vítima;288,5;BR-050/GO;Sul;Atropelamento de Animal;1;;;;;;;;;;4;;;;
31/07/2016;04:46:00;25;com vítima;40;BR-050/MG;Norte;Capotamento;1;;;;;;;;;;0;;1;;
31/07/2016;10:11:00;86;sem vítima;87,4;BR-050/MG;Sul;Colisão Lateral;;;1;;;;;;;1;3;;;;