data;horario;n_da_ocorrencia;tipo_de_ocorrencia;km;trecho;sentido;tipo_de_acidente;automovel;bicicleta;caminhao;moto;onibus;outros;tracao_animal;transporte_de_cargas_especiais;trator_maquinas;utilitarios;ilesos;levemente_feridos;moderadamente_feridos;gravemente_feridos;mortos
14/01/2017;19:43:00;201;sem vítima;177;BR-050/MG;Norte;Capotamento;1;;;;;;;;;;1;;;;
14/01/2017;19:46:00;202;sem vítima;47;BR-050/MG;Norte;Saida de Pista;1;;;;;;;;;;1;;;;
14/01/2017;23:44:00;221;com vítima;108,8;BR-050/GO;Sul;Tombamento;;;;;1;;;;;;20;11;15;;
15/01/2017;14:04:00;103;sem vítima;204,24;BR-050/MG;Sul;Saida de Pista;1;;;;;;;;;;4;;;;
15/01/2017;14:20:00;105;sem vítima;16,9;BR-050/MG;Norte;Choque - Defensa, barreira ou meio fio;1;;;;;;;;;;1;;;;
15/01/2017;14:33:00;107;sem vítima;58;BR-050/MG;Norte;Saida de Pista;1;;;;;;;;;;1;;;;
16/01/2017;08:30:00;74;sem vítima;184,42;BR-050/MG;Sul;Engavetamento;3;;;;;;;;;;3;;;;
17/01/2017;06:38:00;22;com vítima;96,8;BR-050/GO;Sul;Colisão Traseira;1;;;;;;;;;1;2;2;;;
17/01/2017;13:15:00;119;sem vítima;294,2;BR-050/GO;Norte;Saida de Pista;1;;;;;;;;;;1;;;;
18/01/2017;12:11:00;126;sem vítima;58,8;BR-050/MG;Norte;Choque - Defensa, barreira ou meio fio;;;;;;;;;;1;3;;;;
18/01/2017;12:37:00;129;sem vítima;49,94;BR-050/MG;Sul;Saida de Pista;1;;;;;;;;;;3;;;;
18/01/2017;13:00:00;131;sem vítima;64,6;BR-050/MG;Sul;Colisão Traseira;1;;;;1;;;;;;2;;;;
18/01/2017;14:44:00;145;sem vítima;18,75;BR-050/MG;Sul;Choque - Defensa, barreira ou meio fio;;;;;;;;;;1;3;;;;
18/01/2017;17:36:00;166;sem vítima;298;BR-050/GO;Norte;Colisão Traseira;;;;;;;;;;2;7;;;;
18/01/2017;20:24:00;216;com vítima;305,9;BR-050/GO;Norte;Choque - Defensa, barreira ou meio fio;;;1;;;;;;;;0;1;;;
19/01/2017;21:40:00;231;sem vítima;15,5;BR-050/MG;Norte;Atropelamento de Animal;1;;;;;;;;;;3;;;;
20/01/2017;00:31:00;3;sem vítima;98,15;BR-050/MG;Sul;Atropelamento de Animal;1;;;;;;;;;;3;;;;
20/01/2017;04:41:00;16;com vítima;173,2;BR-050/MG;Sul;Choque - Defensa, barreira ou meio fio;1;;;;;;;;;;1;;1;;
20/01/2017;11:46:00;124;sem vítima;204,5;BR-050/MG;Sul;Choque - Defensa, barreira ou meio fio;;;;;;;;;;1;5;;;;
20/01/2017;14:42:00;147;sem vítima;49,85;BR-050/MG;Sul;Tombamento;1;;;;;;;;;;1;;;;
20/01/2017;14:47:00;148;com vítima;107,33;BR-050/MG;Norte;Capotamento;1;;;;;;;;;;0;;;2;
20/01/2017;21:33:00;228;sem vítima;151,26;BR-050/MG;Norte;Colisão Lateral;;;;;;1;;;;1;2;;;;
20/01/2017;22:18:00;238;sem vítima;54,7;BR-050/MG;Sul;Tombamento;;;1;;;;;;;;3;;;;
21/01/2017;06:15:00;24;sem vítima;185,9;BR-050/GO;Sul;Saida de Pista;1;;;;;;;;;;1;;;;
21/01/2017;13:07:00;104;sem vítima;42,35;BR-050/MG;Norte;Colisão Traseira;;;;1;;;;;;1;3;;;;
21/01/2017;15:01:00;114;com vítima;19,75;BR-050/MG;Norte;Choque - Arvore;1;;;;;;;;;;3;1;;;
21/01/2017;15:17:00;116;sem vítima;286,3;BR-050/GO;Norte;Colisão Traseira;2;;;1;;;;;;;8;;;;
21/01/2017;16:06:00;126;sem vítima;63,161;BR-050/MG;Norte;Saida de Pista;1;;;;;;;;;;3;;;;
21/01/2017;17:42:00;140;sem vítima;61,4;BR-050/MG;Norte;Choque - Suporte de Sinalização;1;;;;;;;;;;1;;;;
21/01/2017;20:50:00;199;sem vítima;198;BR-050/MG;Norte;Colisão Traseira;1;;;;;1;;;;;3;;;;
21/01/2017;23:33:00;208;sem vítima;63;BR-050/MG;Norte;Choque - Defensa, barreira ou meio fio;1;;;;;;;;;;1;;;;
22/01/2017;15:06:00;117;sem vítima;142,51;BR-050/MG;Sul;Tombamento;;;1;;;;;;;;2;;;;
22/01/2017;16:13:00;135;sem vítima;147,3;BR-050/MG;Sul;Tombamento;;;1;;;;;;;;1;;;;
22/01/2017;16:49:00;141;sem vítima;9;CONTORNO;Sul;Colisão Traseira;2;;;;;;;;;;6;;;;
22/01/2017;18:26:00;159;sem vítima;178,1;BR-050/MG;Sul;Choque - Defensa, barreira ou meio fio;1;;;;;;;;;;1;;;;
22/01/2017;20:15:00;196;com vítima;165;BR-050/MG;Norte;Capotamento;1;;;;;;;;;;0;;1;3;
22/01/2017;21:21:00;202;com vítima;96,05;BR-050/MG;Norte;Capotamento;1;;;;;;;;;;0;;1;;
23/01/2017;06:21:00;27;com vítima;188,2;BR-050/GO;Sul;Queda de Moto;;;;1;;;;;;;0;2;;;
23/01/2017;08:13:00;75;sem vítima;122;BR-050/GO;Norte;Choque - Suporte de Sinalização;1;;;;;;;;;;2;;;;
23/01/2017;10:01:00;101;com vítima;177,4;BR-050/MG;Norte;Queda de Moto;;;;1;;;;;;;0;1;1;;
23/01/2017;13:51:00;132;sem vítima;78,18;BR-050/MG;Norte;Colisão Traseira;1;;;;;;;;;1;3;;;;
23/01/2017;15:33:00;150;com vítima;103,85;BR-050/GO;Sul;Capotamento;1;;;;;;;;;;1;2;;1;
23/01/2017;15:34:00;156;sem vítima;103,9;BR-050/GO;Sul;Saida de Pista;;;;;;;;;;1;2;;;;
23/01/2017;21:50:00;227;sem vítima;206,7;BR-050/MG;Sul;Colisão Traseira;1;;;;;1;;;;;6;;;;
24/01/2017;05:46:00;12;com vítima;84,32;BR-050/MG;Norte;Colisão Traseira;;;2;;;;;;;;1;;;2;
24/01/2017;13:39:00;113;sem vítima;154;BR-050/GO;Sul;Colisão Transversal;;;2;;;;;;;;2;;;;
24/01/2017;14:28:00;117;com vítima;192,02;BR-050/MG;Norte;Choque - Defensa, barreira ou meio fio;1;;;;;;;;;;0;;1;;
24/01/2017;22:31:00;193;com vítima;176,5;BR-050/MG;Norte;Objeto lançado contra veículo;1;;;;;;;;;;0;1;2;;
25/01/2017;13:42:00;153;com vítima;307,14;BR-050/GO;Norte;Choque - Arvore;;;;;;;;;;1;0;1;;;
26/01/2017;00:11:00;1;com vítima;100,5;BR-050/GO;Norte;Choque - Elemento de Drenagem;1;;;;;;;;;;0;1;;;
26/01/2017;07:18:00;61;sem vítima;175,63;BR-050/MG;Sul;Saida de Pista;;;;;;;;;;1;2;;;;
26/01/2017;08:51:00;95;sem vítima;129;BR-050/MG;Sul;Saida de Pista;;;;;;;;;;1;2;;;;
26/01/2017;14:25:00;155;com vítima;8;CONTORNO;Sul;Capotamento;;;;;;;;;;1;0;;1;;
26/01/2017;15:29:00;166;com vítima;105,5;BR-050/GO;Sul;Queda de Moto;;;;1;;;;;;;1;1;;;
27/01/2017;16:16:00;174;sem vítima;63,9;BR-050/MG;Sul;Choque - Elemento de Drenagem;;;;;;;;;;1;1;;;;
28/01/2017;02:07:00;8;sem vítima;16,18;CONTORNO;Norte;Capotamento;1;;;;;;;;;;2;;;;
28/01/2017;03:31:00;16;sem vítima;80,7;BR-050/MG;Sul;Choque - Suporte de Sinalização;1;;;;;;;;;;1;;;;
28/01/2017;06:00:00;30;sem vítima;45;BR-050/MG;Sul;Choque - Elemento de Drenagem;1;;;;;;;;;;1;;;;
28/01/2017;12:37:00;128;sem vítima;0,2;BR-050/MG;Sul;Colisão Lateral;1;;1;;;;;;;;3;;;;
28/01/2017;15:30:00;144;com vítima;278,9;BR-050/GO;Sul;Atropelamento - Outros;;;;1;;;;;;;2;1;;;
28/01/2017;17:06:00;160;com vítima;131,8;BR-050/MG;Norte;Capotamento;;;1;;;;;;;1;3;;2;;
28/01/2017;19:34:00;203;com vítima;82,7;BR-050/MG;Sul;Queda de Moto;;;;1;;;;;;;1;;1;;
28/01/2017;20:35:00;217;sem vítima;36;BR-050/MG;Norte;Choque - Defensa, barreira ou meio fio;1;;;;;;;;;;2;;;;
28/01/2017;23:41:00;248;sem vítima;180;BR-050/GO;Sul;Atropelamento de Animal;1;;;;;;;;;;5;;;;
29/01/2017;10:48:00;87;com vítima;18,9;CONTORNO;Sul;Choque - Arvore;1;;;;;;;;;;2;;2;;
29/01/2017;14:48:00;122;com vítima;22;BR-050/MG;Norte;Queda de Moto;;;;1;;;;;;;0;2;;;
29/01/2017;16:12:00;138;sem vítima;216,55;BR-050/GO;Sul;Choque - Arvore;1;;;;;;;;;;4;;;;
29/01/2017;18:25:00;173;com vítima;165,05;BR-050/MG;Sul;Queda de Moto;;;;1;;;;;;;0;;2;;
29/01/2017;21:29:00;221;com vítima;62,06;BR-050/MG;Norte;Capotamento;1;;;;;;;;;;0;;2;1;
29/01/2017;21:55:00;226;com vítima;62,01;BR-050/MG;Sul;Colisão Lateral;1;;;;;;;;;1;5;1;;;
30/01/2017;14:38:00;139;sem vítima;10,5;BR-050/MG;Norte;Saida de Pista;1;;;;;;;;;;2;;;;
30/01/2017;17:36:00;167;sem vítima;95,84;BR-050/MG;Norte;Colisão Traseira;;;1;;;;;;;1;3;;;;
31/01/2017;08:35:00;79;sem vítima;18;CONTORNO;Norte;Capotamento;1;;;;;;;;;;1;;;;
31/01/2017;18:18:00;194;sem vítima;204,24;BR-050/MG;Sul;Saida de Pista;1;;;;;;;;;;4;;;;
31/01/2017;18:34:00;196;sem vítima;306;BR-050/GO;Sul;Engavetamento;2;;1;;;;;;;;4;;;;
31/01/2017;23:01:00;240;sem vítima;29,05;BR-050/MG;Norte;Saida de Pista;;;;;;;;;;1;2;;;;
01/02/2017;07:58:00;67;sem vítima;81,1;BR-050/MG;Norte;Queda de Moto;;;;1;;;;;;;2;;;;
01/02/2017;17:46:00;151;sem vítima;151,02;BR-050/MG;Sul;Saida de Pista;1;;;;;;;;;;1;;;;
02/02/2017;08:20:00;60;com vítima;82,04;BR-050/MG;Norte;Saida de Pista;1;;;;;;;;;;0;;1;;
02/02/2017;15:07:00;146;sem vítima;17,13;BR-050/MG;Norte;Choque - Defensa, barreira ou meio fio;;;1;;;;;;;;1;;;;
02/02/2017;17:21:00;171;sem vítima;180;BR-050/MG;Sul;Colisão Lateral;1;;1;;;;;;;;2;;;;
02/02/2017;17:26:00;172;sem vítima;156;BR-050/MG;Norte;Carreta deu L;;;1;;;;;;;;1;;;;
02/02/2017;18:23:00;185;sem vítima;180;BR-050/MG;Sul;Queda de Moto;;;;1;;;;;;;2;;;;
03/02/2017;05:32:00;20;sem vítima;143,2;BR-050/GO;Sul;Colisão Lateral;1;;1;;;;;;;;2;;;;
03/02/2017;07:25:00;48;sem vítima;171,095;BR-050/MG;Norte;Colisão Traseira;1;;1;;;;;;;;2;;;;
03/02/2017;11:46:00;105;com vítima;161,5;BR-050/GO;Norte;Engavetamento;2;;1;;;;;;;;2;1;;;
03/02/2017;13:19:00;119;sem vítima;18,6;BR-050/MG;Norte;Saida de Pista;1;;;;;;;;;;4;;;;
03/02/2017;14:34:00;131;com vítima;199,23;BR-050/MG;Norte;Choque - Defensa, barreira ou meio fio;1;;;;;;;;;;0;;1;;
03/02/2017;14:39:00;133;sem vítima;27;BR-050/MG;Norte;Choque - Suporte de Sinalização;;;;;;;;;;1;2;;;;
03/02/2017;14:48:00;136;com vítima;61,23;BR-050/MG;Norte;Carreta deu L;;;1;;;;;;;;0;;;1;
03/02/2017;16:13:00;144;sem vítima;3,7;BR-050/MG;Sul;Saida de Pista;;;;;;;;;;1;1;;;;
04/02/2017;01:25:00;13;sem vítima;101,9;BR-050/MG;Norte;Saida de Pista;;;1;;;;;;;;1;;;;
04/02/2017;04:37:00;23;sem vítima;302;BR-050/GO;Norte;Capotamento;1;;;;;;;;;;1;;;;
04/02/2017;06:37:00;36;com vítima;47,1;BR-050/MG;Norte;Tombamento;1;;;;;;;;;;0;1;;;
04/02/2017;16:39:00;134;sem vítima;177,2;BR-050/MG;Norte;Colisão Lateral;2;;;;;;;;;;4;;;;
05/02/2017;04:27:00;14;sem vítima;22;BR-050/MG;Sul;Choque - Suporte de Sinalização;1;;;;;;;;;;1;;;;
05/02/2017;05:12:00;18;com vítima;189,9;BR-050/MG;Norte;Colisão Traseira;1;;;;;1;;;;;2;;1;;
05/02/2017;06:56:00;36;sem vítima;104,4;BR-050/GO;Norte;Saida de Pista;1;;;;;;;;;;1;;;;
05/02/2017;11:04:00;84;com vítima;10;CONTORNO;Norte;Queda de Ciclista;;1;;;;;;;;;0;;1;;
05/02/2017;15:46:00;126;com vítima;100;BR-050/GO;Norte;Tombamento;1;;;;;;;;;;1;;;1;
05/02/2017;18:15:00;153;sem vítima;21,48;CONTORNO;Sul;Colisão Traseira;1;;;;;;;;;1;5;;;;
05/02/2017;18:47:00;162;sem vítima;26,9;BR-050/MG;Sul;Choque - Suporte de Sinalização;1;;;;;;;;;;5;;;;
05/02/2017;19:06:00;173;com vítima;27,4;BR-050/MG;Sul;Capotamento;1;;;;;;;;;;0;1;;2;
05/02/2017;20:35:00;195;sem vítima;34;BR-050/MG;Norte;Choque - Defensa, barreira ou meio fio;1;;;;;;;;;;2;;;;
06/02/2017;07:40:00;73;com vítima;255,7;BR-050/GO;Norte;Queda de Moto;;;;1;;;;;;;0;1;;;
06/02/2017;08:12:00;82;sem vítima;122,86;BR-050/MG;Norte;Capotamento;1;;;;;;;;;;3;;;;
06/02/2017;18:06:00;195;com vítima;164,7;BR-050/MG;Norte;Capotamento;1;;;;;;;;;;0;;1;;
06/02/2017;19:30:00;227;sem vítima;154,6;BR-050/GO;Sul;Colisão Lateral;;;1;;;;;;;1;2;;;;
06/02/2017;19:49:00;230;sem vítima;87;BR-050/MG;Sul;Saida de Pista;1;;;;;;;;;;1;;;;
06/02/2017;21:42:00;244;sem vítima;292;BR-050/GO;Norte;Colisão Traseira;;;2;;;;;;;;2;;;;
07/02/2017;01:19:00;5;com vítima;27,74;BR-050/MG;Norte;Saida de Pista;;;;;;;;;;1;0;;1;;
07/02/2017;15:43:00;165;com vítima;104,908;BR-050/MG;Norte;Choque - Obstáculo Fixo;;;1;;;;;;;;1;;1;;
07/02/2017;16:14:00;170;com vítima;299;BR-050/GO;Norte;Capotamento;1;;;;;;;;;;0;1;;;
07/02/2017;18:09:00;190;sem vítima;61,8;BR-050/MG;Norte;Saida de Pista;1;;;;;;;;;;2;;;;
07/02/2017;19:38:00;221;com vítima;62,5;BR-050/MG;Sul;Saida de Pista;1;;;;;;;;;;2;;1;;
08/02/2017;00:47:00;2;sem vítima;106;BR-050/GO;Norte;Choque - Elemento de Drenagem;;;;;;;;;;1;2;;;;
09/02/2017;15:40:00;131;com vítima;165,2;BR-050/MG;Norte;Queda de Moto;;;;1;;;;;;;0;;1;;
10/02/2017;12:37:00;137;sem vítima;129,1;BR-050/MG;Norte;Saida de Pista;;;1;;;;;;;;1;;;;
10/02/2017;15:47:00;156;com vítima;60,22;BR-050/MG;Norte;Colisão Traseira;2;;;;;;;;;;3;;3;;
11/02/2017;07:53:00;67;sem vítima;140,3;BR-050/GO;Sul;Colisão Lateral;2;;;;;;;;;;4;;;;
11/02/2017;12:21:00;112;sem vítima;276,8;BR-050/GO;Sul;Choque - Defensa, barreira ou meio fio;1;;;;;;;;;;1;;;;
11/02/2017;15:28:00;131;sem vítima;53,1;BR-050/MG;Sul;Choque - Elemento de Drenagem;1;;;;;;;;;;5;;;;
11/02/2017;20:51:00;192;sem vítima;185,6;BR-050/GO;Norte;Choque - Suporte de Sinalização;1;;;;;;;;;;1;;;;
11/02/2017;20:54:00;193;com vítima;128;BR-050/MG;Sul;Colisão Traseira;1;;1;;;;;;;;1;1;;;
12/02/2017;00:55:00;7;com vítima;179,1;BR-050/MG;Norte;Colisão Traseira;2;;;;;;;;;;4;1;;;
12/02/2017;02:50:00;11;sem vítima;99,8;BR-050/GO;Norte;Saida de Pista;;;;;;;;;;1;2;;;;
12/02/2017;13:54:00;95;sem vítima;60;BR-050/MG;Norte;Capotamento;1;;;;;;;;;;1;;;;
12/02/2017;18:00:00;133;sem vítima;279;BR-050/GO;Sul;Colisão Transversal;2;;;;;;;;;;6;;;;
12/02/2017;18:22:00;138;sem vítima;139,5;BR-050/MG;Norte;Saida de Pista;;;1;;;;;;;;1;;;;
12/02/2017;20:34:00;188;com vítima;167,8;BR-050/MG;Sul;Choque - Defensa, barreira ou meio fio;;;;1;;;;;;;0;;1;;
13/02/2017;01:11:00;3;com vítima;42,1;BR-050/MG;Norte;Carreta deu L;;;1;;;;;;;;0;;1;;
13/02/2017;06:52:00;35;com vítima;140,46;BR-050/MG;Norte;Saida de Pista;;;1;;;;;;;;1;;1;;
13/02/2017;23:15:00;269;com vítima;57,86;BR-050/MG;Sul;Capotamento;1;;;;;;;;;;0;;2;;
14/02/2017;10:11:00;82;sem vítima;38,9;BR-050/MG;Sul;Colisão Lateral;1;;1;;;;;;;;2;;;;
14/02/2017;11:27:00;99;com vítima;140,5;BR-050/MG;Norte;Capotamento;1;;;;;;;;;;0;;1;;
16/02/2017;07:00:00;41;com vítima;174,16;BR-050/MG;Norte;Queda de Moto;;;;1;;;;;;;0;;1;;
16/02/2017;18:59:00;208;sem vítima;58,5;BR-050/MG;Norte;Colisão Lateral;2;;;;;;;;;;5;;;;
16/02/2017;23:08:00;254;sem vítima;175,5;BR-050/MG;Sul;Saida de Pista;1;;;;;;;;;;1;;;;
17/02/2017;05:01:00;20;sem vítima;304,9;BR-050/GO;Sul;Colisão Traseira;;;1;;;;;;;1;2;;;;
17/02/2017;05:40:00;22;sem vítima;117,23;BR-050/MG;Sul;Carreta deu L;;;1;;;;;;;;2;;;;
17/02/2017;09:51:00;112;sem vítima;168,84;BR-050/MG;Norte;Choque - Elemento de Drenagem;;;1;;;;;;;;1;;;;
17/02/2017;10:48:00;124;sem vítima;129,26;BR-050/GO;Sul;Colisão Traseira;1;;1;;;;;;;;7;;;;
17/02/2017;13:02:00;145;sem vítima;109,42;BR-050/MG;Norte;Saida de Pista;1;;;;;;;;;;1;;;;
17/02/2017;16:06:00;176;sem vítima;107;BR-050/MG;Norte;Choque - Defensa, barreira ou meio fio;1;;;;;;;;;;1;;;;
17/02/2017;19:26:00;228;sem vítima;21,9;BR-050/MG;Norte;Carreta deu L;;;1;;;;;;;;1;;;;
17/02/2017;23:10:00;270;sem vítima;177,8;BR-050/GO;Norte;Atropelamento de Animal;1;;;;;;;;;;2;;;;
18/02/2017;20:04:00;219;sem vítima;170,1;BR-050/MG;Norte;Choque - Defensa, barreira ou meio fio;1;;;;;;;;;;1;;;;
18/02/2017;20:07:00;220;com vítima;53,5;BR-050/MG;Norte;Queda de Moto;;;;1;;;;;;;0;;2;;
19/02/2017;04:36:00;20;sem vítima;7,5;BR-050/MG;Norte;Queda de Moto;;;;1;;;;;;;1;;;;
19/02/2017;05:47:00;26;sem vítima;135,3;BR-050/MG;Sul;Colisão Traseira;1;;;;;;;;;1;4;;;;
19/02/2017;06:41:00;40;sem vítima;44,8;BR-050/MG;Norte;Choque - Defensa, barreira ou meio fio;1;;;;;;;;;;1;;;;
19/02/2017;23:09:00;242;sem vítima;266;BR-050/GO;Sul;Tombamento;;;1;;;;;;;;2;;;;
19/02/2017;23:14:00;245;sem vítima;266;BR-050/GO;Norte;Saida de Pista;;;;;;;;;;1;1;;;;
20/02/2017;07:29:00;55;com vítima;280,6;BR-050/GO;Sul;Colisão Transversal;1;;;1;;;;;;;1;1;;;
20/02/2017;13:24:00;141;sem vítima;57,35;BR-050/MG;Sul;Saida de Pista;;;1;;;;;;;;1;;;;
20/02/2017;14:14:00;147;sem vítima;46,45;BR-050/MG;Sul;Saida de Pista;1;;;;;;;;;;5;;;;
21/02/2017;07:28:00;65;com vítima;3,94;CONTORNO;Sul;Tombamento;;;2;;;;;;;;1;;1;;
21/02/2017;08:50:00;82;com vítima;223,44;BR-050/GO;Norte;Colisão Traseira;;;;1;;;;;;1;2;1;;;
21/02/2017;14:29:00;133;com vítima;117,1;BR-050/GO;Sul;Choque - Elemento de Drenagem;;;;;;;;;;1;0;2;;;
21/02/2017;16:50:00;158;com vítima;163,6;BR-050/MG;Sul;Colisão Traseira;;;;;;;;;;2;6;;1;;
21/02/2017;20:46:00;226;sem vítima;32,6;BR-050/MG;Norte;Atropelamento de Animal;1;;;;;;;;;;1;;;;
22/02/2017;08:11:00;64;com vítima;91,64;BR-050/MG;Norte;Capotamento;1;;;;;;;;;;0;;;1;
22/02/2017;09:30:00;81;sem vítima;117,3;BR-050/MG;Sul;Saida de Pista;1;;;;;;;;;;1;;;;
22/02/2017;17:32:00;159;com vítima;63,12;BR-050/MG;Norte;Queda de Moto;;;;1;;;;;;;0;;1;;
22/02/2017;18:04:00;169;sem vítima;116,4;BR-050/MG;Sul;Colisão Traseira;;;2;;;;;;;;2;;;;
23/02/2017;09:10:00;89;sem vítima;21;CONTORNO;Norte;Colisão Lateral;2;;;;;;;;;;3;;;;
23/02/2017;12:55:00;144;com vítima;155,2;BR-050/MG;Sul;Tombamento;;;1;;;;;;;;0;;1;;
23/02/2017;13:35:00;155;com vítima;104,648;BR-050/MG;Sul;Carreta deu L;;;1;;;;;;;;0;;1;;
24/02/2017;07:23:00;74;sem vítima;273,5;BR-050/GO;Sul;Queda de Moto;;;;1;;;;;;;1;;;;
24/02/2017;16:22:00;195;sem vítima;175,5;BR-050/MG;Sul;Capotamento;1;;;;;;;;;;4;;;;
24/02/2017;16:22:00;196;sem vítima;175,5;BR-050/MG;Sul;Choque - Suporte de Sinalização;;;;;;;;;;1;1;;;;
24/02/2017;20:17:00;268;com vítima;125;BR-050/GO;Norte;Atropelamento - Andarilho;1;;;;;;;;;;1;;;1;
24/02/2017;20:17:00;269;sem vítima;177;BR-050/MG;Norte;Saida de Pista;1;;;;;;;;;;2;;;;
25/02/2017;14:29:00;132;com vítima;296,85;BR-050/GO;Sul;Colisão Frontal;2;;1;;;;;;;;1;;2;3;
25/02/2017;15:38:00;140;com vítima;106,1;BR-050/GO;Sul;Capotamento;1;;;;;;;;;;0;1;;;
25/02/2017;18:43:00;171;sem vítima;6,6;BR-050/MG;Sul;Choque - Suporte de Sinalização;1;;;;;;;;;;2;;;;
26/02/2017;01:49:00;10;sem vítima;78,35;BR-050/MG;Sul;Choque - Elemento de Drenagem;1;;;;;;;;;;1;;;;
26/02/2017;03:27:00;15;sem vítima;96,5;BR-050/GO;Norte;Choque - Barranco;;;;;;;;;;1;1;;;;
26/02/2017;03:28:00;16;sem vítima;31,5;BR-050/MG;Norte;Saida de Pista;1;;;;;;;;;;1;;;;
26/02/2017;09:02:00;80;com vítima;180,14;BR-050/MG;Sul;Choque - Poste;;;;1;;;;;;;1;1;;;
26/02/2017;12:49:00;107;sem vítima;27,4;BR-050/MG;Norte;Saida de Pista;1;;;;;;;;;;2;;;;
26/02/2017;15:23:00;121;sem vítima;28;BR-050/MG;Norte;Colisão Lateral;;;2;;;;;;;;3;;;;
26/02/2017;19:32:00;176;sem vítima;201,8;BR-050/MG;Norte;Atropelamento de Animal;;;1;;;;;;;;1;;;;
26/02/2017;23:44:00;201;com vítima;176,4;BR-050/MG;Norte;Capotamento;;;;;;;;;;1;0;1;;;
27/02/2017;13:27:00;98;sem vítima;113,54;BR-050/MG;Norte;Choque - Elemento de Drenagem;1;;;;;;;;;;1;;;;
27/02/2017;20:37:00;172;com vítima;153,72;BR-050/GO;Sul;Capotamento;1;;;;;;;;;;1;2;;;
28/02/2017;17:38:00;140;sem vítima;118;BR-050/MG;Norte;Colisão Lateral;1;;1;;;;;;;;5;;;;
28/02/2017;18:27:00;153;com vítima;36;BR-050/MG;Norte;Choque - Defensa, barreira ou meio fio;1;;;;;;;;;;3;1;;;
28/02/2017;18:40:00;156;sem vítima;54,7;BR-050/MG;Sul;Choque - Defensa, barreira ou meio fio;1;;;;;;;;;;1;;;;
28/02/2017;19:03:00;168;sem vítima;25;BR-050/MG;Sul;Choque - Elemento de Drenagem;1;;;;;;;;;;2;;;;
01/03/2017;07:22:00;57;com vítima;177,4;BR-050/MG;Sul;Colisão Lateral;1;;;;;;;;;1;2;;1;;
01/03/2017;11:24:00;103;com vítima;7,8;BR-050/MG;Norte;Colisão Traseira;2;;;;;;;;;;3;1;;;
02/03/2017;12:59:00;122;sem vítima;0,32;BR-050/MG;Norte;Choque - Defensa, barreira ou meio fio;1;;;;;;;;;;1;;;;
02/03/2017;13:03:00;124;com vítima;280,6;BR-050/GO;Norte;Colisão Transversal;1;;;;;;;;;1;2;1;;;
02/03/2017;13:13:00;128;com vítima;279;BR-050/GO;Sul;Colisão Lateral;;;1;1;;;;;;;1;1;;;
03/03/2017;12:16:00;123;com vítima;176,18;BR-050/MG;Sul;Colisão Traseira;;;2;;;;;;;;0;;2;;
03/03/2017;20:06:00;217;com vítima;97;BR-050/GO;Norte;Queda de Moto;;;;1;;;;;;;0;;2;;
04/03/2017;09:00:00;84;sem vítima;49,15;BR-050/MG;Sul;Saida de Pista;1;;;;;;;;;;1;;;;
04/03/2017;09:35:00;89;sem vítima;127,2;BR-050/GO;Norte;Colisão Traseira;1;;;;;;;;;1;6;;;;
04/03/2017;21:53:00;218;sem vítima;173,5;BR-050/MG;Norte;Choque - Defensa, barreira ou meio fio;1;;;;;;;;;;1;;;;
04/03/2017;23:30:00;227;sem vítima;162,5;BR-050/MG;Norte;Choque - Defensa, barreira ou meio fio;1;;;;;;;;;;5;;;;
05/03/2017;04:02:00;10;com vítima;194,04;BR-050/MG;Sul;Choque - Defensa, barreira ou meio fio;1;;;;;;;;;;3;1;;;
05/03/2017;04:11:00;12;sem vítima;44,4;BR-050/MG;Sul;Saida de Pista;1;;;;;;;;;;5;;;;
05/03/2017;08:02:00;67;sem vítima;22;BR-050/MG;Norte;Choque - Defensa, barreira ou meio fio;1;;;;;;;;;;1;;;;
05/03/2017;11:14:00;84;sem vítima;7,95;Contorno;Sul;Tombamento;;;1;;;;;;;;1;;;;
05/03/2017;17:37:00;116;sem vítima;174,963;BR-050/MG;Norte;Choque - Defensa, barreira ou meio fio;1;;;;;;;;;;4;;;;
05/03/2017;21:54:00;175;sem vítima;282;BR-050/GO;Sul;Atropelamento de Animal;1;;;;;;;;;;1;;;;
05/03/2017;23:49:00;191;com vítima;188;BR-050/GO;Sul;Tombamento;;;1;;;;;;;;0;;1;;
06/03/2017;08:20:00;93;sem vítima;175,7;BR-050/MG;Norte;Choque - Defensa, barreira ou meio fio;1;;;;;;;;;;1;;;;
06/03/2017;12:47:00;146;sem vítima;163,1;BR-050/GO;Norte;Saida de Pista;1;;;;;;;;;;1;;;;
06/03/2017;15:22:00;173;sem vítima;129,5;BR-050/MG;Norte;Choque - Obstáculo Fixo;1;;;;;;;;;;1;;;;
06/03/2017;15:29:00;175;com vítima;169;BR-050/MG;Norte;Queda de Moto;;;;1;;;;;;;0;1;;;
06/03/2017;18:37:00;210;com vítima;208,5;BR-050/GO;Sul;Queda de Moto;;;;1;;;;;;;0;1;;;
07/03/2017;05:07:00;23;sem vítima;114,4;BR-050/MG;Sul;Tombamento;;;1;;;;;;;;1;;;;
07/03/2017;07:56:00;75;sem vítima;250,6;BR-050/GO;Norte;Choque - Defensa, barreira ou meio fio;;;1;;;;;;;;1;;;;
07/03/2017;08:03:00;78;com vítima;56,15;BR-050/MG;Norte;Capotamento;;;1;;;;;;;;0;;;;1
07/03/2017;12:21:00;137;com vítima;32,58;BR-050/MG;Norte;Atropelamento - Ciclista;;1;;;;;;;;;0;1;;;
09/03/2017;19:34:00;231;sem vítima;37,9;BR-050/MG;Sul;Choque - Defensa, barreira ou meio fio;1;;;;;;;;;;1;;;;