data;horario;n_da_ocorrencia;tipo_de_ocorrencia;km;trecho;sentido;tipo_de_acidente;automovel;bicicleta;caminhao;moto;onibus;outros;tracao_animal;transporte_de_cargas_especiais;trator_maquinas;utilitarios;ilesos;levemente_feridos;moderadamente_feridos;gravemente_feridos;mortos
13/08/2017;19:44:00;134;sem vítima;98,8;BR-050/GO;Norte;Saida de Pista;1;;;;;;;;;;1;;;;
14/08/2017;05:20:00;21;sem vítima;168,6;BR-050/GO;Norte;Saida de Pista;1;;;;;;;;;;4;;;;
14/08/2017;06:44:00;26;com vítima;169;BR-050/MG;Norte;Capotamento;1;;;;;;;;;;0;;;1;
14/08/2017;06:58:00;28;com vítima;8;Contorno;Sul;Saida de Pista;1;;;;;;;;;;0;1;;;
14/08/2017;13:37:00;97;com vítima;98;BR-050/GO;Norte;Colisão Lateral;;;;1;;;;;;1;1;1;;;
14/08/2017;16:10:00;114;com vítima;174,1;BR-050/MG;Sul;Capotamento;1;;;;;;;;;;0;;1;;
15/08/2017;02:39:00;10;com vítima;186;BR-050/MG;Norte;Atropelamento - Usuário;;;;;;;;;;1;1;;1;;
15/08/2017;13:32:00;111;com vítima;112,7;BR-050/MG;Norte;Colisão Traseira;;;2;;;;;;;;1;1;;;
15/08/2017;14:48:00;129;com vítima;22;BR-050/MG;Sul;Queda de Moto;;;;1;;;;;;;1;1;;;
16/08/2017;07:47:00;55;com vítima;18;Contorno;Sul;Tombamento;1;;;;;;;;;;0;;1;;
16/08/2017;14:35:00;152;com vítima;101,45;BR-050/MG;Norte;Capotamento;;;;;;;;;;1;0;;1;;
16/08/2017;14:35:00;153;sem vítima;53;BR-050/MG;Sul;Colisão Traseira;1;;;;;;;;;1;5;;;;
16/08/2017;17:41:00;196;sem vítima;278,6;BR-050/GO;Sul;Colisão Transversal;;;1;;;;;;;1;2;;;;
16/08/2017;17:49:00;199;sem vítima;144;BR-050/GO;Sul;Colisão Lateral;;;2;;;;;;;;3;;;;
16/08/2017;22:48:00;251;com vítima;95,7;BR-050/GO;Sul;Colisão Lateral;;;;1;;;;;;;0;1;;;
17/08/2017;03:25:00;15;com vítima;159;BR-050/GO;Norte;Tombamento;;;1;;;;;;;;0;;2;;
17/08/2017;07:06:00;38;com vítima;280;BR-050/GO;Sul;Colisão Transversal;;;;1;;;;;;1;1;;1;;
19/08/2017;01:15:00;9;com vítima;179;BR-050/MG;Norte;Capotamento;1;;;;;;;;;;0;1;;;
19/08/2017;05:43:00;31;com vítima;302;BR-050/GO;Norte;Colisão Transversal;;;2;;;;;;;;1;;1;;
19/08/2017;15:41:00;134;sem vítima;280;BR-050/GO;Sul;Colisão Lateral;1;;;;;;;;;1;4;;;;
20/08/2017;04:37:00;28;com vítima;44;BR-050/MG;Sul;Choque - Defensa, barreira ou meio fio;1;;;;;;;;;;0;1;;;
20/08/2017;06:42:00;42;sem vítima;198,06;BR-050/MG;Sul;Choque - Obstáculo Fixo;;;1;;;;;;;;2;;;;
20/08/2017;16:50:00;141;com vítima;55,74;BR-050/MG;Sul;Capotamento;1;;;;;;;;;;0;;;1;
20/08/2017;17:40:00;148;com vítima;202,7;BR-050/MG;Norte;Tombamento;;;1;;;;;;;;0;;1;;
21/08/2017;05:30:00;23;com vítima;80;BR-050/MG;Sul;Capotamento;1;;;;;;;;;;0;;1;;
21/08/2017;18:23:00;174;com vítima;19;Contorno;Norte;Colisão Traseira;2;;;;;;;;;1;6;;1;;
22/08/2017;20:58:00;204;com vítima;279;BR-050/GO;Norte;Colisão Lateral;1;;1;;;;;;;;1;;1;;
22/08/2017;23:57:00;224;sem vítima;306,7;BR-050/GO;Sul;Colisão Traseira;;;2;;;;;;;;2;;;;
23/08/2017;07:37:00;43;sem vítima;117,6;BR-050/MG;Norte;Colisão Traseira;;;2;;;;;;;;2;;;;
23/08/2017;17:38:00;188;com vítima;77,9;BR-050/MG;Sul;Queda de Moto;;;;1;;;;;;;1;;1;;
23/08/2017;17:44:00;190;com vítima;236;BR-050/GO;Sul;Queda de Ciclista;;1;;;;;;;;;0;;1;;
23/08/2017;23:21:00;238;sem vítima;0,44;BR-050/MG;Sul;Colisão Lateral;;;3;;;;;;;;3;;;;
24/08/2017;14:56:00;160;com vítima;280,6;BR-050/GO;Sul;Colisão Transversal;;;1;;;;;;;1;1;1;;;
24/08/2017;15:24:00;165;sem vítima;174,3;BR-050/MG;Sul;Colisão Traseira;;;1;;;;;;;1;3;;;;
24/08/2017;19:43:00;212;com vítima;80;BR-050/MG;Sul;Saida de Pista;1;;;;;;;;;;0;4;;;
24/08/2017;19:45:00;213;sem vítima;80;BR-050/MG;Sul;Atropelamento de Animal;1;;;;;;;;;;1;;;;
25/08/2017;00:39:00;4;com vítima;129,52;BR-050/MG;Sul;Saida de Pista;;;1;;;;;;;;0;1;;;
25/08/2017;07:11:00;37;com vítima;176,5;BR-050/MG;Norte;Colisão Lateral;3;;1;;;;;;;;2;2;1;;
25/08/2017;07:25:00;42;com vítima;175,9;BR-050/MG;Norte;Choque - Defensa, barreira ou meio fio;1;;;;;;;;;;0;;2;;
25/08/2017;16:12:00;159;com vítima;190;BR-050/MG;Sul;Choque - Defensa, barreira ou meio fio;1;;;;;;;;;;0;;1;;
25/08/2017;21:41:00;219;com vítima;147,8;BR-050/MG;Norte;Capotamento;1;;;;;;;;;;0;;2;;
26/08/2017;01:35:00;11;com vítima;77;BR-050/MG;Sul;Queda de Moto;;;;1;;;;;;;0;;2;;
26/08/2017;05:39:00;27;com vítima;55,5;BR-050/MG;Norte;Tombamento;1;;1;;;;;;;;0;4;;;
26/08/2017;06:26:00;30;com vítima;55;BR-050/MG;Norte;Queda de Moto;;;;1;;;;;;;0;1;;;
26/08/2017;10:01:00;75;com vítima;51,6;BR-050/MG;Sul;Queda de Moto;;;;1;;;;;;;0;1;;;
26/08/2017;19:00:00;162;com vítima;278,9;BR-050/GO;Sul;Colisão Lateral;1;;;1;;;;;;;1;1;;;
26/08/2017;21:22:00;184;sem vítima;178;BR-050/MG;Norte;Colisão Traseira;1;;;;;1;;;;;2;;;;
27/08/2017;10:23:00;46;com vítima;3,7;BR-050/MG;Sul;Queda de Ciclista;;;;1;;;;;;;0;;1;;
27/08/2017;16:35:00;111;com vítima;176,2;BR-050/MG;Sul;Queda de Moto;;;;1;;;;;;;1;;1;;
27/08/2017;20:03:00;148;sem vítima;19;Contorno;Norte;Colisão Lateral;;;;;;;;;;1;1;;;;
28/08/2017;11:48:00;88;sem vítima;97,9;BR-050/GO;Sul;Colisão Transversal;2;;;;;;;;;;2;;;;
28/08/2017;11:50:00;89;sem vítima;280;BR-050/GO;Sul;Colisão Transversal;1;;1;;;;;;;;3;;;;
28/08/2017;20:18:00;199;com vítima;78,91;BR-050/MG;Sul;Colisão Traseira;1;;;1;;;;;;;1;;;2;
29/08/2017;10:37:00;86;com vítima;179;BR-050/MG;Norte;Atropelamento - Morador;;;1;;;;;;;;1;;1;;
30/08/2017;07:40:00;34;sem vítima;209,5;BR-050/GO;Norte;Colisão Traseira;;;2;;;;;;;;2;;;;
30/08/2017;10:00:00;78;sem vítima;218;BR-050/GO;Norte;Colisão Lateral;;;2;;;1;;;;;3;;;;
30/08/2017;10:36:00;93;com vítima;95,2;BR-050/MG;Sul;Colisão Lateral;1;;1;;;;;;;;0;2;1;;
30/08/2017;18:46:00;192;com vítima;42;BR-050/MG;Norte;Colisão Lateral;1;;1;;;;;;;;1;;2;;
30/08/2017;21:55:00;223;sem vítima;153;BR-050/MG;Sul;Tombamento;;;1;;;;;;;;1;;;;
30/08/2017;23:49:00;233;com vítima;153,6;BR-050/GO;Norte;Capotamento;;;;;;;;;;1;0;2;;;
31/08/2017;04:19:00;21;com vítima;175;BR-050/MG;Sul;Capotamento;1;;;;;;;;;;0;1;1;;
31/08/2017;06:07:00;26;com vítima;102;BR-050/GO;Norte;Choque - Arvore;1;;;;;;;;;;0;;1;1;
31/08/2017;10:30:00;80;com vítima;270,05;BR-050/GO;Norte;Colisão Frontal;;;;;;;;;;2;1;;1;;
31/08/2017;14:35:00;143;sem vítima;23,4;BR-050/MG;Sul;Choque - Talude;1;;;;;;;;;;1;;;;
01/07/2017;06:36:00;33;com vítima;203,28;BR-050/MG;Norte;Colisão Traseira;;;1;;;;;;;1;0;2;;;
02/07/2017;19:28:00;139;com vítima;82,92;BR-050/MG;Sul;Queda de Ciclista;;1;;;;;;;;;0;;1;;
03/07/2017;05:11:00;16;sem vítima;125,9;BR-050/MG;Sul;Atropelamento de Animal;1;;;;;;;;;;2;;;;
03/07/2017;11:35:00;96;sem vítima;247,5;BR-050/GO;Norte;Colisão Traseira;2;;;;;;;;;;2;;;;
04/07/2017;06:28:00;20;com vítima;117,7;BR-050/MG;Norte;Colisão Traseira;;;2;;;;;;;;1;;1;;
04/07/2017;11:49:00;81;sem vítima;0,4;BR-050/MG;Sul;Choque - Suporte de Sinalização;1;;;;;;;;;;2;;;;
04/07/2017;16:10:00;128;sem vítima;312,7;BR-050/GO;Norte;Carreta deu L;;;1;;;;;;;;1;;;;
04/07/2017;18:10:00;144;com vítima;278,05;BR-050/GO;Norte;Colisão Transversal;1;;;1;;;;;;;2;1;;;
04/07/2017;18:39:00;151;sem vítima;101,9;BR-050/MG;Sul;Capotamento;1;;;;;;;;;;2;;;;
05/07/2017;04:05:00;11;sem vítima;129,15;BR-050/MG;Norte;Tombamento;;;1;;;;;;;;3;;;;
05/07/2017;07:09:00;25;com vítima;177,5;BR-050/MG;Norte;Choque - Defensa, barreira ou meio fio;1;;;;;;;;;;0;1;;;
05/07/2017;07:09:00;28;com vítima;177,5;BR-050/MG;Norte;Choque - Defensa, barreira ou meio fio;2;;;;;;;;;;1;1;;;
06/07/2017;18:25:00;178;sem vítima;105,9;BR-050/MG;Norte;Colisão Traseira;1;;1;;;;;;;;3;;;;
07/07/2017;08:21:00;45;sem vítima;24,9;BR-050/MG;Sul;Queda de Moto;;;;1;;;;;;;1;;;;
07/07/2017;08:58:00;51;sem vítima;196;BR-050/MG;Sul;Choque - Defensa, barreira ou meio fio;1;;;;;;;;;;3;;;;
07/07/2017;10:50:00;70;com vítima;127,22;BR-050/GO;Sul;Choque - Obstáculo Fixo;1;;;;;;;;;;0;4;;;
07/07/2017;12:48:00;86;sem vítima;62,3;BR-050/MG;Norte;Saida de Pista;1;;;;;;;;;;1;;;;
07/07/2017;14:11:00;99;com vítima;146,3;BR-050/GO;Sul;Queda de Moto;;;;1;;;;;;;1;1;;;
07/07/2017;16:57:00;129;com vítima;59,78;BR-050/MG;Sul;Colisão Lateral;2;;1;;;;;;;;1;3;1;;
07/07/2017;17:41:00;139;com vítima;170,08;BR-050/MG;Norte;Choque - Suporte de Sinalização;;;;1;;;;;;;0;;;1;
07/07/2017;22:46:00;174;sem vítima;294;BR-050/GO;Sul;Atropelamento de Animal;1;;;;;;;;;;1;;;;
08/07/2017;02:26:00;10;com vítima;276;BR-050/GO;Sul;Choque - Defensa, barreira ou meio fio;;;;1;;;;;;;0;;;;1
08/07/2017;03:17:00;12;sem vítima;185;BR-050/GO;Norte;Atropelamento de Animal;1;;;;;;;;;;1;;;;
08/07/2017;12:05:00;75;com vítima;4,2;Contorno;Sul;Saida de Pista;1;;1;;;1;;;;;2;2;;;
09/07/2017;01:08:00;8;sem vítima;270,19;BR-050/GO;Sul;Colisão Transversal;2;;;;;;;;;;4;;;;
09/07/2017;19:07:00;124;sem vítima;175,5;BR-050/MG;Norte;Atropelamento de Animal;;;;;;;;;;1;1;;;;
10/07/2017;02:10:00;5;com vítima;82,55;BR-050/MG;Norte;Atropelamento de Animal;1;;;;;;;;;;0;2;;;
10/07/2017;05:25:00;11;com vítima;117,6;BR-050/GO;Norte;Colisão Traseira;1;;;;;;;;;1;0;;1;1;2
10/07/2017;07:58:00;41;com vítima;280,58;BR-050/GO;Sul;Colisão Transversal;1;;;1;;;;;;;1;;1;;
10/07/2017;10:29:00;81;sem vítima;292,4;BR-050/GO;Sul;Choque - Defensa, barreira ou meio fio;;;;;;;;;;1;1;;;;
10/07/2017;11:33:00;100;com vítima;175,64;BR-050/MG;Norte;Engavetamento;1;;2;;;;;;;1;1;2;1;;
10/07/2017;16:18:00;154;com vítima;135;BR-050/MG;Sul;Tombamento;;;1;;;;;;;;0;1;;;
11/07/2017;19:07:00;170;sem vítima;280;BR-050/GO;Sul;Colisão Transversal;1;;;;;;;;;1;2;;;;
11/07/2017;22:36:00;193;sem vítima;10,45;Contorno;Sul;Atropelamento de Animal;;;1;;;;;;;;1;;;;
12/07/2017;05:34:00;24;sem vítima;165,85;BR-050/GO;Sul;Atropelamento de Animal;1;;;;;;;;;;1;;;;
12/07/2017;11:34:00;86;com vítima;48,6;BR-050/MG;Norte;Saida de Pista;;;;;;;;;;1;0;1;;;
12/07/2017;12:03:00;89;com vítima;140,3;BR-050/MG;Norte;Saida de Pista;;;1;;;;;;;;0;1;;;
12/07/2017;13:45:00;109;sem vítima;143,2;BR-050/MG;Sul;Choque - Defensa, barreira ou meio fio;1;;;;;;;;;;2;;;;
13/07/2017;18:32:00;129;com vítima;39;BR-050/MG;Norte;Colisão Lateral;;1;;;;;;;;1;1;;1;;
13/07/2017;22:35:00;163;sem vítima;99,6;BR-050/GO;Norte;Colisão Frontal;1;;1;;;;;;;;2;;;;
14/07/2017;07:27:00;41;com vítima;178,96;BR-050/MG;Norte;Colisão Lateral;1;;1;;;;;;;;0;2;;;
14/07/2017;08:02:00;53;sem vítima;3,7;BR-050/MG;Sul;Saida de Pista;;;;;;;;;;1;2;;;;
14/07/2017;14:39:00;146;com vítima;195;BR-050/MG;Sul;Colisão Traseira;1;;;;;;;;;1;0;3;;;
14/07/2017;17:31:00;178;com vítima;192,4;BR-050/MG;Sul;Queda de Moto;;;;1;;;;;;;0;;2;;
15/07/2017;03:21:00;23;com vítima;64,5;BR-050/MG;Norte;Choque - Defensa, barreira ou meio fio;1;;;;;;;;;;0;2;;;
15/07/2017;04:21:00;30;com vítima;22,3;BR-050/MG;Sul;Tombamento;1;;;;;;;;;;1;1;2;;
15/07/2017;04:35:00;32;com vítima;170;BR-050/MG;Sul;Choque - Defensa, barreira ou meio fio;1;;;;;;;;;;0;2;;;
16/07/2017;01:04:00;4;sem vítima;114,4;BR-050/MG;Sul;Choque - Barranco;1;;;;;;;;;;1;;;;
16/07/2017;13:47:00;77;com vítima;17;BR-050/MG;Sul;Choque - Defensa, barreira ou meio fio;;;;1;;;;;;;0;;;1;
16/07/2017;17:13:00;114;com vítima;89,6;BR-050/MG;Sul;Queda de Moto;;;;1;;;;;;;0;1;1;;
16/07/2017;17:18:00;115;com vítima;36;BR-050/MG;Norte;Queda de Moto;;;;1;;;;;;;0;;1;;
16/07/2017;23:31:00;169;com vítima;97;BR-050/GO;Norte;Colisão Traseira;;;1;;;;;;;1;1;1;;;
17/07/2017;02:40:00;15;com vítima;182,6;BR-050/GO;Norte;Capotamento;1;;;;;;;;;;0;4;;;
17/07/2017;06:14:00;23;com vítima;61,8;BR-050/MG;Norte;Choque - Elemento de Drenagem;1;;;;;;;;;;0;1;;;
17/07/2017;11:58:00;85;com vítima;149,9;BR-050/MG;Sul;Saida de Pista;1;;;;;;;;;1;0;2;;;
17/07/2017;13:24:00;102;com vítima;134;BR-050/MG;Norte;Choque - Elemento de Drenagem;;;;;;;;;;2;1;2;;;
17/07/2017;14:25:00;114;com vítima;1,55;BR-050/MG;Sul;Choque - Elemento de Drenagem;1;;;;;;;;;;0;1;;;
18/07/2017;11:13:00;92;com vítima;163,4;BR-050/GO;Norte;Choque - Obstáculo Fixo;;;1;;;;;;;;0;1;;;
18/07/2017;20:14:00;185;com vítima;178;BR-050/GO;Norte;Tombamento;;;1;;;;;;;;0;1;;;
18/07/2017;20:34:00;191;com vítima;25,935;BR-050/MG;Sul;Tombamento;;;1;;;;;;;;0;1;1;;
19/07/2017;00:03:00;1;sem vítima;38,5;BR-050/MG;Norte;Choque - Obstáculo Fixo;1;;;;;;;;;;5;;;;
19/07/2017;07:44:00;44;com vítima;182,7;BR-050/GO;Norte;Capotamento;;;;;;;;;;1;1;1;;;
19/07/2017;18:31:00;184;com vítima;89;BR-050/MG;Norte;Capotamento;1;;;;;;;;;;0;;2;;
20/07/2017;07:41:00;47;com vítima;179,15;BR-050/MG;Norte;Colisão Traseira;1;;;1;;;;;;;0;4;;;
20/07/2017;11:44:00;105;sem vítima;12,18;BR-050/MG;Sul;Choque - Elemento de Drenagem;;;;;;;;;;1;1;;;;
20/07/2017;15:28:00;140;com vítima;60;BR-050/MG;Norte;Colisão Traseira;2;;;;;;;;;;0;5;;;
20/07/2017;18:05:00;165;com vítima;193;BR-050/MG;Sul;Colisão Traseira;;;2;;;;;;;;0;3;;;
21/07/2017;00:09:00;1;com vítima;31;BR-050/MG;Norte;Choque - Talude;1;;;;;;;;;;0;1;;;
21/07/2017;10:34:00;82;com vítima;60,4;BR-050/MG;Sul;Colisão Lateral;1;;1;;;;;;;;0;1;1;;
22/07/2017;02:58:00;10;sem vítima;162,5;BR-050/GO;Sul;Choque - Obstáculo Fixo;1;;;;;;;;;;1;;;;
22/07/2017;14:57:00;115;sem vítima;302,03;BR-050/GO;Norte;Carreta deu L;;;1;;;;;;;;1;;;;
22/07/2017;15:18:00;120;sem vítima;2,96;BR-050/MG;Norte;Saida de Pista;1;;;;;;;;;;3;;;;
22/07/2017;20:25:00;181;sem vítima;55,97;BR-050/MG;Sul;Choque - Objeto sobre a pista;1;;;;;;;;;;4;;;;
22/07/2017;21:47:00;198;com vítima;173,1;BR-050/MG;Norte;Colisão Lateral;3;;;;;;;;;;5;;4;;
23/07/2017;05:27:00;27;com vítima;35,1;BR-050/MG;Norte;Capotamento;1;;;;;;;;;;0;;2;;1
23/07/2017;06:30:00;32;sem vítima;53;BR-050/MG;Norte;Choque - Defensa, barreira ou meio fio;;;;;;;;;;1;2;;;;
23/07/2017;17:28:00;144;sem vítima;161,6;BR-050/MG;Norte;Colisão Traseira;2;;;;;;;;;;3;;;;
23/07/2017;19:56:00;171;com vítima;17,94;Contorno;Sul;Choque - Defensa, barreira ou meio fio;1;;;;;;;;;;0;2;;;
24/07/2017;15:34:00;104;com vítima;29,82;BR-050/MG;Sul;Choque - Defensa, barreira ou meio fio;;;;1;;;;;;;0;;1;;
24/07/2017;19:22:00;131;com vítima;93,1;BR-050/MG;Norte;Saida de Pista;1;;;;;;;;;;0;1;;;
24/07/2017;19:58:00;140;com vítima;190,1;BR-050/MG;Norte;Colisão Traseira;;;1;;;;;;;1;1;;;1;
25/07/2017;11:53:00;95;com vítima;16,3;Contorno;Sul;Colisão Frontal;;;;;;;;;;2;1;;2;;
25/07/2017;17:23:00;151;com vítima;27,95;BR-050/MG;Sul;Choque - Veiculo parado na pista;2;;1;;;;;;;;4;1;1;;
26/07/2017;06:35:00;24;com vítima;62;BR-050/MG;Norte;Saida de Pista;;;1;;;;;;;;0;1;;;
26/07/2017;06:40:00;26;com vítima;83;BR-050/MG;Norte;Tombamento;;;1;;;;;;;;0;;1;;
26/07/2017;15:02:00;119;sem vítima;180;BR-050/MG;Norte;Saida de Pista;1;;;;;;;;;;1;;;;
26/07/2017;19:46:00;177;com vítima;175,3;BR-050/MG;Norte;Capotamento;1;;1;;;;;;;;1;1;4;;
27/07/2017;02:33:00;13;com vítima;306,6;BR-050/GO;Norte;Choque - Defensa, barreira ou meio fio;;;1;;;;;;;;0;1;;;
27/07/2017;04:44:00;21;sem vítima;42,3;BR-050/MG;Norte;Queda de Moto;;;;1;;;;;;;1;;;;
27/07/2017;07:32:00;41;sem vítima;247,6;BR-050/GO;Norte;Colisão Traseira;1;;1;;;;;;;;2;;;;
27/07/2017;11:39:00;124;com vítima;40;BR-050/MG;Sul;Engavetamento;2;;;;;;;;;1;9;1;;;
27/07/2017;18:33:00;195;com vítima;176,3;BR-050/MG;Norte;Choque - Arvore;1;;;;;;;;;;0;1;;;
28/07/2017;14:20:00;99;com vítima;5,9;BR-050/MG;Norte;Choque - Poste;1;;;;;;;;;;0;;1;;
28/07/2017;14:21:00;100;sem vítima;135,5;BR-050/GO;Sul;Choque - Poste;1;;;;;;;;;;3;;;;
28/07/2017;19:21:00;166;com vítima;37,5;BR-050/MG;Norte;Choque - Defensa, barreira ou meio fio;1;;;;;;;;;;1;2;;;
29/07/2017;12:01:00;56;com vítima;17,06;BR-050/MG;Sul;Colisão Traseira;;;;2;;;;;;;0;2;;;
29/07/2017;12:50:00;65;com vítima;3,7;BR-050/MG;Sul;Queda de Moto;;;;1;;;;;;;0;;1;;
29/07/2017;16:09:00;100;com vítima;114,1;BR-050/MG;Sul;Choque - Objeto sobre a pista;;;;;;;;;;1;0;2;;;
29/07/2017;20:04:00;143;sem vítima;8;BR-050/MG;Norte;Colisão Lateral;2;;;;;;;;;;5;;;;
29/07/2017;20:39:00;148;com vítima;78,2;BR-050/MG;Norte;Colisão Traseira;;;1;1;;;;;;;1;1;;;
29/07/2017;21:07:00;155;com vítima;31;BR-050/MG;Norte;Saida de Pista;1;;;;;;;;;;0;1;;;
29/07/2017;21:26:00;157;com vítima;183;BR-050/MG;Norte;Colisão Traseira;1;;;;;1;;;;;1;;1;;
30/07/2017;07:02:00;37;com vítima;154;BR-050/MG;Sul;Choque - Obstáculo Fixo;1;;;;;;;;;;0;3;;;
01/09/2017;02:50:00;14;com vítima;180;BR-050/MG;Norte;Queda de Moto;;;;1;;;;;;;0;1;;;
01/09/2017;12:36:00;117;sem vítima;81;BR-050/MG;Norte;Colisão Traseira;2;;;;;;;;;;3;;;;
01/09/2017;13:40:00;128;com vítima;177;BR-050/MG;Norte;Queda de Moto;;;;2;;;;;;;0;2;1;;
01/09/2017;17:10:00;166;com vítima;154,6;BR-050/MG;Sul;Saida de Pista;1;;;;;;;;;;0;1;;;
02/09/2017;10:52:00;61;sem vítima;140,15;BR-050/GO;Norte;Saida de Pista;1;;;;;;;;;;2;;;;
02/09/2017;19:33:00;142;com vítima;32;BR-050/MG;Sul;Colisão Lateral;1;;;1;;;;;;;1;1;;;
02/09/2017;19:47:00;143;com vítima;177;BR-050/MG;Sul;Colisão Lateral;1;;;1;;;;;;;1;;1;;
02/09/2017;22:27:00;166;com vítima;177;BR-050/MG;Sul;Capotamento;;;;;;;;;;1;0;;;1;
03/09/2017;01:48:00;7;com vítima;178,2;BR-050/MG;Norte;Queda de Moto;;;;1;;;;;;;0;;;1;
03/09/2017;15:13:00;95;com vítima;198,17;BR-050/MG;Sul;Colisão Traseira;2;;;;;;;;;;0;4;;;
03/09/2017;18:25:00;127;com vítima;93,2;BR-050/MG;Sul;Capotamento;1;;;;;;;;;;1;;1;;
03/09/2017;20:18:00;153;com vítima;85,8;BR-050/MG;Norte;Colisão Traseira;;;;1;;;;;;1;1;;1;;
03/09/2017;21:35:00;162;sem vítima;38;BR-050/MG;Norte;Choque - Talude;1;;;;;;;;;;1;;;;
04/09/2017;08:20:00;39;sem vítima;29,8;BR-050/MG;Sul;Choque - Defensa, barreira ou meio fio;1;;;;;;;;;;1;;;;
04/09/2017;09:54:00;63;sem vítima;60,98;BR-050/MG;Norte;Choque - Suporte de Sinalização;;;;;;;;;;1;1;;;;
04/09/2017;13:41:00;116;sem vítima;165,8;BR-050/GO;Sul;Choque - Suporte de Sinalização;1;;;;;;;;;;1;;;;
04/09/2017;15:09:00;131;com vítima;53,2;BR-050/MG;Sul;Choque - Talude;1;;;;;;;;;;0;1;;;
04/09/2017;16:00:00;147;sem vítima;77,67;BR-050/MG;Sul;Colisão Traseira;;;1;;;;;;;1;7;;;;
04/09/2017;18:02:00;177;com vítima;111,8;BR-050/GO;Sul;Colisão Lateral;2;;;;;;;;;;1;;;1;
04/09/2017;21:48:00;213;sem vítima;124,2;BR-050/GO;Norte;Choque - Defensa, barreira ou meio fio;1;;;;;;;;;;1;;;;
05/09/2017;06:17:00;31;com vítima;176;BR-050/MG;Norte;Queda de Moto;;;;1;;;;;;;0;;1;;
05/09/2017;20:47:00;203;com vítima;179,92;BR-050/MG;Norte;Choque - Defensa, barreira ou meio fio;;;;1;;;;;;;0;;1;1;
06/09/2017;06:45:00;35;com vítima;279,3;BR-050/GO;Norte;Colisão Frontal;1;1;;;;;;;;;1;1;;;
06/09/2017;09:06:00;77;sem vítima;272,95;BR-050/GO;Sul;Colisão Traseira;1;;;;;1;;;;;3;;;;
07/09/2017;11:41:00;91;com vítima;62,6;BR-050/MG;Sul;Tombamento;;;;;;;;;;1;1;1;;;
07/09/2017;17:28:00;167;sem vítima;18;Contorno;Norte;Colisão Lateral;2;;;;;;;;;;5;;;;
07/09/2017;19:45:00;187;sem vítima;46;BR-050/MG;Sul;Choque - Defensa, barreira ou meio fio;1;;;;;;;;;;1;;;;
07/09/2017;22:46:00;210;com vítima;128,4;BR-050/MG;Norte;Colisão Traseira;;;2;;;;;;;;0;1;1;;
09/09/2017;03:52:00;11;com vítima;182,18;BR-050/MG;Sul;Capotamento;1;;;;;;;;;;0;4;;;
09/09/2017;07:31:00;27;com vítima;138,22;BR-050/MG;Norte;Saida de Pista;1;;;;;;;;;;0;1;;;
09/09/2017;08:46:00;41;com vítima;170;BR-050/MG;Sul;Colisão Lateral;1;;;;;1;;;;;1;5;;;
09/09/2017;15:35:00;131;com vítima;100,005;BR-050/MG;Sul;Choque - Obstáculo Fixo;;;;;;;;;;1;0;;1;;
09/09/2017;18:08:00;159;com vítima;97,97;BR-050/GO;Norte;Colisão Transversal;2;;;;;;;;;;2;3;;;
10/09/2017;04:21:00;12;com vítima;21,8;BR-050/MG;Sul;Choque - Defensa, barreira ou meio fio;1;;;;;;;;;;2;2;2;;
10/09/2017;08:06:00;40;com vítima;171;BR-050/MG;Sul;Colisão Lateral;2;;;;;;;;;;0;4;;;
10/09/2017;13:27:00;80;sem vítima;15,6;BR-050/MG;Norte;Saida de Pista;1;;;;;;;;;;4;;;;
10/09/2017;14:03:00;86;com vítima;53;BR-050/MG;Sul;Colisão Lateral;2;;;;;;;;;;0;5;;;
11/09/2017;06:27:00;36;sem vítima;177,9;BR-050/MG;Sul;Atropelamento de Animal;;;;;;;;;;1;1;;;;
11/09/2017;06:56:00;43;com vítima;177,3;BR-050/MG;Sul;Colisão Traseira;2;;;;;;;;;;0;2;;;
11/09/2017;08:06:00;60;sem vítima;286,6;BR-050/GO;Norte;Colisão Traseira;1;;;;;;;;;1;3;;;;
11/09/2017;18:00:00;190;com vítima;88,7;BR-050/MG;Norte;Queda de Moto;;;;1;;;;;;;0;;2;;
11/09/2017;23:41:00;256;com vítima;178,35;BR-050/MG;Norte;Choque - Defensa, barreira ou meio fio;1;;;;;;;;;;0;1;;;
12/09/2017;13:04:00;134;com vítima;58,5;BR-050/MG;Norte;Queda de Moto;;;;1;;;;;;;0;;2;;
12/09/2017;16:48:00;190;sem vítima;142;BR-050/MG;Norte;Saida de Pista;1;;;;;;;;;;1;;;;
13/09/2017;13:23:00;125;com vítima;44,5;BR-050/MG;Sul;Capotamento;1;;;;;;;;;;0;;1;;
13/09/2017;15:07:00;148;com vítima;3,6;BR-050/MG;Sul;Queda de Moto;;;;1;;;;;;;0;1;;;
13/09/2017;21:58:00;235;com vítima;42,58;BR-050/MG;Sul;Capotamento;;;;;;;;;;1;0;;2;;
13/09/2017;22:28:00;240;com vítima;112,3;BR-050/GO;Norte;Colisão Traseira;;;1;;;;;;;1;1;1;;;
14/09/2017;03:25:00;18;com vítima;180;BR-050/MG;Sul;Choque - Obstáculo Fixo;;;;;;;;;;1;0;1;;;
14/09/2017;17:38:00;188;sem vítima;305;BR-050/GO;Norte;Colisão Traseira;;;2;;;;;;;;2;;;;
14/09/2017;19:04:00;209;com vítima;279,4;BR-050/GO;Norte;Colisão Frontal;;;;1;;;;;;1;0;;1;1;
14/09/2017;19:59:00;221;com vítima;178,9;BR-050/MG;Sul;Colisão Lateral;1;;1;;;;;;;;0;2;;;
15/09/2017;05:02:00;29;com vítima;179;BR-050/MG;Norte;Tombamento;;;1;;;;;;;;0;2;;;