data;horario;n_da_ocorrencia;tipo_de_ocorrencia;km;trecho;sentido;tipo_de_acidente;automovel;bicicleta;caminhao;moto;onibus;outros;tracao_animal;transporte_de_cargas_especiais;trator_maquinas;utilitarios;ilesos;levemente_feridos;moderadamente_feridos;gravemente_feridos;mortos
12/11/2017;04:33:00;26;sem vítima;307;BR-050/GO;Sul;Saida de Pista;1;;;;;;;;;;1;;;;
12/11/2017;17:59:00;153;com vítima;282;BR-050/GO;Sul;Colisão Transversal;;;;1;;;;;;;0;;1;;
12/11/2017;20:21:00;181;sem vítima;177,4;BR-050/MG;Sul;Capotamento;1;;;;;;;;;;1;;;;
13/11/2017;18:09:00;167;com vítima;81,1;BR-050/MG;Sul;Tombamento;;;1;;;;;;;;0;1;;;
13/11/2017;20:18:00;192;com vítima;182,2;BR-050/MG;Sul;Tombamento;;;1;;;;;;;;0;;2;;
14/11/2017;14:29:00;110;com vítima;2,54;BR-050/MG;Sul;Queda de Moto;;;;1;;;;;;;0;;;1;
14/11/2017;15:03:00;117;com vítima;162,4;BR-050/MG;Sul;Colisão Lateral;;;1;1;;;;;;;1;;;1;
14/11/2017;18:09:00;154;com vítima;15,5;Contorno;Sul;Tombamento;;;1;;;;;;;;0;1;;;
14/11/2017;22:11:00;201;sem vítima;10,5;BR-050/MG;Sul;Choque - Elemento de Drenagem;1;;;;;;;;;;2;;;;
15/11/2017;13:40:00;119;com vítima;172,6;BR-050/MG;Norte;Colisão Traseira;2;;;;;;;;;;0;3;;;
15/11/2017;20:14:00;184;com vítima;80,9;BR-050/MG;Norte;Choque - Defensa, barreira ou meio fio;;;;;;;;;;1;0;;1;;
16/11/2017;14:24:00;142;com vítima;177,3;BR-050/MG;Sul;Queda de Moto;;;;1;;;;;;;0;;2;;
16/11/2017;15:11:00;151;com vítima;162;BR-050/MG;Sul;Tombamento;;;;;1;;;;;;28;7;2;;
16/11/2017;16:11:00;160;com vítima;10;Contorno;Sul;Choque - Suporte de Sinalização;1;;;;;;;;;;0;;2;;
16/11/2017;21:50:00;215;sem vítima;29;BR-050/MG;Norte;Queda de Moto;;;;1;;;;;;;1;;;;
17/11/2017;13:22:00;134;sem vítima;49,7;BR-050/MG;Sul;Choque - Defensa, barreira ou meio fio;1;;;;;;;;;;2;;;;
17/11/2017;13:32:00;140;com vítima;53;BR-050/MG;Sul;Choque - Elemento de Drenagem;1;;;;;;;;;;0;;1;;
17/11/2017;15:53:00;158;sem vítima;52,6;BR-050/MG;Sul;Saida de Pista;1;;;;;;;;;;3;;;;
17/11/2017;16:08:00;162;com vítima;34,8;BR-050/MG;Sul;Capotamento;;;;;;;;;;1;0;;;1;
18/11/2017;00:23:00;5;com vítima;131,6;BR-050/GO;Sul;Capotamento;1;;;;;;;;;;0;;1;;
18/11/2017;08:12:00;49;sem vítima;304,85;BR-050/GO;Sul;Saida de Pista;;;1;;;;;;;;1;;;;
18/11/2017;12:35:00;91;sem vítima;174;BR-050/MG;Sul;Saida de Pista;1;;;;;;;;;;2;;;;
18/11/2017;12:48:00;95;com vítima;179,9;BR-050/MG;Norte;Queda de Moto;;;;1;;;;;;;0;;1;;
18/11/2017;16:03:00;124;sem vítima;17,05;BR-050/MG;Sul;Saida de Pista;1;;;;;;;;;;2;;;;
18/11/2017;17:27:00;137;com vítima;135,7;BR-050/MG;Norte;Choque - Elemento de Drenagem;1;;;;;;;;;;3;1;;;
19/11/2017;02:19:00;8;com vítima;63;BR-050/MG;Norte;Tombamento;1;;;;;;;;;;0;;;1;
19/11/2017;03:55:00;12;sem vítima;1,5;Contorno;Norte;Saida de Pista;1;;;;;;;;;;2;;;;
19/11/2017;07:06:00;23;sem vítima;251,4;BR-050/GO;Sul;Queda de Moto;;;;1;;;;;;;2;;;;
19/11/2017;12:03:00;74;sem vítima;144;BR-050/GO;Sul;Colisão Traseira;;;2;;;;;;;;2;;;;
19/11/2017;14:41:00;97;com vítima;175,7;BR-050/MG;Norte;Queda de Moto;;;;1;;;;;;;1;;1;;
19/11/2017;15:47:00;105;com vítima;53,95;BR-050/MG;Sul;Tombamento;1;;;;;;;;;;1;4;;;
19/11/2017;15:58:00;108;com vítima;177;BR-050/MG;Sul;Choque - Defensa, barreira ou meio fio;1;;;;;;;;;;0;4;1;;
19/11/2017;17:59:00;121;com vítima;60;BR-050/MG;Sul;Colisão Traseira;;;1;1;;;;;;;1;;1;;
20/11/2017;11:40:00;115;com vítima;152,64;BR-050/MG;Sul;Capotamento;;;;;;;;;;1;0;;1;;
21/11/2017;13:36:00;103;sem vítima;138,62;BR-050/GO;Sul;Tombamento;;;1;;;;;;;;1;;;;
21/11/2017;16:09:00;130;com vítima;22,04;BR-050/MG;Sul;Saida de Pista;1;;;;;;;;;;0;3;;;
21/11/2017;17:11:00;135;com vítima;118;BR-050/MG;Norte;Atropelamento - Andarilho;;;1;;;;;;;;1;;;;1
21/11/2017;22:51:00;176;sem vítima;42,7;BR-050/MG;Norte;Colisão Traseira;;;1;;;;;;;1;4;;;;
22/11/2017;01:06:00;5;com vítima;274;BR-050/GO;Sul;Colisão Frontal;1;;;;;;;;;1;0;2;;;
22/11/2017;02:15:00;8;sem vítima;115,8;BR-050/MG;Norte;Choque - Defensa, barreira ou meio fio;1;;;;;;;;;;1;;;;
22/11/2017;08:04:00;46;com vítima;19;Contorno;Sul;Choque - Defensa, barreira ou meio fio;1;;;;;;;;;;0;1;;;
22/11/2017;09:39:00;76;com vítima;154,72;BR-050/MG;Norte;Choque - Suporte de Sinalização;1;;;;;;;;;;0;1;1;;
22/11/2017;10:06:00;83;com vítima;164,45;BR-050/MG;Sul;Saida de Pista;1;;;;;;;;;;0;1;;;
22/11/2017;11:31:00;96;com vítima;124,9;BR-050/MG;Norte;Tombamento;;;1;;;;;;;;0;;1;;
22/11/2017;14:23:00;117;sem vítima;62,4;BR-050/MG;Sul;Choque - Elemento de Drenagem;1;;;;;;;;;;1;;;;
22/11/2017;20:16:00;161;sem vítima;30,78;BR-050/MG;Norte;Choque - Elemento de Drenagem;;;1;;;;;;;;1;;;;
22/11/2017;23:01:00;176;com vítima;128,3;BR-050/MG;Norte;Colisão Traseira;;;2;;;;;;;;0;1;1;;
23/11/2017;04:15:00;15;sem vítima;179,5;BR-050/MG;Sul;Saida de Pista;;;1;;;;;;;;1;;;;
23/11/2017;04:46:00;17;sem vítima;10,721;BR-050/MG;Norte;Choque - Elemento de Drenagem;;;1;;;;;;;;1;;;;
23/11/2017;08:10:00;43;sem vítima;279;BR-050/GO;Sul;Colisão Traseira;;;1;;;;;;;1;2;;;;
23/11/2017;21:56:00;206;com vítima;207,2;BR-050/MG;Norte;Colisão Frontal;1;;;;1;;;;;;26;;;1;
24/11/2017;03:42:00;16;com vítima;177,9;BR-050/GO;Norte;Colisão Traseira;;;1;;;;;;;1;2;1;;;
24/11/2017;07:19:00;35;com vítima;121,2;BR-050/MG;Sul;Capotamento;1;;;;;;;;;;0;;1;;
25/11/2017;09:32:00;61;sem vítima;12,32;BR-050/MG;Norte;Choque - Defensa, barreira ou meio fio;;;;;;;;;;1;4;;;;
25/11/2017;17:03:00;138;com vítima;299,8;BR-050/GO;Norte;Choque - Arvore;1;;;;;;;;;;3;1;;;
25/11/2017;18:04:00;152;com vítima;180;BR-050/MG;Sul;Queda de Moto;;;;1;;;;;;;0;;1;;
25/11/2017;19:54:00;176;sem vítima;40;BR-050/MG;Norte;Choque - Defensa, barreira ou meio fio;1;;;;;;;;;;3;;;;
25/11/2017;20:23:00;177;com vítima;167;BR-050/MG;Norte;Choque - Suporte de Sinalização;1;;;;;;;;;;0;2;;;
26/11/2017;16:58:00;75;com vítima;132;BR-050/MG;Norte;Queda de Moto;;;;1;;;;;;;0;;2;;
26/11/2017;23:04:00;112;com vítima;85,5;BR-050/MG;Norte;Saida de Pista;1;;;;;;;;;;0;;2;;
26/11/2017;23:44:00;117;sem vítima;28,31;BR-050/MG;Norte;Choque - Elemento de Drenagem;;;;;;;;;;1;2;;;;
27/11/2017;05:26:00;20;sem vítima;30,8;BR-050/MG;Norte;Saida de Pista;1;;;;;;;;;;1;;;;
28/11/2017;06:47:00;23;com vítima;185,8;BR-050/MG;Norte;Choque - Defensa, barreira ou meio fio;;;;;;;;;;1;0;1;;;
28/11/2017;13:49:00;123;sem vítima;204,24;BR-050/GO;Sul;Choque - Veiculo parado na pista;;;1;;;;;;;1;2;;;;
28/11/2017;14:20:00;127;com vítima;138,4;BR-050/MG;Norte;Colisão Lateral;1;;1;;;;;;;;1;;1;;
28/11/2017;14:26:00;128;sem vítima;101;BR-050/GO;Sul;Saida de Pista;1;;;;;;;;;;5;;;;
28/11/2017;17:58:00;163;com vítima;48,4;BR-050/MG;Sul;Capotamento;;;;;;;;;;1;0;2;;;
28/11/2017;18:50:00;173;sem vítima;1,5;BR-050/MG;Norte;Tombamento;;;;;;;;;;1;2;;;;
28/11/2017;22:24:00;207;com vítima;282,9;BR-050/GO;Norte;Colisão Transversal;1;;;;;;;;;1;0;2;;;
29/11/2017;13:41:00;106;sem vítima;114,1;BR-050/MG;Norte;Tombamento;;;1;;;;;;;;1;;;;
29/11/2017;14:21:00;112;com vítima;161,015;BR-050/GO;Sul;Capotamento;1;;;;;;;;;;2;1;1;;
29/11/2017;16:55:00;150;sem vítima;164,95;BR-050/GO;Sul;Choque - Defensa, barreira ou meio fio;1;;;;;;;;;;1;;;;
29/11/2017;17:48:00;162;sem vítima;25,3;BR-050/MG;Norte;Saida de Pista;1;;;;;;;;;;2;;;;
29/11/2017;21:51:00;194;sem vítima;182;BR-050/MG;Sul;Saida de Pista;1;;;;;;;;;;1;;;;
30/11/2017;15:37:00;112;sem vítima;51,6;BR-050/MG;Norte;Colisão Traseira;2;;;;;;;;;;2;;;;
30/11/2017;23:06:00;174;sem vítima;141,95;BR-050/GO;Sul;Tombamento;;;1;;;;;;;;1;;;;
30/11/2017;23:09:00;175;sem vítima;137;BR-050/MG;Norte;Saida de Pista;;;1;;;;;;;;1;;;;
01/12/2017;07:17:00;39;com vítima;10,22;BR-050/MG;Norte;Choque - Defensa, barreira ou meio fio;1;;;;;;;;;;0;2;;;
01/12/2017;13:42:00;124;sem vítima;205,5;BR-050/MG;Sul;Choque - Defensa, barreira ou meio fio;;;;;;;;;;1;1;;;;
01/12/2017;13:58:00;126;com vítima;206,7;BR-050/MG;Sul;Carreta deu L;;;1;;;;;;;;0;1;;;
01/12/2017;15:37:00;142;com vítima;205,4;BR-050/MG;Sul;Colisão Traseira;2;;;;;;;;;;0;;3;;
01/12/2017;15:53:00;148;com vítima;168,4;BR-050/MG;Norte;Choque - Defensa, barreira ou meio fio;1;;;;;;;;;;0;1;;;
01/12/2017;17:19:00;172;sem vítima;96,05;BR-050/GO;Norte;Colisão Transversal;1;;1;;;;;;;;2;;;;
01/12/2017;20:47:00;210;sem vítima;30,05;BR-050/MG;Norte;Saida de Pista;1;;;;;;;;;;2;;;;
02/12/2017;08:21:00;50;sem vítima;131,4;BR-050/MG;Norte;Atropelamento de Animal;;;;;;;;;;1;1;;;;
02/12/2017;11:02:00;93;sem vítima;12,4;BR-050/MG;Sul;Choque - Arvore;;;;;;1;;;;1;3;;;;
02/12/2017;14:32:00;130;sem vítima;93,7;BR-050/MG;Sul;Choque - Defensa, barreira ou meio fio;;;;;;;;;;1;1;;;;
02/12/2017;17:12:00;164;sem vítima;178,74;BR-050/MG;Sul;Choque - Talude;1;;;;;;;;;;1;;;;
03/12/2017;07:50:00;36;sem vítima;105,35;BR-050/GO;Sul;Choque - Suporte de Sinalização;1;;;;;;;;;;2;;;;
03/12/2017;15:08:00;76;com vítima;274;BR-050/GO;Norte;Colisão Transversal;1;;1;;;;;;;;1;2;;;
03/12/2017;15:33:00;81;com vítima;171;BR-050/MG;Sul;Capotamento;1;;;;;;;;;;0;;2;;
03/12/2017;15:58:00;83;com vítima;287,5;BR-050/GO;Norte;Capotamento;1;;;;;;;;;;2;1;;;
03/12/2017;16:40:00;89;sem vítima;118;BR-050/MG;Sul;Queda de Moto;;;;1;;;;;;;1;;;;
03/12/2017;17:17:00;97;sem vítima;28,5;BR-050/MG;Sul;Choque - Defensa, barreira ou meio fio;1;;;;;;;;;;3;;;;
03/12/2017;18:54:00;117;sem vítima;22;BR-050/MG;Norte;Choque - Defensa, barreira ou meio fio;1;;;;;;;;;;1;;;;
03/12/2017;19:13:00;120;sem vítima;22,8;BR-050/MG;Sul;Choque - Defensa, barreira ou meio fio;1;;;;;;;;;;3;;;;
04/12/2017;07:54:00;44;com vítima;78,2;BR-050/MG;Sul;Colisão Traseira;1;;2;;;;;;;;2;;1;;
04/12/2017;09:12:00;57;sem vítima;25,38;BR-050/MG;Sul;Choque - Arvore;1;;;;;;;;;;1;;;;
04/12/2017;09:26:00;60;com vítima;46,8;BR-050/MG;Sul;Capotamento;1;;;;;;;;;;0;;1;;
04/12/2017;15:29:00;147;com vítima;297,07;BR-050/GO;Sul;Choque - Arvore;1;;;;;;;;;;0;;;;1
04/12/2017;18:11:00;177;com vítima;174,3;BR-050/MG;Norte;Colisão Transversal;1;;;1;;;;;;;2;1;;;
04/12/2017;20:22:00;203;sem vítima;63,9;BR-050/MG;Sul;Saida de Pista;1;;;;;;;;;;2;;;;
04/12/2017;23:17:00;228;com vítima;178,4;BR-050/MG;Norte;Choque - Defensa, barreira ou meio fio;;;;1;;;;;;;0;;1;;
05/12/2017;18:40:00;199;sem vítima;59,3;BR-050/MG;Norte;Saida de Pista;1;;;;;;;;;;2;;;;
06/12/2017;07:28:00;50;com vítima;180;BR-050/MG;Sul;Colisão Traseira;1;;;1;;;;;;;4;1;;;
06/12/2017;17:46:00;181;sem vítima;105;BR-050/MG;Norte;Colisão Traseira;1;;1;;;;;;;;4;;;;
07/12/2017;10:36:00;71;com vítima;45,965;BR-050/MG;Norte;Capotamento;1;;;;;;;;;;0;;1;;
07/12/2017;15:15:00;107;com vítima;205,28;BR-050/MG;Sul;Colisão Traseira;;;2;;;;;;;;1;;;;1
07/12/2017;16:34:00;126;sem vítima;11,7;Contorno;Norte;Saida de Pista;1;;;;;;;;;;3;;;;
08/12/2017;01:02:00;13;sem vítima;24,64;BR-050/MG;Sul;Choque - Barranco;;;1;;;;;;;;1;;;;
08/12/2017;02:04:00;25;sem vítima;149;BR-050/MG;Sul;Saida de Pista;;;;;;;;;;1;1;;;;
08/12/2017;06:25:00;45;sem vítima;178,2;BR-050/MG;Sul;Colisão Lateral;1;;1;;;;;;;;4;;;;
08/12/2017;15:04:00;146;com vítima;58,92;BR-050/MG;Sul;Colisão Lateral;1;;1;;;;;;;;2;;1;;
08/12/2017;19:22:00;203;com vítima;132;BR-050/GO;Sul;Capotamento;;;;;;;;;;1;1;1;;;
08/12/2017;19:57:00;210;sem vítima;116;BR-050/GO;Norte;Saida de Pista;1;;;;;;;;;;1;;;;
08/12/2017;21:43:00;226;com vítima;176,9;BR-050/MG;Sul;Colisão Lateral;;;;1;;1;;;;;1;;1;;
08/12/2017;22:06:00;230;sem vítima;177;BR-050/MG;Sul;Colisão Traseira;2;;;;;;;;;;6;;;;
08/12/2017;22:58:00;232;sem vítima;193,7;BR-050/GO;Sul;Saida de Pista;1;;;;;;;;;;1;;;;
09/12/2017;01:38:00;8;com vítima;79;BR-050/MG;Sul;Queda de Moto;;;;1;;;;;;;0;;1;;
09/12/2017;10:19:00;87;com vítima;190;BR-050/MG;Sul;Choque - Obstáculo Fixo;1;;;;;;;;;;0;;1;;
09/12/2017;22:17:00;202;com vítima;54;BR-050/MG;Norte;Queda de Moto;;;;1;;;;;;;0;;1;;
10/12/2017;06:07:00;31;sem vítima;173;BR-050/MG;Sul;Choque - Defensa, barreira ou meio fio;1;;;;;;;;;;3;;;;
10/12/2017;17:28:00;145;com vítima;2;Contorno;Norte;Choque - Suporte de Sinalização;;;;1;;;;;;;0;1;;;
11/12/2017;05:49:00;31;sem vítima;47,3;BR-050/MG;Sul;Choque - Defensa, barreira ou meio fio;1;;;;;;;;;;1;;;;
11/12/2017;18:06:00;155;com vítima;59;BR-050/MG;Sul;Carreta deu L;1;;1;;;;;;;;1;;1;;
12/12/2017;00:39:00;6;com vítima;77;BR-050/MG;Sul;Capotamento;1;;;;;;;;;;0;;2;;
12/12/2017;05:24:00;24;com vítima;180;BR-050/GO;Norte;Choque - Defensa, barreira ou meio fio;;;1;;;;;;;;0;1;;;
12/12/2017;05:45:00;25;sem vítima;180;BR-050/GO;Norte;Colisão Traseira;;;;;1;;;;;2;4;;;;
12/12/2017;06:24:00;27;sem vítima;0;BR-050/MG;Norte;Colisão Lateral;;;2;;;;;;;;2;;;;
12/12/2017;08:46:00;46;sem vítima;185,9;BR-050/GO;Norte;Choque - Talude;1;;;;;;;;;;1;;;;
13/12/2017;01:40:00;6;com vítima;179;BR-050/MG;Sul;Tombamento;;;;;1;;;;;;0;;2;;
13/12/2017;22:27:00;182;com vítima;282,9;BR-050/GO;Sul;Colisão Transversal;1;;1;;;;;;;;1;;;;1
13/12/2017;23:02:00;187;sem vítima;110,4;BR-050/GO;Sul;Choque - Suporte de Sinalização;;;;;;;;;;1;1;;;;
14/12/2017;04:12:00;14;com vítima;27,24;BR-050/MG;Sul;Choque - Defensa, barreira ou meio fio;;;;;;;;;;1;0;2;;;
14/12/2017;10:58:00;98;sem vítima;80,24;BR-050/MG;Norte;Objeto lançado contra veículo;1;;;;;;;;;;2;;;;
14/12/2017;16:01:00;167;sem vítima;174,24;BR-050/MG;Sul;Choque - Defensa, barreira ou meio fio;;;;;;;;;;1;2;;;;
15/12/2017;06:10:00;35;sem vítima;95,7;BR-050/GO;Sul;Saida de Pista;1;;;;;;;;;;1;;;;
15/12/2017;09:06:00;59;com vítima;117,33;BR-050/MG;Norte;Capotamento;1;;;;;;;;;;0;;;2;
15/12/2017;12:10:00;100;com vítima;178,9;BR-050/MG;Sul;Tombamento;;;1;;;;;;;;0;;2;;
15/12/2017;12:26:00;104;sem vítima;6,18;BR-050/MG;Sul;Choque - Suporte de Sinalização;;;1;;;;;;;;1;;;;
16/12/2017;03:32:00;26;sem vítima;116,3;BR-050/MG;Norte;Saida de Pista;1;;;;;;;;;;1;;;;
16/12/2017;04:00:00;30;sem vítima;177,38;BR-050/MG;Sul;Choque - Defensa, barreira ou meio fio;1;;;;;;;;;;3;;;;
16/12/2017;04:47:00;33;com vítima;176;BR-050/MG;Sul;Choque - Defensa, barreira ou meio fio;1;;;;;;;;;;0;4;;;
16/12/2017;05:29:00;37;sem vítima;174,1;BR-050/GO;Norte;Capotamento;1;;;;;;;;;;2;;;;
16/12/2017;05:53:00;41;com vítima;43;BR-050/MG;Sul;Saida de Pista;1;;;;;;;;;;1;;1;;
16/12/2017;07:31:00;53;com vítima;93,77;BR-050/MG;Sul;Choque - Barranco;;;;;;;;;;1;0;;1;;
16/12/2017;17:13:00;144;com vítima;45,85;BR-050/MG;Norte;Queda de Moto;;;;1;;;;;;;0;;1;;
16/12/2017;18:32:00;159;sem vítima;235,7;BR-050/GO;Sul;Choque - Elemento de Drenagem;1;;;;;;;;;;1;;;;
16/12/2017;22:11:00;195;sem vítima;160,1;BR-050/GO;Norte;Atropelamento de Animal;1;;;;;;;;;;2;;;;
17/12/2017;01:25:00;6;sem vítima;229;BR-050/GO;Sul;Atropelamento de Animal;1;;;;;;;;;;3;;;;
17/12/2017;15:56:00;129;com vítima;276,92;BR-050/GO;Sul;Colisão Traseira;1;;;;;;;;;1;1;2;;;
17/12/2017;18:08:00;159;sem vítima;168,85;BR-050/MG;Sul;Colisão Traseira;1;;;;1;;;;;;38;;;;
17/12/2017;18:50:00;171;sem vítima;169;BR-050/MG;Sul;Choque - Defensa, barreira ou meio fio;1;;;;;;;;;;1;;;;
17/12/2017;19:16:00;178;com vítima;167;BR-050/MG;Norte;Queda de Moto;;;;1;;;;;;;0;1;;;
17/12/2017;20:52:00;193;sem vítima;175,7;BR-050/MG;Sul;Choque - Defensa, barreira ou meio fio;1;;;;;;;;;;1;;;;
18/12/2017;00:26:00;2;com vítima;158,6;BR-050/MG;Sul;Tombamento;;;;;;;;;;1;0;;1;;
18/12/2017;20:55:00;233;com vítima;170,25;BR-050/MG;Sul;Atropelamento - Ciclista;;1;;1;;;;;;;0;;1;1;
18/12/2017;21:36:00;243;sem vítima;56,8;BR-050/MG;Norte;Tombamento;;;1;;;;;;;;1;;;;
19/12/2017;07:42:00;52;sem vítima;0,6;BR-050/MG;Norte;Choque - Defensa, barreira ou meio fio;;;;;;;;;;1;1;;;;
19/12/2017;09:53:00;75;sem vítima;102,2;BR-050/MG;Sul;Colisão Traseira;1;;1;;;;;;;;3;;;;
19/12/2017;09:59:00;78;sem vítima;51,6;BR-050/MG;Sul;Choque - Defensa, barreira ou meio fio;;;1;;;;;;;;2;;;;
19/12/2017;10:13:00;80;com vítima;270,8;BR-050/GO;Norte;Atropelamento de Animal;;;;1;;;;;;;0;1;;;
19/12/2017;16:26:00;135;sem vítima;177,6;BR-050/MG;Sul;Choque - Defensa, barreira ou meio fio;;;2;;;;;;;;4;;;;
19/12/2017;16:56:00;139;com vítima;123,52;BR-050/MG;Sul;Saida de Pista;1;;;;;;;;;;0;1;;;
19/12/2017;18:16:00;156;sem vítima;174,5;BR-050/MG;Norte;Choque - Elemento de Drenagem;1;;;;;;;;;;1;;;;
19/12/2017;19:12:00;170;com vítima;20,4;Contorno;Sul;Queda de Moto;;;;1;;;;;;;0;2;;;
20/12/2017;01:29:00;9;sem vítima;162,3;BR-050/GO;Norte;Atropelamento de Animal;1;;;;;;;;;;5;;;;
20/12/2017;09:55:00;95;sem vítima;186,9;BR-050/MG;Sul;Choque - Defensa, barreira ou meio fio;1;;;;;;;;;;1;;;;
20/12/2017;09:55:00;96;sem vítima;179,4;BR-050/MG;Sul;Choque - Defensa, barreira ou meio fio;1;;;;;;;;;;2;;;;
20/12/2017;13:10:00;134;sem vítima;151,05;BR-050/MG;Sul;Saida de Pista;1;;;;;;;;;;2;;;;
20/12/2017;16:16:00;166;sem vítima;38,5;BR-050/MG;Sul;Colisão Traseira;1;;;;;;;;;1;4;;;;
21/12/2017;02:55:00;20;com vítima;101,8;BR-050/GO;Norte;Choque - Arvore;1;;;;;;;;;;0;2;;;
21/12/2017;05:55:00;44;com vítima;0,564;BR-050/MG;Norte;Queda de Moto;;;;1;;;;;;;0;;2;;
21/12/2017;09:48:00;103;sem vítima;83,3;BR-050/MG;Norte;Choque - Elemento de Drenagem;1;;;;;;;;;;1;;;;
21/12/2017;14:45:00;164;com vítima;203,9;BR-050/MG;Norte;Tombamento;1;;;;;;;;;;0;3;;;
21/12/2017;15:06:00;168;com vítima;117,86;BR-050/MG;Norte;Capotamento;1;;;;;;;;;;0;5;;;
21/12/2017;18:17:00;229;sem vítima;35,2;BR-050/MG;Sul;Saida de Pista;1;;;;;;;;;;2;;;;
21/12/2017;19:29:00;249;sem vítima;178,9;BR-050/MG;Sul;Choque - Defensa, barreira ou meio fio;1;;;;;;;;;;2;;;;
21/12/2017;20:32:00;263;sem vítima;89,85;BR-050/MG;Norte;Saida de Pista;;;1;;;;;;;;1;;;;
21/12/2017;23:02:00;288;sem vítima;89,97;BR-050/MG;Norte;Colisão Traseira;2;;;;;;;;;;3;;;;
21/12/2017;23:03:00;289;sem vítima;57,8;BR-050/MG;Norte;Choque - Veiculo parado na pista;1;;1;;;;;;;;2;;;;
22/12/2017;00:19:00;1;com vítima;114,2;BR-050/GO;Norte;Capotamento;1;;;;;;;;;;0;;1;;
22/12/2017;05:34:00;33;com vítima;132,8;BR-050/MG;Sul;Capotamento;1;;;;;;;;;;0;1;1;;
22/12/2017;13:36:00;150;sem vítima;147,01;BR-050/MG;Sul;Choque - Elemento de Drenagem;1;;;;;;;;;;1;;;;
22/12/2017;18:07:00;222;com vítima;178,5;BR-050/MG;Sul;Colisão Traseira;1;;;1;;;;;;;1;1;;;
23/12/2017;06:30:00;44;com vítima;292,2;BR-050/GO;Norte;Choque - Defensa, barreira ou meio fio;1;;;;;;;;;;0;1;;;
23/12/2017;06:43:00;46;com vítima;114,5;BR-050/MG;Sul;Colisão Lateral;1;;1;;;;;;;;1;;1;;
23/12/2017;07:39:00;57;sem vítima;133,5;BR-050/MG;Norte;Choque - Elemento de Drenagem;1;;;;;;;;;;4;;;;
23/12/2017;07:52:00;60;sem vítima;206;BR-050/MG;Sul;Choque - Defensa, barreira ou meio fio;1;;;;;;;;;;5;;;;
23/12/2017;12:10:00;108;sem vítima;286,5;BR-050/GO;Norte;Engavetamento;2;;;;;;;;;1;10;;;;
23/12/2017;12:53:00;117;sem vítima;146,4;BR-050/MG;Sul;Choque - Elemento de Drenagem;;;;;;;;;;1;3;;;;
23/12/2017;14:43:00;132;sem vítima;198,55;BR-050/MG;Sul;Colisão Traseira;2;;;;;;;;;;3;;;;
23/12/2017;18:39:00;176;sem vítima;4;BR-050/MG;Sul;Choque - Defensa, barreira ou meio fio;1;;;;;;;;;;3;;;;
24/12/2017;11:12:00;52;com vítima;99,7;BR-050/GO;Norte;Choque - Obstáculo Fixo;1;;;;;;;;;;1;1;;;
24/12/2017;11:30:00;55;sem vítima;200,45;BR-050/MG;Norte;Capotamento;1;;;;;;;;;;2;;;;
24/12/2017;20:34:00;131;com vítima;30;BR-050/MG;Norte;Choque - Obstáculo Fixo;1;;;;;;;;;;0;;1;;
24/12/2017;21:36:00;136;com vítima;113;BR-050/MG;Sul;Queda de Moto;;;;1;;;;;;;1;;1;;
25/12/2017;07:07:00;23;com vítima;87,8;BR-050/MG;Norte;Choque - Arvore;;;;;;;;;;1;0;1;;;
25/12/2017;12:06:00;70;sem vítima;201,6;BR-050/MG;Sul;Choque - Veiculo parado no acostamento;2;;;;;;;;;;14;;;;
25/12/2017;16:48:00;108;com vítima;126,4;BR-050/MG;Sul;Capotamento;1;;;;;;;;;;0;3;2;;
25/12/2017;21:56:00;183;sem vítima;178,4;BR-050/MG;Norte;Choque - Defensa, barreira ou meio fio;1;;;;;;;;;;1;;;;
26/12/2017;09:21:00;62;sem vítima;198;BR-050/MG;Norte;Colisão Traseira;2;;;;;;;;;;6;;;;
26/12/2017;12:54:00;104;sem vítima;0,42;BR-050/MG;Norte;Choque - Suporte de Sinalização;;;;;;;;;;1;2;;;;
26/12/2017;16:13:00;143;sem vítima;154;BR-050/MG;Norte;Choque - Elemento de Drenagem;1;;;;;;;;;;3;;;;
26/12/2017;18:49:00;188;sem vítima;178,1;BR-050/MG;Sul;Choque - Defensa, barreira ou meio fio;1;;;;;;;;;;4;;;;
26/12/2017;19:26:00;199;sem vítima;156,5;BR-050/MG;Sul;Capotamento;;;;;;;;;;1;1;;;;
27/12/2017;07:32:00;32;sem vítima;278,6;BR-050/GO;Norte;Colisão Transversal;;;;2;;;;;;;2;;;;
27/12/2017;14:16:00;112;com vítima;278,6;BR-050/GO;Sul;Colisão Transversal;;;;1;;;;;;1;2;1;;;
27/12/2017;15:08:00;120;sem vítima;206,1;BR-050/GO;Norte;Colisão Traseira;2;;;;;;;;;;7;;;;
27/12/2017;15:13:00;123;sem vítima;270,1;BR-050/GO;Norte;Choque - Defensa, barreira ou meio fio;1;;;;;;;;;;1;;;;
28/12/2017;09:57:00;73;sem vítima;131,6;BR-050/MG;Sul;Choque - Suporte de Sinalização;1;;;;;;;;;;5;;;;
28/12/2017;17:54:00;162;com vítima;178;BR-050/MG;Sul;Choque - Veiculo parado na pista;2;;;;;;;;;;1;2;;;
29/12/2017;17:29:00;190;sem vítima;137,2;BR-050/MG;Norte;Saida de Pista;;;1;;;;;;;;2;;;;
29/12/2017;17:33:00;192;sem vítima;134,4;BR-050/MG;Sul;Colisão Traseira;;;1;;;;;;;1;2;;;;