data;horario;n_da_ocorrencia;tipo_de_ocorrencia;km;trecho;sentido;tipo_de_acidente;automovel;bicicleta;caminhao;moto;onibus;outros;tracao_animal;transporte_de_cargas_especiais;trator_maquinas;utilitarios;ilesos;levemente_feridos;moderadamente_feridos;gravemente_feridos;mortos
14/02/2018;04:33:00;20;sem vítima;113,25;BR-050/MG;Norte;Choque - Suporte de Sinalização;1;;;;;;;;;;5;;;;
14/02/2018;06:26:00;27;sem vítima;184,2;BR-050/MG;Norte;Atropelamento de Animal;1;;;;;;;;;;1;;;;
14/02/2018;12:32:00;112;sem vítima;177,3;BR-050/MG;Sul;Colisão Lateral;1;;1;;;;;;;;2;;;;
14/02/2018;14:23:00;134;com vítima;118,2;BR-050/MG;Norte;Capotamento;1;;;;;;;;;;0;1;4;;
15/02/2018;07:10:00;38;sem vítima;106;BR-050/GO;Sul;Saida de Pista;1;;;;;;;;;;2;;;;
15/02/2018;14:48:00;143;com vítima;146,52;BR-050/MG;Sul;Choque - Suporte de Sinalização;1;;;;;;;;;;0;1;;;
16/02/2018;12:12:00;96;com vítima;59,3;BR-050/MG;Norte;Capotamento;1;;;;;;;;;;0;1;;;
16/02/2018;23:19:00;222;sem vítima;11,7;BR-050/MG;Sul;Choque - Defensa, barreira ou meio fio;;;1;;;;;;;;1;;;;
16/02/2018;23:41:00;227;com vítima;4;BR-050/MG;Sul;Choque - Defensa, barreira ou meio fio;1;;;;;;;;;;0;;1;;
17/02/2018;17:22:00;133;com vítima;15;Contorno;Sul;Choque - Defensa, barreira ou meio fio;;;;1;;;;;;;0;;1;;
17/02/2018;21:14:00;173;sem vítima;276;BR-050/GO;Norte;Choque - Defensa, barreira ou meio fio;1;;;;;;;;;;1;;;;
17/02/2018;21:51:00;176;sem vítima;282,5;BR-050/GO;Sul;Atropelamento de Animal;1;;;;;;;;;;1;;;;
18/02/2018;15:50:00;108;sem vítima;300,2;BR-050/GO;Norte;Choque - Arvore;;;;;;;;;;1;1;;;;
18/02/2018;17:16:00;124;com vítima;164,6;BR-050/MG;Norte;Capotamento;1;;;;;;;;;;2;;1;;
18/02/2018;17:52:00;131;com vítima;175,8;BR-050/MG;Norte;Queda de Moto;1;;;1;;;;;;;1;1;;;
18/02/2018;19:27:00;150;sem vítima;175,9;BR-050/MG;Norte;Colisão Traseira;2;;;;;;;;;1;4;;;;
18/02/2018;19:40:00;152;sem vítima;176;BR-050/MG;Norte;Colisão Traseira;1;;;;;;;;;1;2;;;;
18/02/2018;19:47:00;154;sem vítima;176;BR-050/MG;Norte;Colisão Traseira;1;;;;;;;;;1;3;;;;
19/02/2018;00:24:00;4;com vítima;186;BR-050/MG;Sul;Queda de Moto;;;;1;;;;;;;0;1;;;
19/02/2018;10:07:00;83;sem vítima;85,92;BR-050/MG;Norte;Atropelamento de Animal;1;;;;;;;;;;4;;;;
19/02/2018;11:59:00;117;sem vítima;172;BR-050/MG;Norte;Choque - Defensa, barreira ou meio fio;1;;;;;;;;;;1;;;;
19/02/2018;18:13:00;189;com vítima;59;BR-050/MG;Sul;Colisão Lateral;1;;1;;;;;;;;1;1;;;
20/02/2018;12:51:00;118;com vítima;198;BR-050/MG;Sul;Atropelamento - Usuário;1;;;;;;;;;;2;1;;;
20/02/2018;21:19:00;207;sem vítima;123,4;BR-050/MG;Norte;Saida de Pista;1;;;;;;;;;;1;;;;
21/02/2018;07:35:00;40;sem vítima;17,3;BR-050/MG;Norte;Choque - Defensa, barreira ou meio fio;1;;;;;;;;;;1;;;;
21/02/2018;12:04:00;119;sem vítima;116,2;BR-050/GO;Norte;Choque - Defensa, barreira ou meio fio;;;1;;;;;;;;1;;;;
21/02/2018;15:49:00;153;sem vítima;280,5;BR-050/GO;Norte;Colisão Traseira;1;;1;;;;;;;;4;;;;
21/02/2018;22:06:00;230;com vítima;153,1;BR-050/GO;Sul;Capotamento;1;;;;;;;;;;0;1;;;
22/02/2018;07:17:00;41;sem vítima;20,5;BR-050/MG;Norte;Choque - Talude;;;1;;;;;;;;1;;;;
22/02/2018;07:36:00;46;sem vítima;137,8;BR-050/MG;Norte;Tombamento;;;1;;;;;;;;2;;;;
22/02/2018;15:50:00;174;sem vítima;173,2;BR-050/MG;Norte;Colisão Traseira;1;;1;;;;;;;;2;;;;
22/02/2018;21:31:00;237;com vítima;116,2;BR-050/MG;Sul;Colisão Transversal;;;1;;;;;;;1;0;1;3;;1
23/02/2018;05:52:00;20;sem vítima;30,8;BR-050/MG;Norte;Saida de Pista;;;;;;;;;;1;2;;;;
23/02/2018;07:02:00;26;sem vítima;177,3;BR-050/MG;Norte;Engavetamento;2;;;;;;;;;1;4;;;;
23/02/2018;16:17:00;163;sem vítima;152,58;BR-050/GO;Norte;Choque - Elemento de Drenagem;;;;;;;;;;1;1;;;;
23/02/2018;17:35:00;187;com vítima;150;BR-050/MG;Norte;Saida de Pista;1;;;;;;;;;;0;;2;;
23/02/2018;19:57:00;214;sem vítima;98,86;BR-050/MG;Sul;Choque - Objeto sobre a pista;;;;;;;;;;1;4;;;;
24/02/2018;01:42:00;8;com vítima;154,7;BR-050/MG;Sul;Atropelamento de Animal;1;;;;;;;;;;0;;2;;
24/02/2018;02:20:00;15;sem vítima;154,7;BR-050/MG;Sul;Atropelamento de Animal;;;1;;;;;;;;1;;;;
24/02/2018;02:26:00;16;sem vítima;40,2;BR-050/MG;Sul;Saida de Pista;1;;;;;;;;;;1;;;;
24/02/2018;10:31:00;84;com vítima;11,58;Contorno;Sul;Saida de Pista;1;;;;;;;;;;0;;1;;
24/02/2018;11:06:00;93;sem vítima;143,68;BR-050/MG;Sul;Saida de Pista;1;;;;;;;;;;4;;;;
24/02/2018;11:43:00;99;com vítima;174,4;BR-050/MG;Sul;Queda de Moto;;;;1;;;;;;;0;;1;;
24/02/2018;12:03:00;103;sem vítima;155,9;BR-050/MG;Norte;Tombamento;;;;;;;;;;1;1;;;;
24/02/2018;14:35:00;129;com vítima;177,4;BR-050/MG;Sul;Choque - Elemento de Drenagem;;;;;;;;;;1;0;1;;;
24/02/2018;19:00:00;179;sem vítima;18,1;Contorno;Norte;Choque - Suporte de Sinalização;1;;;;;;;;;;3;;;;
24/02/2018;20:58:00;195;com vítima;175,2;BR-050/MG;Norte;Colisão Traseira;1;;;1;;;;;;;1;1;;1;
24/02/2018;23:02:00;205;sem vítima;280,6;BR-050/GO;Sul;Colisão Transversal;1;;;;;;;;;1;2;;;;
25/02/2018;01:04:00;4;sem vítima;139,05;BR-050/MG;Norte;Choque - Arvore;1;;;;;;;;;;1;;;;
25/02/2018;01:53:00;8;com vítima;28,29;BR-050/MG;Norte;Saida de Pista;1;;;;;;;;;;3;;1;;
25/02/2018;04:44:00;14;sem vítima;120,8;BR-050/GO;Norte;Saida de Pista;1;;;;;;;;;;1;;;;
25/02/2018;05:34:00;18;sem vítima;266,75;BR-050/GO;Sul;Choque - Suporte de Sinalização;;;;;;;;;;1;2;;;;
25/02/2018;12:25:00;77;sem vítima;27,74;BR-050/MG;Sul;Choque - Suporte de Sinalização;1;;;;;;;;;;1;;;;
25/02/2018;12:45:00;80;sem vítima;229;BR-050/GO;Sul;Choque - Talude;1;;;;;;;;;;1;;;;
25/02/2018;15:08:00;101;com vítima;277,5;BR-050/GO;Sul;Queda de Ciclista;;1;;;;;;;;;0;1;;;
25/02/2018;18:14:00;143;com vítima;203;BR-050/MG;Norte;Choque - Talude;1;;;;;;;;;;0;;2;;
25/02/2018;19:00:00;156;sem vítima;45,8;BR-050/MG;Norte;Colisão Lateral;2;;;;;;;;;;4;;;;
25/02/2018;19:12:00;157;sem vítima;115,1;BR-050/MG;Norte;Capotamento;1;;;;;;;;;;1;;;;
25/02/2018;21:23:00;176;sem vítima;113,95;BR-050/MG;Norte;Capotamento;;;;;;;;;;1;1;;;;
25/02/2018;21:26:00;178;com vítima;123,1;BR-050/GO;Norte;Colisão Traseira;;;2;;;;;;;;0;1;1;;
26/02/2018;22:37:00;192;com vítima;104,05;BR-050/MG;Sul;Colisão Traseira;;;2;;;;;;;;1;1;;;
26/02/2018;23:49:00;196;sem vítima;259,9;BR-050/GO;Sul;Choque - Arvore;;;;;;;;;;1;1;;;;
27/02/2018;03:02:00;12;sem vítima;129,4;BR-050/MG;Norte;Saida de Pista;1;;;;;;;;;;1;;;;
27/02/2018;06:16:00;21;com vítima;173,7;BR-050/MG;Norte;Queda de Moto;;;;1;;;;;;;1;1;;;
27/02/2018;07:03:00;24;sem vítima;153;BR-050/GO;Sul;Saida de Pista;1;;;;;;;;;;1;;;;
28/02/2018;17:37:00;175;com vítima;111,6;BR-050/MG;Sul;Capotamento;1;;;;;;;;;;0;2;;;
28/02/2018;18:47:00;185;sem vítima;117,45;BR-050/MG;Sul;Choque - Talude;1;;;;;;;;;;1;;;;
28/02/2018;19:45:00;200;sem vítima;52,7;BR-050/MG;Norte;Saida de Pista;;;;;;;;;;1;2;;;;
28/02/2018;19:56:00;202;com vítima;120,25;BR-050/MG;Sul;Choque - Elemento de Drenagem;1;;;;;;;;;;0;;1;;
28/02/2018;20:37:00;211;sem vítima;149;BR-050/MG;Norte;Choque - Defensa, barreira ou meio fio;;;;;;;;;;1;1;;;;
28/02/2018;23:59:00;230;sem vítima;101,3;BR-050/GO;Sul;Atropelamento de Animal;;;;;;;;;;1;2;;;;
01/03/2018;00:27:00;3;sem vítima;101,5;BR-050/GO;Norte;Atropelamento de Animal;;;1;;;;;;;;1;;;;
01/03/2018;13:24:00;144;sem vítima;46,2;BR-050/MG;Norte;Colisão Traseira;1;;;;;;;;;1;2;;;;
01/03/2018;17:12:00;195;sem vítima;105;BR-050/MG;Sul;Choque - Defensa, barreira ou meio fio;;;1;;;;;;;;1;;;;
02/03/2018;07:20:00;34;com vítima;2,12;Contorno;Norte;Choque - Defensa, barreira ou meio fio;1;;;;;;;;;;0;1;;;
02/03/2018;09:06:00;65;sem vítima;209,68;BR-050/GO;Norte;Tombamento;;;1;;;;;;;;1;;;;
02/03/2018;10:09:00;81;sem vítima;18,3;BR-050/MG;Norte;Choque - Suporte de Sinalização;1;;;;;;;;;;3;;;;
02/03/2018;10:42:00;89;com vítima;10,35;BR-050/MG;Norte;Capotamento;1;;;;;;;;;;0;1;;;
02/03/2018;11:29:00;101;sem vítima;25,14;BR-050/MG;Sul;Choque - Defensa, barreira ou meio fio;1;;;;;;;;;;1;;;;
02/03/2018;12:34:00;114;com vítima;110,5;BR-050/MG;Sul;Objeto lançado contra veículo;;;;1;;;;;;;1;1;;;
03/03/2018;20:24:00;200;com vítima;296;BR-050/GO;Norte;Choque - Arvore;1;;;;;;;;;;0;3;;;
04/03/2018;11:26:00;66;com vítima;0,6;BR-050/MG;Norte;Queda de Moto;;;;1;;;;;;;0;;1;;
04/03/2018;18:18:00;138;com vítima;178,3;BR-050/MG;Sul;Choque - Suporte de Sinalização;;;;1;;;;;;;0;1;;;
04/03/2018;23:14:00;192;com vítima;131,95;BR-050/MG;Norte;Colisão Traseira;;;1;;1;;;;;;1;2;;;
05/03/2018;09:18:00;63;sem vítima;104,7;BR-050/GO;Norte;Choque - Obstáculo Fixo;1;;;;;;;;;;1;;;;
05/03/2018;12:24:00;107;com vítima;43,83;BR-050/MG;Sul;Capotamento;1;;;;;;;;;;0;2;;;
05/03/2018;16:00:00;147;sem vítima;209,6;BR-050/GO;Norte;Choque - Talude;;;;1;;;;;;;1;;;;
06/03/2018;23:42:00;203;com vítima;186,5;BR-050/GO;Sul;Colisão Traseira;;;2;;;;;;;;1;3;;;
07/03/2018;17:39:00;205;com vítima;193,22;BR-050/MG;Sul;Queda de Moto;;;;1;;;;;;;0;1;;;
07/03/2018;20:32:00;240;com vítima;279;BR-050/GO;Sul;Colisão Transversal;;;;2;;;;;;;0;2;;;
07/03/2018;21:11:00;246;com vítima;181;BR-050/GO;Norte;Queda de Moto;;;;1;;;;;;;0;2;;;
08/03/2018;00:54:00;4;com vítima;36,54;BR-050/MG;Norte;Colisão Lateral;1;;;;;;;;;1;2;1;;;
08/03/2018;05:25:00;15;sem vítima;30;BR-050/MG;Norte;Choque - Suporte de Sinalização;;;1;;;;;;;;1;;;;
08/03/2018;05:50:00;17;com vítima;189,9;BR-050/MG;Norte;Colisão Traseira;;;1;;;;;;;1;1;;1;;
08/03/2018;06:03:00;18;com vítima;193,96;BR-050/MG;Norte;Colisão Traseira;;;2;;;;;;;;1;1;;;
08/03/2018;10:14:00;79;sem vítima;306;BR-050/GO;Sul;Engavetamento;;;6;;;;;;;1;7;;;;
08/03/2018;10:44:00;87;sem vítima;29,1;BR-050/MG;Sul;Colisão Traseira;1;;1;;;;;;;;3;;;;
08/03/2018;11:56:00;100;sem vítima;43,3;BR-050/MG;Norte;Colisão Traseira;1;;1;;;;;;;;3;;;;
08/03/2018;16:05:00;153;sem vítima;6;Contorno;Norte;Choque - Elemento de Drenagem;;;;;;;;;;1;1;;;;
08/03/2018;23:39:00;210;sem vítima;3,66;BR-050/MG;Sul;Choque - Defensa, barreira ou meio fio;1;;;;;;;;;;1;;;;
09/03/2018;02:27:00;11;sem vítima;126,8;BR-050/MG;Sul;Choque - Defensa, barreira ou meio fio;;;;;;;;;;1;1;;;;
09/03/2018;07:18:00;32;sem vítima;77;BR-050/MG;Norte;Colisão Traseira;2;;;;;;;;;;5;;;;
09/03/2018;08:22:00;43;sem vítima;0;Contorno;Sul;Tombamento;;;1;;;;;;;;1;;;;
09/03/2018;15:52:00;149;com vítima;9,98;Contorno;Sul;Choque - Elemento de Drenagem;1;;;;;;;;;;2;1;;;
09/03/2018;16:14:00;155;com vítima;20,05;Contorno;Norte;Capotamento;1;;1;;;;;;;;1;;1;;
09/03/2018;16:14:00;158;com vítima;20,05;Contorno;Norte;Choque - Veiculo parado no acostamento;;;1;;;;;;;1;1;;1;;
09/03/2018;19:43:00;185;sem vítima;29,7;BR-050/MG;Norte;Choque - Suporte de Sinalização;;;;;;;;;;1;2;;;;
10/03/2018;14:56:00;111;com vítima;125,48;BR-050/MG;Sul;Capotamento;1;;;;;;;;;;2;2;;1;
10/03/2018;16:42:00;126;sem vítima;85,7;BR-050/MG;Norte;Saida de Pista;;;1;;;;;;;;1;;;;
10/03/2018;17:19:00;132;sem vítima;279;BR-050/GO;Norte;Colisão Lateral;1;;1;;;;;;;;2;;;;
10/03/2018;18:06:00;137;sem vítima;41,3;BR-050/MG;Norte;Choque - Defensa, barreira ou meio fio;1;;;;;;;;;;5;;;;
11/03/2018;00:05:00;2;com vítima;30,6;BR-050/MG;Norte;Choque - Elemento de Drenagem;1;;;;;;;;;;0;;1;;
11/03/2018;03:49:00;13;sem vítima;77;BR-050/MG;Sul;Saida de Pista;1;;;;;;;;;;1;;;;
11/03/2018;05:05:00;20;sem vítima;174;BR-050/MG;Norte;Saida de Pista;;;;;;;;;;1;1;;;;
11/03/2018;06:37:00;27;sem vítima;130;BR-050/GO;Sul;Choque - Suporte de Sinalização;1;;;;;;;;;;4;;;;
11/03/2018;11:34:00;66;sem vítima;3,64;Contorno;Norte;Choque - Elemento de Drenagem;1;;;;;;;;;;4;;;;
11/03/2018;11:43:00;67;com vítima;24;BR-050/MG;Sul;Capotamento;1;;;;;;;;;;0;;5;;
11/03/2018;11:48:00;68;sem vítima;25,52;BR-050/MG;Norte;Choque - Elemento de Drenagem;1;;;;;;;;;;4;;;;
11/03/2018;12:22:00;74;sem vítima;299,4;BR-050/GO;Norte;Saida de Pista;;;;;;;;;;1;4;;;;
11/03/2018;12:41:00;77;sem vítima;18,24;BR-050/MG;Norte;Saida de Pista;1;;;;;;;;;;2;;;;
11/03/2018;12:52:00;79;com vítima;305,8;BR-050/GO;Sul;Capotamento;1;;;;;;;;;;0;;1;;
11/03/2018;13:23:00;84;sem vítima;6;Contorno;Norte;Choque - Elemento de Drenagem;1;;;;;;;;;;3;;;;
11/03/2018;15:14:00;108;com vítima;59,4;BR-050/MG;Norte;Colisão Traseira;1;;;1;;;;;;;3;;1;;
11/03/2018;15:26:00;111;com vítima;141,9;BR-050/MG;Norte;Choque - Arvore;;;;;;;;;;1;0;1;;;
12/03/2018;00:05:00;1;sem vítima;55,74;BR-050/MG;Norte;Choque - Elemento de Drenagem;1;;;;;;;;;;1;;;;
12/03/2018;10:11:00;83;sem vítima;29,6;BR-050/MG;Norte;Colisão Traseira;1;;;;;1;;;;1;8;;;;
13/03/2018;17:26:00;192;com vítima;103,68;BR-050/MG;Sul;Tombamento;;;1;;;;;;;;0;1;;;
13/03/2018;18:58:00;206;com vítima;168;BR-050/MG;Norte;Queda de Moto;;;;1;;;;;;;0;1;;;
13/03/2018;23:20:00;243;com vítima;9,32;BR-050/MG;Sul;Tombamento;;;;;1;;;;;;48;3;;;
14/03/2018;12:59:00;106;com vítima;97,8;BR-050/GO;Sul;Colisão Traseira;1;;;1;;;;;;;1;1;;1;
14/03/2018;13:57:00;120;com vítima;134,34;BR-050/MG;Norte;Colisão Lateral;;;1;;;;;;;1;1;2;;;
14/03/2018;14:07:00;121;sem vítima;166;BR-050/GO;Sul;Saida de Pista;1;;;;;;;;;;4;;;;
14/03/2018;21:07:00;205;sem vítima;172,5;BR-050/MG;Norte;Choque - Defensa, barreira ou meio fio;;;1;;;;;;;;1;;;;
15/03/2018;10:46:00;96;com vítima;251;BR-050/GO;Sul;Capotamento;;;1;;;;;;;;0;;1;;
15/03/2018;13:49:00;138;sem vítima;159,88;BR-050/MG;Norte;Choque - Defensa, barreira ou meio fio;1;;;;;;;;;;5;;;;
15/03/2018;20:01:00;210;com vítima;78,619;BR-050/MG;Sul;Capotamento;1;;1;;;;;;;;1;2;;;
16/03/2018;00:01:00;1;sem vítima;173,95;BR-050/MG;Sul;Choque - Defensa, barreira ou meio fio;;;;;;;;;;1;1;;;;
16/03/2018;06:41:00;24;sem vítima;280;BR-050/GO;Sul;Colisão Lateral;;;1;;;;;;;;1;;;;
16/03/2018;16:52:00;160;sem vítima;171,7;BR-050/MG;Norte;Choque - Defensa, barreira ou meio fio;1;;;;;;;;;;1;;;;
16/03/2018;17:04:00;163;sem vítima;177,5;BR-050/MG;Norte;Choque - Defensa, barreira ou meio fio;1;;;;;;;;;;2;;;;
17/03/2018;00:00:00;1;sem vítima;160,5;BR-050/GO;Norte;Choque - Elemento de Drenagem;;;1;;;;;;;;1;;;;
17/03/2018;05:03:00;23;com vítima;51,5;BR-050/MG;Norte;Colisão Lateral;1;;;1;;;;;;;0;2;1;;
17/03/2018;06:54:00;36;sem vítima;174,9;BR-050/MG;Norte;Choque - Elemento de Drenagem;1;;;;;;;;;;1;;;;
17/03/2018;07:32:00;41;sem vítima;97,8;BR-050/GO;Norte;Colisão Transversal;2;;;;;;;;;;3;;;;
17/03/2018;09:07:00;55;com vítima;161,75;BR-050/GO;Sul;Capotamento;1;;;;;;;;;;0;1;;;
17/03/2018;15:01:00;125;sem vítima;139,04;BR-050/MG;Sul;Colisão Traseira;2;;;;;;;;;;5;;;;
18/03/2018;01:58:00;15;com vítima;118;BR-050/MG;Norte;Colisão Traseira;;;2;;;;;;;;1;1;;;
18/03/2018;17:22:00;136;com vítima;49,1;BR-050/MG;Sul;Capotamento;;;;;;;;;;1;0;1;1;;
18/03/2018;19:33:00;168;sem vítima;105;BR-050/GO;Norte;Choque - Elemento de Drenagem;1;;;;;;;;;;3;;;;
18/03/2018;19:36:00;169;sem vítima;46,8;BR-050/MG;Sul;Choque - Suporte de Sinalização;1;;;;;;;;;;3;;;;
19/03/2018;06:22:00;28;com vítima;272,25;BR-050/GO;Norte;Atropelamento de Animal;;;;1;;;;;;;0;2;;;
19/03/2018;07:14:00;37;com vítima;282;BR-050/GO;Sul;Colisão Transversal;;;;1;;;;;;1;1;1;;;
19/03/2018;08:54:00;62;com vítima;195,7;BR-050/MG;Sul;Colisão Traseira;1;;1;;;;;;;;3;1;;;
19/03/2018;10:05:00;74;sem vítima;28,9;BR-050/MG;Sul;Tombamento;;;1;;;;;;;;1;;;;
19/03/2018;14:05:00;154;sem vítima;101,214;BR-050/GO;Norte;Choque - Elemento de Drenagem;;;;;;;;;;1;2;;;;
19/03/2018;14:32:00;156;com vítima;115,75;BR-050/MG;Norte;Capotamento;;;;;;;;;;1;0;1;;;
20/03/2018;07:33:00;24;com vítima;179,9;BR-050/MG;Norte;Colisão Lateral;1;;;1;;;;;;;2;1;;;
20/03/2018;12:47:00;115;sem vítima;77;BR-050/MG;Sul;Colisão Traseira;;;2;;;;;;;;2;;;;
20/03/2018;17:24:00;174;com vítima;139,9;BR-050/GO;Norte;Queda de Moto;;;;1;;;;;;;0;1;;;
21/03/2018;10:37:00;86;com vítima;25,79;BR-050/MG;Sul;Choque - Suporte de Sinalização;;;;1;;;;;;;0;1;;;
21/03/2018;14:49:00;128;sem vítima;96;BR-050/MG;Norte;Saida de Pista;;;1;;;;;;;;1;;;;
21/03/2018;16:34:00;144;com vítima;149,2;BR-050/MG;Sul;Choque - Elemento de Drenagem;1;;;;;;;;;;0;1;;;
22/03/2018;14:12:00;120;com vítima;101,8;BR-050/GO;Sul;Saida de Pista;1;;;;;;;;;;1;1;;;
22/03/2018;15:05:00;129;com vítima;22;BR-050/MG;Norte;Queda de Moto;;;;1;;;;;;;0;2;;;
22/03/2018;19:50:00;187;sem vítima;30,7;BR-050/MG;Norte;Choque - Elemento de Drenagem;;;;;;;;;;1;1;;;;
22/03/2018;20:21:00;191;sem vítima;147;BR-050/MG;Sul;Saida de Pista;1;;;;;;;;;;1;;;;
23/03/2018;09:48:00;86;com vítima;197,66;BR-050/MG;Norte;Choque - Defensa, barreira ou meio fio;1;;;;;;;;;;0;1;;;
23/03/2018;13:40:00;135;com vítima;81;BR-050/MG;Norte;Tombamento;1;;;;;;;;;;0;;1;;
23/03/2018;15:09:00;149;com vítima;19,78;Contorno;Sul;Colisão Traseira;1;1;;;;;;;;;1;;;1;
23/03/2018;15:12:00;152;sem vítima;23,9;BR-050/MG;Sul;Choque - Elemento de Drenagem;1;;;;;;;;;;2;;;;
23/03/2018;15:23:00;154;sem vítima;25;BR-050/MG;Sul;Choque - Elemento de Drenagem;1;;;;;;;;;;2;;;;
23/03/2018;21:14:00;215;com vítima;63,32;BR-050/MG;Norte;Colisão Lateral;1;;;1;;;;;;;2;;1;1;
23/03/2018;21:43:00;219;sem vítima;59,1;BR-050/MG;Norte;Saida de Pista;1;;;;;;;;;;1;;;;
23/03/2018;23:51:00;229;com vítima;123,62;BR-050/MG;Norte;Choque - Elemento de Drenagem;1;;;;;;;;;;0;1;;;
24/03/2018;02:26:00;18;sem vítima;98,35;BR-050/GO;Norte;Colisão Transversal;1;;;;;1;;;;;3;;;;
24/03/2018;07:39:00;43;com vítima;138,3;BR-050/MG;Sul;Colisão Traseira;;;1;;;;;;;1;2;;1;;
24/03/2018;13:19:00;113;com vítima;103,2;BR-050/GO;Sul;Choque - Barranco;;;1;;;;;;;;0;1;;;
24/03/2018;14:54:00;119;com vítima;272,45;BR-050/GO;Sul;Tombamento;;;1;;;;;;;;0;1;;;
25/03/2018;11:07:00;59;sem vítima;17,1;BR-050/MG;Sul;Queda de Moto;;;;1;;;;;;;1;;;;
25/03/2018;15:50:00;98;com vítima;152,18;BR-050/MG;Norte;Capotamento;;;;;;;;;;1;0;;3;;
25/03/2018;15:57:00;100;sem vítima;179,1;BR-050/MG;Norte;Colisão Traseira;2;;;;;;;;;;10;;;;
25/03/2018;17:31:00;115;sem vítima;95,12;BR-050/MG;Norte;Choque - Elemento de Drenagem;1;;;;;;;;;;1;;;;
26/03/2018;14:25:00;115;sem vítima;17,25;BR-050/MG;Norte;Choque - Defensa, barreira ou meio fio;;;;;;;;;;1;1;;;;
26/03/2018;16:42:00;157;sem vítima;27,7;BR-050/MG;Sul;Carreta deu L;;;1;;;;;;;;1;;;;
26/03/2018;17:35:00;164;com vítima;18;Contorno;Sul;Queda de Moto;1;;;1;;;;;;;1;1;;;
27/03/2018;19:45:00;203;sem vítima;170,6;BR-050/MG;Norte;Tombamento;;;1;;;;;;;;2;;;;
27/03/2018;21:40:00;219;com vítima;151,6;BR-050/MG;Sul;Colisão Traseira;;;2;;;;;;;;2;;;1;
27/03/2018;21:51:00;221;com vítima;134,68;BR-050/MG;Sul;Atropelamento de Animal;;;;;;;;;;1;0;;2;;
28/03/2018;08:43:00;51;com vítima;185;BR-050/MG;Sul;Queda de Moto;;;;1;;;;;;;0;1;;;
28/03/2018;10:00:00;87;com vítima;118,76;BR-050/MG;Sul;Capotamento;;;;;;;;;;1;0;;4;;
28/03/2018;13:46:00;141;sem vítima;96,03;BR-050/GO;Norte;Colisão Lateral;;;1;;;;;;;1;2;;;;
28/03/2018;18:44:00;213;com vítima;280,6;BR-050/GO;Sul;Colisão Transversal;1;1;;;;;;;;;1;1;;;
28/03/2018;19:31:00;230;sem vítima;13,8;BR-050/MG;Norte;Colisão Traseira;1;;1;;;;;;;;5;;;;
29/03/2018;01:14:00;4;sem vítima;162,36;BR-050/GO;Sul;Choque - Obstáculo Fixo;;;1;;;;;;;;1;;;;
29/03/2018;05:44:00;26;sem vítima;115,2;BR-050/MG;Norte;Choque - Defensa, barreira ou meio fio;;;1;;;;;;;;1;;;;
29/03/2018;12:15:00;95;com vítima;210;BR-050/GO;Norte;Colisão Traseira;1;;1;;;;;;;;2;1;;;
29/03/2018;14:40:00;125;com vítima;48,63;BR-050/MG;Sul;Capotamento;1;;;;;;;;;;0;1;;;
30/03/2018;00:31:00;4;sem vítima;158;BR-050/MG;Norte;Choque - Elemento de Drenagem;1;;;;;;;;;;1;;;;
30/03/2018;08:06:00;34;com vítima;246,4;BR-050/GO;Norte;Choque - Obstáculo Fixo;1;;;;;;;;;;3;1;;;
30/03/2018;08:15:00;36;com vítima;138,85;BR-050/MG;Sul;Colisão Traseira;1;;1;;;;;;;1;2;5;;;
31/03/2018;13:40:00;62;sem vítima;47,7;BR-050/MG;Sul;Choque - Talude;1;;;;;;;;;;2;;;;
31/03/2018;14:16:00;64;com vítima;38,7;BR-050/MG;Norte;Colisão Lateral;;;1;1;;;;;;;1;;;1;
31/03/2018;22:17:00;127;com vítima;57,7;BR-050/MG;Sul;Queda de Moto;;;;1;;;;;;;0;1;;;
01/04/2018;12:20:00;57;sem vítima;181,7;BR-050/MG;Norte;Colisão Lateral;3;;;;;;;;;;9;;;;
01/04/2018;14:25:00;75;sem vítima;96;BR-050/GO;Sul;Colisão Transversal;;;;;;;;;;2;6;;;;
01/04/2018;15:25:00;86;sem vítima;292,05;BR-050/GO;Norte;Choque - Defensa, barreira ou meio fio;1;;;;;;;;;;3;;;;
01/04/2018;17:23:00;116;sem vítima;18,9;BR-050/MG;Sul;Choque - Elemento de Drenagem;1;;;;;;;;;;2;;;;
01/04/2018;18:38:00;132;sem vítima;116;BR-050/GO;Sul;Colisão Traseira;1;;1;;;;;;;;5;;;;
01/04/2018;18:52:00;138;com vítima;115,2;BR-050/MG;Norte;Capotamento;1;;;;;;;;;;4;1;;;
02/04/2018;05:45:00;14;sem vítima;177,6;BR-050/MG;Sul;Choque - Defensa, barreira ou meio fio;1;;;;;;;;;;1;;;;
02/04/2018;08:09:00;33;com vítima;280,65;BR-050/GO;Sul;Colisão Transversal;2;;;;;;;;;;2;2;;;
02/04/2018;08:24:00;35;sem vítima;21;Contorno;Sul;Colisão Traseira;2;;;;;;;;;;2;;;;
02/04/2018;09:14:00;44;sem vítima;263;BR-050/GO;Sul;Colisão Transversal;2;;;;;;;;;;4;;;;
02/04/2018;15:49:00;124;com vítima;154,2;BR-050/MG;Norte;Capotamento;;;1;;;;;;;;0;1;;;
02/04/2018;17:25:00;136;sem vítima;14,2;Contorno;Norte;Colisão Traseira;2;;;;;1;;;;;3;;;;