data;horario;n_da_ocorrencia;tipo_de_ocorrencia;km;trecho;sentido;tipo_de_acidente;automovel;bicicleta;caminhao;moto;onibus;outros;tracao_animal;transporte_de_cargas_especiais;trator_maquinas;utilitarios;ilesos;levemente_feridos;moderadamente_feridos;gravemente_feridos;mortos
22/11/2018;04:05:00;31;com vítima;307;BR-050/GO;Sul;Colisão Frontal;;;1;;;;;;;1;2;;2;;
22/11/2018;05:36:00;35;sem vítima;81,2;BR-050/MG;Sul;Atropelamento de Animal;2;;;;;;;;;;3;;;;
22/11/2018;05:36:00;36;sem vítima;81,2;BR-050/MG;Sul;Atropelamento de Animal;;;1;;;;;;;;1;;;;
22/11/2018;13:40:00;142;com vítima;282,1;BR-050/GO;Norte;Queda de Moto;;;;1;;;;;;1;1;1;;1;
23/11/2018;09:48:00;100;sem vítima;152,05;BR-050/MG;Sul;Saida de Pista;1;;;;;;;;;;1;;;;
23/11/2018;15:18:00;177;sem vítima;200,1;BR-050/GO;Sul;Saida de Pista;;;1;;;;;;;;1;;;;
24/11/2018;00:18:00;13;sem vítima;161;BR-050/MG;Norte;Choque - Defensa, barreira ou meio fio;1;;;;;;;;;;2;;;;
24/11/2018;07:03:00;41;com vítima;5,1;BR-050/MG;Norte;Choque - Suporte de Sinalização;1;;;;;;;;;;4;;1;;
24/11/2018;10:47:00;74;sem vítima;194,82;BR-050/GO;Sul;Saida de Pista;1;;;;;;;;;;1;;;;
24/11/2018;12:34:00;91;sem vítima;53,2;BR-050/MG;Sul;Choque - Defensa, barreira ou meio fio;1;;;;;;;;;;3;;;;
24/11/2018;13:24:00;98;sem vítima;206,4;BR-050/MG;Sul;Choque - Obstáculo Fixo;1;;;;;;;;;;2;;;;
24/11/2018;13:32:00;99;sem vítima;47;BR-050/MG;Sul;Choque - Obstáculo Fixo;1;;;;;;;;;;2;;;;
24/11/2018;13:49:00;100;sem vítima;8;Contorno;Sul;Choque - Defensa, barreira ou meio fio;;;;;;;;;;1;1;;;;
24/11/2018;14:06:00;102;com vítima;136,5;BR-050/MG;Sul;Capotamento;1;;;;;;;;;;0;;1;;1
24/11/2018;15:21:00;112;com vítima;276,95;BR-050/GO;Sul;Colisão Transversal;1;;;1;;;;;;;1;1;;;
25/11/2018;11:16:00;64;com vítima;205,6;BR-050/MG;Sul;Capotamento;1;;;;;;;;;;0;;1;;
25/11/2018;13:40:00;87;sem vítima;314;BR-050/GO;Norte;Colisão Traseira;;;1;;;1;;;;;2;;;;
25/11/2018;15:21:00;101;com vítima;192;BR-050/MG;Norte;Capotamento;;;;;;;;;;1;0;2;;;
25/11/2018;16:38:00;114;sem vítima;173,05;BR-050/GO;Sul;Saida de Pista;1;;;;;;;;;;1;;;;
25/11/2018;16:44:00;118;sem vítima;156;BR-050/MG;Sul;Choque - Suporte de Sinalização;1;;;;;;;;;;1;;;;
26/11/2018;11:43:00;117;com vítima;180;BR-050/MG;Sul;Colisão Traseira;;;;2;;;;;;;1;2;;;
26/11/2018;12:06:00;125;sem vítima;3,92;BR-050/MG;Sul;Colisão Traseira;;;1;;;;;;;1;3;;;;
27/11/2018;07:50:00;51;sem vítima;136,2;BR-050/GO;Norte;Colisão Traseira;;;2;;;;;;;;2;;;;
27/11/2018;18:53:00;204;sem vítima;306;BR-050/GO;Sul;Choque - Arvore;;;1;;;1;;;;;2;;;;
27/11/2018;21:14:00;226;com vítima;118,3;BR-050/MG;Norte;Colisão Traseira;;;2;;;;;;;;1;2;;;
27/11/2018;23:20:00;245;sem vítima;103,3;BR-050/MG;Sul;Colisão Lateral;1;;;;;;;;;;4;;;;
28/11/2018;02:42:00;22;sem vítima;3,9;BR-050/MG;Sul;Choque - Elemento de Drenagem;;;1;;;;;;;;1;;;;
28/11/2018;16:04:00;138;com vítima;174;BR-050/MG;Sul;Queda de Moto;;;;1;;;;;;;0;2;;;
28/11/2018;20:40:00;188;com vítima;171,2;BR-050/MG;Norte;Colisão Traseira;1;;1;;;;;;;;1;1;;;
29/11/2018;00:28:00;6;com vítima;196,5;BR-050/MG;Sul;Capotamento;1;;;;;;;;;;0;1;;1;1
29/11/2018;08:45:00;63;sem vítima;274;BR-050/GO;Norte;Colisão Transversal;1;;;;;;;;;1;4;;;;
29/11/2018;16:37:00;158;com vítima;4,2;BR-050/MG;Sul;Capotamento;1;;;;;;;;;;0;;1;;
29/11/2018;20:08:00;202;com vítima;119;BR-050/MG;Norte;Tombamento;;;1;;;;;;;;0;1;;;
29/11/2018;23:25:00;228;sem vítima;2,9;BR-050/MG;Sul;Colisão Traseira;;;2;;;;;;;;2;;;;
30/11/2018;01:17:00;11;com vítima;260,7;BR-050/GO;Norte;Saida de Pista;;;1;;;;;;;;0;1;;;
30/11/2018;18:22:00;177;com vítima;205,8;BR-050/MG;Norte;Colisão Traseira;2;;;;;;;;;;4;1;;;
30/11/2018;20:30:00;208;com vítima;52,6;BR-050/MG;Norte;Colisão Traseira;;;1;1;;;;;;;1;1;;;
30/11/2018;20:50:00;210;com vítima;16,5;Contorno;Sul;Atropelamento - Sem Informação;;;;;;1;;;;;1;;1;;
01/12/2018;03:19:00;19;com vítima;136,3;BR-050/GO;Sul;Capotamento;;;1;;;;;;;;0;;1;;
01/12/2018;05:24:00;27;sem vítima;6;Contorno;Norte;Choque - Elemento de Drenagem;1;;;;;;;;;;1;;;;
01/12/2018;06:24:00;34;sem vítima;158;BR-050/MG;Norte;Colisão Lateral;;;2;;;;;;;;2;;;;
01/12/2018;06:46:00;37;com vítima;19,64;BR-050/MG;Norte;Choque - Talude;1;;;;;;;;;;1;1;;;
01/12/2018;10:58:00;71;com vítima;98,001;BR-050/GO;Norte;Colisão Transversal;2;;;;;;;;;;4;1;;;
01/12/2018;11:03:00;72;com vítima;170;BR-050/MG;Norte;Colisão Lateral;;;;1;;1;;;;;1;1;;;
01/12/2018;14:11:00;108;sem vítima;53,37;BR-050/MG;Sul;Saida de Pista;1;;;;;;;;;;4;;;;
01/12/2018;16:39:00;120;sem vítima;15,4;BR-050/MG;Sul;Choque - Elemento de Drenagem;1;;;;;;;;;;1;;;;
01/12/2018;18:00:00;133;sem vítima;58,08;BR-050/MG;Norte;Choque - Defensa, barreira ou meio fio;1;;;;;;;;;;2;;;;
01/12/2018;18:29:00;140;sem vítima;171,15;BR-050/MG;Sul;Colisão Traseira;;;;;1;1;;;;;6;;;;
01/12/2018;19:59:00;154;com vítima;78,64;BR-050/MG;Sul;Choque - Elemento de Drenagem;1;;;;;;;;;;0;2;;;
01/12/2018;20:15:00;157;sem vítima;57,9;BR-050/MG;Sul;Saida de Pista;1;;;;;;;;;;2;;;;
01/12/2018;20:29:00;158;sem vítima;98;BR-050/GO;Norte;Colisão Frontal;1;;;1;;;;;;;3;;;;
01/12/2018;21:44:00;166;sem vítima;280;BR-050/GO;Sul;Colisão Lateral;2;;;;;;;;;;6;;;;
02/12/2018;00:15:00;4;sem vítima;283;BR-050/GO;Sul;Saida de Pista;1;;;;;;;;;;3;;;;
02/12/2018;00:49:00;12;com vítima;279,5;BR-050/GO;Norte;Colisão Lateral;;;;1;;1;;;;;1;2;;;
02/12/2018;11:52:00;65;sem vítima;139,8;BR-050/MG;Norte;Saida de Pista;1;;;;;;;;;;1;;;;
02/12/2018;13:52:00;82;com vítima;135,6;BR-050/MG;Sul;Colisão Lateral;2;;;;;;;;;;2;3;1;;
02/12/2018;13:52:00;83;sem vítima;158,4;BR-050/MG;Sul;Choque - Elemento de Drenagem;1;;;;;;;;;;1;;;;
02/12/2018;16:58:00;104;com vítima;59,04;BR-050/MG;Sul;Capotamento;;;;;;;;;;1;0;2;;;
02/12/2018;18:33:00;116;sem vítima;65;BR-050/MG;Norte;Choque - Suporte de Sinalização;1;;;;;;;;;;2;;;;
02/12/2018;23:19:00;157;com vítima;106,25;BR-050/GO;Norte;Tombamento;;;1;;;;;;;;0;1;;;
03/12/2018;13:55:00;112;sem vítima;279,05;BR-050/GO;Sul;Colisão Lateral;1;;1;;;;;;;;2;;;;
03/12/2018;15:29:00;121;sem vítima;141;BR-050/MG;Sul;Colisão Traseira;;;;;;1;;;;1;2;;;;
03/12/2018;23:23:00;190;sem vítima;77,6;BR-050/MG;Norte;Saida de Pista;;;;;;;;;;1;2;;;;
04/12/2018;12:53:00;126;com vítima;133,1;BR-050/GO;Sul;Choque - Obstáculo Fixo;;;1;;;;;;;;0;1;;;
04/12/2018;19:53:00;188;sem vítima;157,2;BR-050/MG;Sul;Colisão Lateral;1;;1;;;;;;;;2;;;;
04/12/2018;22:01:00;210;sem vítima;233,4;BR-050/GO;Norte;Choque - Elemento de Drenagem;1;;;;;1;;;;;2;;;;
05/12/2018;08:43:00;80;com vítima;57,56;BR-050/MG;Norte;Queda de Moto;;;;1;;;;;;;0;1;;;
05/12/2018;14:38:00;167;sem vítima;108,5;BR-050/GO;Norte;Saida de Pista;1;;;;;;;;;;3;;;;
05/12/2018;15:32:00;169;sem vítima;196,6;BR-050/GO;Sul;Capotamento;;;;;;;;;;1;4;;;;
05/12/2018;19:06:00;217;com vítima;20;Contorno;Sul;Colisão Lateral;;;;1;;1;;;;1;3;;1;;
06/12/2018;04:36:00;24;sem vítima;84,1;BR-050/MG;Sul;Colisão Lateral;;;2;;;;;;;;2;;;;
06/12/2018;10:30:00;82;com vítima;270,94;BR-050/GO;Norte;Tombamento;;;1;;;;;;;;0;1;;;
06/12/2018;17:36:00;172;com vítima;144;BR-050/MG;Norte;Choque - Elemento de Drenagem;1;;;;;;;;;;1;1;;;
06/12/2018;19:13:00;192;sem vítima;21;Contorno;Sul;Colisão Traseira;2;;;;;;;;;;5;;;;
07/12/2018;15:00:00;161;sem vítima;281,3;BR-050/GO;Norte;Colisão Traseira;1;;;;;;;;;1;4;;;;
07/12/2018;16:22:00;175;com vítima;150,2;BR-050/MG;Sul;Capotamento;1;;;;;;;;;;0;1;;;
07/12/2018;19:36:00;220;sem vítima;58;BR-050/MG;Norte;Choque - Elemento de Drenagem;1;;;;;;;;;;4;;;;
08/12/2018;00:34:00;10;sem vítima;182,75;BR-050/MG;Norte;Capotamento;;;;;;;;;;1;1;;;;
08/12/2018;16:12:00;152;sem vítima;0;Contorno;Norte;Tombamento;1;;;;;;;;;;3;;;;
08/12/2018;22:43:00;216;sem vítima;118,3;BR-050/MG;Norte;Choque - Elemento de Drenagem;1;;;;;;;;;;3;;;;
08/12/2018;23:29:00;219;sem vítima;167,7;BR-050/GO;Norte;Tombamento;;;1;;;;;;;;1;;;;
09/12/2018;17:12:00;121;sem vítima;157,27;BR-050/MG;Norte;Tombamento;;;1;;;;;;;;2;;;;
10/12/2018;04:18:00;18;com vítima;156,2;BR-050/MG;Sul;Colisão Traseira;;;;;2;;;;;;88;6;;;
10/12/2018;09:40:00;65;sem vítima;113,1;BR-050/MG;Sul;Choque - Suporte de Sinalização;1;;;;;;;;;;3;;;;
10/12/2018;10:23:00;79;sem vítima;51;BR-050/MG;Sul;Colisão Traseira;2;;;;;;;;;;5;;;;
10/12/2018;21:44:00;197;sem vítima;175,3;BR-050/MG;Sul;Colisão Traseira;;;1;;;;;;;1;2;;;;
11/12/2018;09:55:00;78;com vítima;163;BR-050/MG;Norte;Choque - Suporte de Sinalização;1;;;;;;;;;;0;2;;;
11/12/2018;12:15:00;101;sem vítima;51;BR-050/MG;Sul;Choque - Obstáculo Fixo;;;;;;;;;;1;2;;;;
12/12/2018;01:12:00;13;sem vítima;97,47;BR-050/GO;Norte;Colisão Traseira;2;;;;;;;;;;4;;;;
12/12/2018;06:18:00;34;com vítima;287;BR-050/GO;Sul;Queda de Ciclista;;1;;;;;;;;;0;;;1;
12/12/2018;12:01:00;114;sem vítima;95,98;BR-050/MG;Sul;Colisão Traseira;1;;1;;;;;;;;3;;;;
12/12/2018;15:09:00;145;sem vítima;186;BR-050/MG;Norte;Choque - Defensa, barreira ou meio fio;1;;;;;;;;;;2;;;;
12/12/2018;22:47:00;228;sem vítima;185,5;BR-050/GO;Norte;Choque - Suporte de Sinalização;;;1;;;;;;;;1;;;;
13/12/2018;18:11:00;186;sem vítima;138,3;BR-050/MG;Sul;Carreta deu L;;;1;;;;;;;;1;;;;
13/12/2018;18:15:00;187;sem vítima;179;BR-050/MG;Sul;Colisão Traseira;1;;;;1;;;;;;6;;;;
13/12/2018;21:45:00;220;sem vítima;10,3;BR-050/MG;Norte;Choque - Defensa, barreira ou meio fio;;;;;;;;;;1;3;;;;
13/12/2018;22:01:00;223;com vítima;196,7;BR-050/MG;Norte;Colisão Lateral;;;2;;;;;;;;0;2;;;
14/12/2018;00:02:00;6;com vítima;103,5;BR-050/GO;Norte;Capotamento;;;;;;;;;;1;0;1;1;1;
14/12/2018;01:33:00;21;sem vítima;173;BR-050/MG;Sul;Colisão Lateral;;;2;;;;;;;;4;;;;
14/12/2018;02:43:00;31;sem vítima;122;BR-050/MG;Norte;Choque - Arvore;;;;;;;;;;1;1;;;;
14/12/2018;02:52:00;32;sem vítima;22;BR-050/MG;Sul;Queda de Moto;;;;1;;;;;;;1;;;;
14/12/2018;14:25:00;142;com vítima;197,25;BR-050/MG;Sul;Capotamento;;;;;;;;;;1;0;1;;;
14/12/2018;15:38:00;154;com vítima;247,9;BR-050/GO;Sul;Colisão Frontal;1;;;;;;;;;1;4;3;;;
14/12/2018;20:38:00;208;com vítima;178,9;BR-050/MG;Sul;Queda de Moto;;;;1;;;;;;;0;;1;;
14/12/2018;22:24:00;215;sem vítima;174,9;BR-050/MG;Sul;Atropelamento de Animal;1;;;;;;;;;;2;;;;
14/12/2018;23:43:00;225;sem vítima;81,9;BR-050/MG;Sul;Choque - Defensa, barreira ou meio fio;1;;;;;;;;;;1;;;;
15/12/2018;15:07:00;147;com vítima;174,3;BR-050/MG;Sul;Choque - Elemento de Drenagem;1;;;;;;;;;;1;1;;;
15/12/2018;15:59:00;161;sem vítima;198,08;BR-050/MG;Norte;Choque - Obstáculo Fixo;;;;;;;;;;1;4;;;;
15/12/2018;17:40:00;180;com vítima;177;BR-050/MG;Sul;Choque - Defensa, barreira ou meio fio;1;;;;;;;;;;0;1;;;
15/12/2018;21:43:00;215;com vítima;170,84;BR-050/MG;Norte;Colisão Traseira;1;;1;;;;;;;;1;;1;;
16/12/2018;08:07:00;42;com vítima;180;BR-050/MG;Sul;Choque - Defensa, barreira ou meio fio;1;;;;;;;;;;0;2;1;1;
16/12/2018;20:34:00;171;sem vítima;106;BR-050/GO;Norte;Choque - Defensa, barreira ou meio fio;1;;;;;;;;;;5;;;;
16/12/2018;20:36:00;173;com vítima;16,5;Contorno;Sul;Colisão Traseira;1;;;1;;;;;;;1;;1;;
16/12/2018;21:08:00;178;sem vítima;153;BR-050/MG;Sul;Saida de Pista;;;1;;;;;;;;1;;;;
17/12/2018;05:48:00;40;sem vítima;102,225;BR-050/GO;Norte;Saida de Pista;;;;;;;;;;1;1;;;;
17/12/2018;17:27:00;203;com vítima;100,51;BR-050/MG;Sul;Choque - Talude;1;;;;;;;;;;0;1;1;;
18/12/2018;15:51:00;152;com vítima;82,3;BR-050/MG;Norte;Colisão Traseira;1;;1;;;;;;;;1;2;;;
18/12/2018;17:26:00;168;sem vítima;178;BR-050/MG;Norte;Saida de Pista;1;;;;;;;;;;2;;;;
18/12/2018;23:38:00;229;com vítima;96,95;BR-050/GO;Sul;Queda de Moto;;;;1;1;;;;;;1;;;1;
19/12/2018;06:00:00;34;com vítima;165,1;BR-050/GO;Norte;Capotamento;;;1;;;;;;;;0;;1;;
19/12/2018;07:16:00;42;sem vítima;273,5;BR-050/GO;Sul;Colisão Transversal;;;1;;;;;;;1;2;;;;
19/12/2018;22:47:00;238;sem vítima;39,8;BR-050/MG;Norte;Colisão Traseira;2;;;;;;;;;;5;;;;
20/12/2018;02:09:00;30;sem vítima;106,5;BR-050/GO;Sul;Atropelamento de Animal;1;;;;;;;;;;1;;;;
20/12/2018;06:32:00;42;com vítima;131,6;BR-050/MG;Norte;Colisão Traseira;;;2;;;;;;;;3;1;;;
20/12/2018;07:34:00;54;com vítima;102,7;BR-050/MG;Sul;Tombamento;1;;;;;;;;;;0;2;;;
20/12/2018;08:16:00;61;sem vítima;170,34;BR-050/MG;Norte;Saida de Pista;1;;;;;;;;;;1;;;;
20/12/2018;08:55:00;67;sem vítima;177,7;BR-050/MG;Sul;Choque - Suporte de Sinalização;;;;;;;;;;1;1;;;;
20/12/2018;11:00:00;97;sem vítima;105;BR-050/MG;Norte;Colisão Traseira;2;;;;;;;;;;7;;;;
20/12/2018;12:19:00;116;sem vítima;57,356;BR-050/MG;Norte;Colisão Traseira;;;2;;;;;;;;2;;;;
20/12/2018;16:27:00;168;com vítima;171,9;BR-050/MG;Norte;Colisão Traseira;1;;;1;;;;;;;0;2;;;
20/12/2018;16:59:00;173;com vítima;150,4;BR-050/GO;Sul;Capotamento;;;;;;;;;;1;0;;1;;
20/12/2018;17:19:00;180;sem vítima;171,9;BR-050/MG;Norte;Colisão Traseira;2;;;;;;;;;;3;;;;
20/12/2018;17:24:00;181;com vítima;280;BR-050/GO;Norte;Colisão Lateral;1;;;1;;;;;;;5;1;;;
20/12/2018;17:28:00;182;com vítima;171,9;BR-050/MG;Norte;Colisão Traseira;1;;;1;;;;;;;1;1;;;
20/12/2018;18:55:00;199;sem vítima;179,9;BR-050/MG;Sul;Colisão Traseira;1;;1;;;;;;;;2;;;;
21/12/2018;00:59:00;17;sem vítima;102,04;BR-050/MG;Norte;Choque - Defensa, barreira ou meio fio;;;1;;;;;;;;1;;;;
21/12/2018;08:44:00;84;sem vítima;30,45;BR-050/MG;Sul;Saida de Pista;1;;;;;;;;;;2;;;;
21/12/2018;17:51:00;212;com vítima;167,3;BR-050/MG;Norte;Capotamento;1;;;;;;;;;;0;1;1;;
22/12/2018;08:26:00;70;sem vítima;148,2;BR-050/MG;Norte;Choque - Defensa, barreira ou meio fio;1;;;;;;;;;;5;;;;
22/12/2018;11:01:00;109;com vítima;117;BR-050/MG;Norte;Queda de Moto;;;;1;;;;;;;0;2;;;
22/12/2018;14:55:00;167;com vítima;56,3;BR-050/MG;Sul;Colisão Traseira;1;;;1;;;;;;;4;1;;;
22/12/2018;15:03:00;168;sem vítima;142;BR-050/MG;Norte;Choque - Elemento de Drenagem;1;;;;;;;;;;3;;;;
22/12/2018;15:52:00;181;com vítima;89;BR-050/MG;Sul;Queda de Moto;;;;1;;;;;;;0;1;;;
22/12/2018;17:54:00;214;sem vítima;49,55;BR-050/MG;Sul;Saida de Pista;1;;;;;;;;;;4;;;;
22/12/2018;19:32:00;238;sem vítima;25,43;BR-050/MG;Sul;Capotamento;1;;;;;;;;;;2;;;;
22/12/2018;21:21:00;254;sem vítima;172,8;BR-050/MG;Norte;Choque - Defensa, barreira ou meio fio;;;;;;;;;;1;1;;;;
23/12/2018;04:32:00;40;sem vítima;40;BR-050/MG;Norte;Choque - Talude;1;;;;;;;;;;1;;;;
23/12/2018;06:22:00;47;sem vítima;179,38;BR-050/MG;Norte;Saida de Pista;1;;;;;;;;;;2;;;;
23/12/2018;09:31:00;71;sem vítima;96,3;BR-050/GO;Sul;Colisão Lateral;;;1;;;;;;;1;2;;;;
23/12/2018;21:07:00;201;com vítima;106,075;BR-050/GO;Norte;Tombamento;;;;;;;;;;1;2;2;;;
24/12/2018;03:50:00;21;com vítima;177,45;BR-050/MG;Sul;Capotamento;;;;;;;;;;1;0;;;;1
24/12/2018;21:22:00;132;com vítima;171,8;BR-050/MG;Norte;Colisão Traseira;1;;;1;;;;;;;3;1;;;
25/12/2018;01:40:00;16;com vítima;271,5;BR-050/GO;Sul;Colisão Lateral;2;;;;;;;;;;6;2;;;
25/12/2018;06:49:00;30;com vítima;79,04;BR-050/MG;Norte;Capotamento;1;;;;;;;;;;1;1;;1;
25/12/2018;14:15:00;67;sem vítima;176;BR-050/MG;Norte;Choque - Defensa, barreira ou meio fio;1;;;;;;;;;;3;;;;
25/12/2018;14:22:00;68;sem vítima;157;BR-050/MG;Norte;Colisão Transversal;1;;1;;;;;;;;6;;;;
25/12/2018;21:14:00;136;sem vítima;54,2;BR-050/MG;Norte;Choque - Defensa, barreira ou meio fio;1;;;;;;;;;;1;;;;
26/12/2018;06:17:00;26;com vítima;157;BR-050/MG;Sul;Colisão Frontal;1;;;;;;;;;1;2;3;;;
26/12/2018;06:23:00;27;sem vítima;33,65;BR-050/MG;Norte;Saida de Pista;1;;;;;;;;;;1;;;;
26/12/2018;06:55:00;30;com vítima;47;BR-050/MG;Sul;Capotamento;1;;;;;;;;;;0;;1;;
26/12/2018;07:47:00;34;sem vítima;21;Contorno;Norte;Colisão Traseira;;;;2;;;;;;;2;;;;
26/12/2018;14:47:00;108;com vítima;103,325;BR-050/GO;Sul;Capotamento;1;;;;;;;;;;1;1;;;
26/12/2018;18:23:00;145;sem vítima;254,04;BR-050/GO;Norte;Saida de Pista;1;;;;;;;;;;3;;;;
26/12/2018;18:59:00;161;sem vítima;178,8;BR-050/MG;Norte;Saida de Pista;1;;;;;;;;;;1;;;;
27/12/2018;00:15:00;9;sem vítima;178,8;BR-050/MG;Norte;Tombamento;;;1;;;;;;;;1;;;;
28/12/2018;00:41:00;11;sem vítima;196,7;BR-050/GO;Sul;Saida de Pista;1;;;;;;;;;;1;;;;
28/12/2018;05:40:00;30;sem vítima;25,2;BR-050/MG;Sul;Saida de Pista;1;;;;;;;;;;4;;;;
28/12/2018;07:04:00;37;com vítima;172,85;BR-050/MG;Sul;Choque - Defensa, barreira ou meio fio;1;;;;;;;;;;1;3;;;
28/12/2018;07:31:00;43;sem vítima;197,2;BR-050/GO;Sul;Choque - Suporte de Sinalização;1;;;;;;;;;;5;;;;
28/12/2018;11:23:00;95;com vítima;101,363;BR-050/GO;Norte;Choque - Barranco;;;;;;;;;;1;0;1;;;
28/12/2018;23:03:00;210;com vítima;104,04;BR-050/MG;Sul;Colisão Traseira;1;;1;;;;;;;;1;;1;;
29/12/2018;07:56:00;42;com vítima;61;BR-050/MG;Norte;Colisão Lateral;;2;;;;;;;;;1;;1;;
29/12/2018;15:40:00;111;sem vítima;99,08;BR-050/GO;Norte;Choque - Elemento de Drenagem;1;;;;;;;;;;2;;;;
30/12/2018;03:09:00;18;sem vítima;11,45;Contorno;Sul;Choque - Barranco;1;;;;;;;;;;1;;;;
30/12/2018;03:40:00;19;sem vítima;45,9;BR-050/MG;Norte;Choque - Defensa, barreira ou meio fio;;;1;;;;;;;;1;;;;
30/12/2018;07:25:00;34;com vítima;116,24;BR-050/MG;Sul;Capotamento;1;;;;;;;;;;2;;1;;
30/12/2018;15:20:00;94;sem vítima;226;BR-050/GO;Norte;Colisão Traseira;1;;;;;;;;;1;3;;;;
30/12/2018;18:04:00;117;sem vítima;53,55;BR-050/MG;Sul;Choque - Elemento de Drenagem;1;;;;;;;;;;4;;;;
31/12/2018;02:06:00;19;sem vítima;117,9;BR-050/MG;Norte;Saida de Pista;1;;;;;;;;;;3;;;;
31/12/2018;10:13:00;54;com vítima;172;BR-050/MG;Sul;Choque - Defensa, barreira ou meio fio;1;;;;;1;;;;;1;1;;;
31/12/2018;16:48:00;95;com vítima;17,3;Contorno;Norte;Capotamento;1;;;;;;;;;;0;3;;;
31/12/2018;16:55:00;99;com vítima;82,83;BR-050/MG;Norte;Choque - Defensa, barreira ou meio fio;1;;;;;;;;;;1;1;;;
31/12/2018;17:55:00;111;com vítima;103,1;BR-050/GO;Norte;Colisão Traseira;1;;;;1;;;;;;1;;1;;
01/02/2019;16:08:00;145;sem vítima;115,6;BR-050/MG;Sul;Choque - Elemento de Drenagem;1;;;;;;;;;;2;;;;
01/02/2019;16:38:00;153;sem vítima;281;BR-050/GO;Norte;Colisão Traseira;1;;;;;1;;;;;2;;;;
01/02/2019;21:11:00;196;com vítima;152,85;BR-050/MG;Sul;Queda de Moto;;;;1;;;;;;;0;;1;;
02/02/2019;02:32:00;19;sem vítima;177,2;BR-050/MG;Sul;Choque - Elemento de Drenagem;1;;;;;;;;;;2;;;;
02/02/2019;06:49:00;36;com vítima;33,5;BR-050/MG;Norte;Choque - Defensa, barreira ou meio fio;;;;1;;;;;;;1;;1;;
02/02/2019;06:51:00;37;sem vítima;63;BR-050/MG;Sul;Colisão Transversal;;;;1;;1;;;;;2;;;;
03/02/2019;03:53:00;30;com vítima;171,8;BR-050/MG;Norte;Capotamento;1;;;;;;;;;;0;3;1;;
03/02/2019;19:23:00;161;sem vítima;79,06;BR-050/MG;Sul;Saida de Pista;;;;;;;;;;1;1;;;;
04/02/2019;05:51:00;23;sem vítima;116,9;BR-050/GO;Norte;Colisão Traseira;;;2;;;;;;;;2;;;;
04/02/2019;14:43:00;115;com vítima;61,65;BR-050/MG;Sul;Choque - Arvore;;;1;;;;;;;;0;1;;;
04/02/2019;17:33:00;140;sem vítima;51;BR-050/MG;Sul;Colisão Traseira;1;;1;;;;;;;;2;;;;
04/02/2019;21:04:00;174;sem vítima;106;BR-050/GO;Norte;Tombamento;;;1;;;;;;;;1;;;;
05/02/2019;00:19:00;9;sem vítima;270;BR-050/GO;Sul;Capotamento;1;;;;;;;;;;1;;;;
05/02/2019;09:55:00;77;sem vítima;84;BR-050/MG;Norte;Queda de Moto;;;;1;;;;;;;1;;;;
05/02/2019;12:51:00;112;sem vítima;40;BR-050/MG;Norte;Colisão Lateral;1;;;;;;;;;1;2;;;;
05/02/2019;15:20:00;132;sem vítima;97,6;BR-050/MG;Sul;Choque - Elemento de Drenagem;1;;;;;;;;;;2;;;;
05/02/2019;16:16:00;140;com vítima;174;BR-050/MG;Norte;Queda de Moto;;;;1;;;;;;;0;1;;;
05/02/2019;16:26:00;144;sem vítima;47,6;BR-050/MG;Sul;Choque - Talude;1;;;;;;;;;;1;;;;
05/02/2019;17:19:00;149;com vítima;148,2;BR-050/MG;Sul;Tombamento;;;1;;;;;;;;0;1;;;
06/02/2019;14:40:00;118;com vítima;271,86;BR-050/GO;Norte;Queda de Moto;;;;1;;;;;;;0;1;;;
06/02/2019;16:23:00;133;sem vítima;8,28;Contorno;Sul;Saida de Pista;1;;;;;;;;;;1;;;;
06/02/2019;17:07:00;143;sem vítima;102,9;BR-050/GO;Sul;Colisão Lateral;;;1;;;;;;;1;3;;;;
06/02/2019;18:30:00;155;sem vítima;126,7;BR-050/MG;Sul;Choque - Defensa, barreira ou meio fio;;;;;;;;;;1;1;;;;
07/02/2019;05:10:00;31;sem vítima;106,05;BR-050/GO;Norte;Capotamento;;;;;;;;;;1;1;;;;
07/02/2019;08:09:00;51;sem vítima;138,49;BR-050/MG;Sul;Queda de Moto;;;;1;;;;;;;1;;;;
08/02/2019;02:01:00;20;com vítima;107,6;BR-050/GO;Sul;Capotamento;;;;;;;;;;1;3;1;;;
08/02/2019;05:36:00;37;sem vítima;146;BR-050/MG;Sul;Choque - Obstáculo Fixo;1;;;;;;;;;;2;;;;
08/02/2019;12:45:00;110;sem vítima;234,66;BR-050/GO;Sul;Saida de Pista;1;;;;;;;;;;3;;;;
08/02/2019;13:42:00;119;com vítima;101;BR-050/MG;Sul;Colisão Transversal;3;;1;;;;;;;;2;3;;;
08/02/2019;14:28:00;127;com vítima;21,45;Contorno;Sul;Colisão Lateral;1;;;;;;;;;1;4;1;;;
08/02/2019;14:32:00;128;com vítima;18,45;Contorno;Sul;Choque - Defensa, barreira ou meio fio;1;;;;;;;;;;0;1;1;;
09/02/2019;06:35:00;38;com vítima;157,3;BR-050/MG;Sul;Colisão Lateral;1;;;1;;;;;;;1;1;1;;
09/02/2019;15:46:00;128;com vítima;128,84;BR-050/MG;Norte;Capotamento;1;;;;;;;;;;0;2;;;
09/02/2019;17:04:00;138;sem vítima;51;BR-050/MG;Sul;Colisão Traseira;1;;1;;;;;;;;6;;;;
10/02/2019;09:40:00;54;com vítima;239,5;BR-050/GO;Sul;Tombamento;;;1;;;;;;;;0;1;;;
10/02/2019;11:14:00;64;sem vítima;261,82;BR-050/GO;Sul;Choque - Arvore;1;;;;;;;;;;5;;;;