data;horario;n_da_ocorrencia;tipo_de_ocorrencia;km;trecho;sentido;tipo_de_acidente;automovel;bicicleta;caminhao;moto;onibus;outros;tracao_animal;transporte_de_cargas_especiais;trator_maquinas;utilitarios;ilesos;levemente_feridos;moderadamente_feridos;gravemente_feridos;mortos
10/02/2019;13:06:00;78;sem vítima;149,5;BR-050/GO;Norte;Choque - Elemento de Drenagem;1;;;;;;;;;;3;;;;
10/02/2019;16:19:00;105;sem vítima;42,8;BR-050/MG;Sul;Atropelamento de Animal;1;;;;;;;;;;3;;;;
10/02/2019;17:29:00;116;sem vítima;96,9;BR-050/GO;Sul;Colisão Traseira;1;;;;;1;;;;;2;;;;
10/02/2019;18:49:00;133;sem vítima;155,7;BR-050/MG;Norte;Saida de Pista;1;;;;;1;;;;;3;;;;
10/02/2019;22:22:00;166;sem vítima;134;BR-050/GO;Norte;Saida de Pista;1;;;;;;;;;;2;;;;
11/02/2019;00:45:00;13;sem vítima;233,56;BR-050/GO;Sul;Saida de Pista;1;;;;;;;;;;2;;;;
11/02/2019;14:40:00;122;sem vítima;45,034;BR-050/MG;Norte;Colisão Lateral;;;2;;;;;;;;2;;;;
11/02/2019;15:05:00;127;sem vítima;189,5;BR-050/MG;Sul;Choque - Barranco;1;;;;;;;;;;3;;;;
11/02/2019;17:18:00;150;com vítima;49,92;BR-050/MG;Sul;Choque - Talude;1;;;;;;;;;;0;1;;;
11/02/2019;21:14:00;191;com vítima;92,2;BR-050/MG;Sul;Colisão Traseira;;;2;;;;;;;;3;2;;;
12/02/2019;07:28:00;36;com vítima;12;Contorno;Norte;Colisão Traseira;;2;;;;;;;;;1;1;;;
12/02/2019;07:53:00;41;sem vítima;31,77;BR-050/MG;Sul;Tombamento;;;1;;;;;;;;1;;;;
12/02/2019;11:02:00;87;sem vítima;178,5;BR-050/MG;Norte;Tombamento;;;1;;;;;;;;2;;;;
12/02/2019;14:11:00;120;com vítima;179;BR-050/MG;Norte;Choque - Obstáculo Fixo;1;;;;;;;;;;2;1;;;
12/02/2019;21:02:00;174;sem vítima;81;BR-050/MG;Norte;Choque - Defensa, barreira ou meio fio;1;;;;;;;;;;1;;;;
12/02/2019;23:42:00;189;sem vítima;41,5;BR-050/MG;Norte;Choque - Suporte de Sinalização;1;;;;;1;;;;;4;;;;
13/02/2019;06:35:00;41;com vítima;178,4;BR-050/MG;Sul;Capotamento;1;;;;;;;;;;0;1;;;
13/02/2019;06:48:00;42;sem vítima;272,3;BR-050/GO;Sul;Colisão Lateral;2;;;;;;;;;;6;;;;
13/02/2019;06:53:00;43;sem vítima;270;BR-050/GO;Sul;Choque - Talude;1;;;;;;;;;;2;;;;
13/02/2019;08:39:00;62;sem vítima;106,1;BR-050/GO;Norte;Choque - Defensa, barreira ou meio fio;;;;;;;;;;1;1;;;;
13/02/2019;11:10:00;104;sem vítima;172,7;BR-050/MG;Norte;Colisão Lateral;;;1;;;;;;;1;3;;;;
13/02/2019;13:33:00;127;sem vítima;81,16;BR-050/MG;Norte;Colisão Traseira;;;1;;;;;;;1;2;;;;
13/02/2019;16:08:00;153;sem vítima;200;BR-050/GO;Norte;Saida de Pista;1;;;;;;;;;;1;;;;
13/02/2019;19:57:00;194;com vítima;15;Contorno;Norte;Tombamento;;;1;;;;;;;;0;1;;;
14/02/2019;06:45:00;37;com vítima;12;Contorno;Norte;Queda de Moto;;;;1;;;;;;;0;1;;;
14/02/2019;14:03:00;121;sem vítima;204,35;BR-050/GO;Sul;Colisão Traseira;;;1;;;;;;;1;5;;;;
14/02/2019;15:33:00;137;sem vítima;157;BR-050/MG;Norte;Choque - Veiculo parado na pista;;;1;;;;;;;1;2;;;;
14/02/2019;16:10:00;142;sem vítima;173;BR-050/GO;Sul;Choque - Obstáculo Fixo;1;;;;;;;;;;1;;;;
14/02/2019;17:12:00;153;sem vítima;165;BR-050/MG;Sul;Tombamento;1;;;;;;;;;;1;;;;
14/02/2019;18:03:00;159;com vítima;59;BR-050/MG;Norte;Queda de Ciclista;;1;;;;;;;;;0;1;;;
14/02/2019;20:02:00;187;sem vítima;177,2;BR-050/MG;Norte;Choque - Objeto sobre a pista;2;;;;;;;;;;5;;;;
14/02/2019;21:58:00;206;com vítima;137,9;BR-050/MG;Norte;Capotamento;1;;;;;;;;;;0;;1;;
15/02/2019;04:44:00;30;sem vítima;14,014;BR-050/MG;Sul;Colisão Traseira;;;2;;;;;;;;2;;;;
15/02/2019;06:52:00;37;sem vítima;166,76;BR-050/MG;Norte;Saida de Pista;;;1;;;;;;;;3;;;;
15/02/2019;09:13:00;61;com vítima;130,68;BR-050/MG;Sul;Capotamento;1;;;;;;;;;;0;;2;;
15/02/2019;12:17:00;113;sem vítima;61,15;BR-050/MG;Sul;Atropelamento de Animal;1;;;;;;;;;;4;;;;
15/02/2019;17:21:00;160;com vítima;60,76;BR-050/MG;Sul;Atropelamento - Ciclista;;1;;;;;;;;1;1;;1;;
16/02/2019;06:37:00;26;sem vítima;135,8;BR-050/MG;Sul;Saida de Pista;;;1;;;;;;;;1;;;;
16/02/2019;08:59:00;44;com vítima;174,5;BR-050/MG;Sul;Choque - Defensa, barreira ou meio fio;1;;;;;;;;;;1;1;;;
16/02/2019;12:04:00;69;sem vítima;303,8;BR-050/GO;Sul;Choque - Suporte de Sinalização;1;;;;;;;;;;1;;;;
16/02/2019;16:02:00;117;sem vítima;44,5;BR-050/MG;Sul;Choque - Elemento de Drenagem;;;;;;;;;;1;4;;;;
16/02/2019;20:48:00;154;sem vítima;259,92;BR-050/GO;Sul;Choque - Talude;1;;;;;;;;;;1;;;;
16/02/2019;23:22:00;168;com vítima;155;BR-050/MG;Sul;Choque - Talude;1;;;;;;;;;;4;1;;;
17/02/2019;05:17:00;20;sem vítima;273,5;BR-050/GO;Norte;Tombamento;;;1;;;;;;;;1;;;;
17/02/2019;05:39:00;21;sem vítima;273,3;BR-050/GO;Sul;Colisão Traseira;1;;1;;;;;;;;3;;;;
17/02/2019;14:54:00;95;com vítima;25,36;BR-050/MG;Sul;Capotamento;1;;;;;;;;;;0;2;;;
17/02/2019;15:19:00;100;com vítima;45,92;BR-050/MG;Sul;Choque - Elemento de Drenagem;1;;;;;;;;;;4;1;;;
17/02/2019;19:30:00;132;sem vítima;9,3;Contorno;Norte;Atropelamento de Animal;;;1;;;;;;;;1;;;;
17/02/2019;23:28:00;158;sem vítima;280,8;BR-050/GO;Norte;Choque - Defensa, barreira ou meio fio;1;;;;;;;;;;1;;;;
18/02/2019;06:42:00;33;sem vítima;159,91;BR-050/MG;Norte;Capotamento;1;;;;;;;;;;1;;;;
18/02/2019;09:07:00;61;com vítima;203,6;BR-050/GO;Norte;Capotamento;1;;;;;;;;;;0;2;;;
19/02/2019;10:08:00;82;sem vítima;0;Contorno;Sul;Tombamento;;;1;;;;;;;;1;;;;
19/02/2019;22:26:00;176;com vítima;83,95;BR-050/MG;Sul;Colisão Traseira;;;2;;;;;;;;2;;1;;
20/02/2019;20:58:00;188;sem vítima;196,95;BR-050/GO;Norte;Choque - Suporte de Sinalização;1;;;;;;;;;;1;;;;
20/02/2019;21:23:00;192;sem vítima;206,3;BR-050/GO;Norte;Saida de Pista;;;1;;;;;;;;1;;;;
21/02/2019;00:19:00;12;sem vítima;118,8;BR-050/MG;Norte;Saida de Pista;1;;;;;;;;;;1;;;;
21/02/2019;02:59:00;26;sem vítima;243,3;BR-050/GO;Norte;Choque - Elemento de Drenagem;;;1;;;;;;;;2;;;;
21/02/2019;03:29:00;28;com vítima;191;BR-050/MG;Norte;Colisão Traseira;;;2;;;;;;;;1;1;;;
21/02/2019;07:10:00;40;sem vítima;105;BR-050/MG;Norte;Choque - Obstáculo Fixo;;;;;;;;;;1;1;;;;
21/02/2019;14:36:00;123;sem vítima;277;BR-050/GO;Sul;Engavetamento;1;;3;;;;;;;;5;;;;
21/02/2019;16:36:00;149;sem vítima;187,35;BR-050/GO;Norte;Saida de Pista;1;;;;;;;;;;3;;;;
21/02/2019;17:18:00;153;sem vítima;269,4;BR-050/GO;Norte;Saida de Pista;1;;;;;;;;;;2;;;;
22/02/2019;19:18:00;178;sem vítima;177,2;BR-050/MG;Sul;Engavetamento;4;;;;;;;;;;4;;;;
22/02/2019;19:28:00;179;com vítima;35;BR-050/MG;Sul;Atropelamento - Ciclista;;1;;;;;;;;1;1;;;;1
22/02/2019;20:15:00;186;sem vítima;58;BR-050/MG;Sul;Colisão Traseira;1;;1;;;;;;;;2;;;;
23/02/2019;09:36:00;76;sem vítima;228,15;BR-050/GO;Norte;Saida de Pista;;;1;;;;;;;;1;;;;
23/02/2019;19:55:00;196;com vítima;34,6;BR-050/MG;Norte;Capotamento;1;;;;;;;;;;0;1;;;
24/02/2019;06:11:00;23;com vítima;80,97;BR-050/MG;Sul;Capotamento;1;;;;;;;;;;0;1;;;
24/02/2019;23:06:00;159;com vítima;173,5;BR-050/MG;Norte;Colisão Traseira;;;1;;;;;;;1;3;2;1;;
24/02/2019;23:10:00;161;com vítima;100;BR-050/GO;Sul;Colisão Traseira;2;;;;;;;;;;0;2;;;
26/02/2019;22:14:00;219;sem vítima;174,8;BR-050/MG;Norte;Choque - Defensa, barreira ou meio fio;1;;;;;;;;;;1;;;;
26/02/2019;23:39:00;224;sem vítima;157,35;BR-050/MG;Sul;Saida de Pista;;;1;;;;;;;;1;;;;
27/02/2019;00:56:00;12;sem vítima;32,1;BR-050/MG;Sul;Choque - Suporte de Sinalização;1;;;;;;;;;;1;;;;
27/02/2019;05:57:00;35;sem vítima;101,98;BR-050/GO;Norte;Saida de Pista;;;1;;;;;;;;1;;;;
27/02/2019;09:56:00;83;sem vítima;46,63;BR-050/MG;Norte;Choque - Elemento de Drenagem;1;;;;;;;;;;1;;;;
28/02/2019;12:07:00;98;sem vítima;167;BR-050/MG;Norte;Tombamento;;;1;;;;;;;;1;;;;
28/02/2019;13:20:00;107;com vítima;166,7;BR-050/GO;Sul;Choque - Suporte de Sinalização;;;1;;;;;;;;0;;1;;
28/02/2019;16:25:00;142;sem vítima;59,08;BR-050/MG;Sul;Saida de Pista;1;;;;;;;;;;2;;;;
28/02/2019;16:30:00;143;sem vítima;62,74;BR-050/MG;Norte;Choque - Elemento de Drenagem;;;;;;;;;;1;1;;;;
28/02/2019;19:25:00;173;com vítima;43,645;BR-050/MG;Sul;Capotamento;;;;;;;;;;1;1;2;;;
28/02/2019;21:19:00;195;sem vítima;118;BR-050/MG;Norte;Saida de Pista;1;;;;;;;;;;3;;;;
01/01/2019;00:42:00;9;com vítima;280,38;BR-050/GO;Norte;Colisão Transversal;1;;;1;;;;;;;1;2;;;
01/01/2019;02:08:00;12;com vítima;179,1;BR-050/MG;Sul;Choque - Elemento de Drenagem;1;;;;;;;;;;0;1;;;
01/01/2019;02:11:00;13;com vítima;77,3;BR-050/MG;Sul;Colisão Lateral;;;;1;;;;;;1;2;;2;;
01/01/2019;02:57:00;15;com vítima;65,32;BR-050/MG;Sul;Atropelamento - Usuário;1;;;;;;;;;;1;;1;;
01/01/2019;05:16:00;24;sem vítima;200,9;BR-050/MG;Norte;Choque - Defensa, barreira ou meio fio;1;;;;;;;;;;2;;;;
01/01/2019;07:07:00;30;sem vítima;171,98;BR-050/MG;Sul;Choque - Defensa, barreira ou meio fio;1;;;;;;;;;;2;;;;
01/01/2019;11:20:00;45;sem vítima;206,62;BR-050/MG;Norte;Colisão Traseira;1;;;;;;;;;1;9;;;;
01/01/2019;16:20:00;77;com vítima;175,4;BR-050/GO;Norte;Capotamento;1;;;;;;;;;;0;1;1;;
01/01/2019;16:27:00;81;com vítima;38;BR-050/MG;Norte;Choque - Poste;;;;;;;;;;1;0;;2;;
01/01/2019;17:31:00;90;sem vítima;186,35;BR-050/MG;Sul;Choque - Suporte de Sinalização;1;;;;;;;;;;2;;;;
01/01/2019;20:58:00;124;com vítima;64,5;BR-050/MG;Sul;Choque - Defensa, barreira ou meio fio;1;;;;;;;;;;1;2;;;
01/01/2019;22:10:00;129;sem vítima;40;BR-050/MG;Norte;Capotamento;1;;;;1;;;;;;4;;;;
02/01/2019;11:01:00;85;com vítima;45;BR-050/MG;Sul;Tombamento;1;;;;;;;;;;0;3;;;
02/01/2019;11:45:00;92;com vítima;45,06;BR-050/MG;Sul;Colisão Traseira;1;;;;;;;;;1;0;10;;;
02/01/2019;19:48:00;166;sem vítima;132;BR-050/MG;Norte;Colisão Traseira;;;1;;;;;;;1;2;;;;
03/01/2019;09:37:00;73;com vítima;145,2;BR-050/MG;Norte;Capotamento;1;;;;;;;;;;0;;2;;
03/01/2019;13:19:00;119;com vítima;287;BR-050/GO;Norte;Colisão Traseira;1;;1;;;;;;;;3;2;;;
03/01/2019;23:39:00;192;com vítima;130;BR-050/MG;Sul;Capotamento;1;;;;;;;;;;3;1;;;
04/01/2019;09:08:00;50;sem vítima;179;BR-050/MG;Norte;Tombamento;;;1;;;;;;;;1;;;;
04/01/2019;14:01:00;112;com vítima;0,12;BR-050/MG;Norte;Choque - Talude;;;1;;;;;;;;0;1;;;
04/01/2019;17:23:00;162;com vítima;7,82;Contorno;Sul;Choque - Elemento de Drenagem;;;;1;;;;;;;0;1;;;
04/01/2019;21:52:00;207;sem vítima;174,6;BR-050/MG;Norte;Tombamento;1;;;;;;;;;;1;;;;
04/01/2019;23:23:00;212;com vítima;269,4;BR-050/GO;Norte;Queda de Moto;;;;1;;;;;;;0;1;;;
05/01/2019;05:05:00;28;com vítima;93,4;BR-050/MG;Norte;Capotamento;;;;;;;;;;1;0;2;1;;
05/01/2019;08:48:00;48;com vítima;77,02;BR-050/MG;Norte;Colisão Traseira;;;1;;;;;;;1;1;1;;;
05/01/2019;14:10:00;108;sem vítima;177;BR-050/MG;Norte;Choque - Defensa, barreira ou meio fio;;;;;;;;;;1;1;;;;
05/01/2019;16:41:00;128;sem vítima;15,8;Contorno;Sul;Colisão Traseira;2;;;;;;;;;;2;;;;
06/01/2019;06:35:00;47;sem vítima;15,785;BR-050/MG;Sul;Saida de Pista;1;;;;;;;;;;2;;;;
06/01/2019;06:41:00;49;com vítima;39,6;BR-050/MG;Sul;Colisão Traseira;;;;;;;;;;2;8;1;;;
06/01/2019;06:49:00;50;sem vítima;210;BR-050/GO;Sul;Colisão Traseira;1;;;;;;;;;;1;;;;
06/01/2019;07:40:00;54;com vítima;169,7;BR-050/GO;Norte;Choque - Arvore;1;;;;;;;;;;1;1;;;
06/01/2019;08:31:00;62;com vítima;23,38;BR-050/MG;Sul;Colisão Traseira;1;;;;;;;;;;2;1;;;
06/01/2019;08:45:00;63;sem vítima;142,5;BR-050/MG;Norte;Saida de Pista;1;;;;;;;;;;2;;;;
06/01/2019;15:37:00;140;com vítima;155,88;BR-050/MG;Sul;Capotamento;1;;;;;;;;;;0;1;3;;
06/01/2019;17:42:00;165;sem vítima;178;BR-050/MG;Norte;Colisão Traseira;2;;;;;;;;;;5;;;;
07/01/2019;13:22:00;117;sem vítima;252;BR-050/GO;Norte;Colisão Traseira;1;;1;;;1;;;;;3;;;;
07/01/2019;14:34:00;126;sem vítima;81;BR-050/MG;Norte;Choque - Defensa, barreira ou meio fio;1;;;;;;;;;;1;;;;
07/01/2019;16:32:00;152;com vítima;107,1;BR-050/MG;Norte;Capotamento;1;;;;;;;;;;0;3;;;
07/01/2019;17:09:00;159;com vítima;53,12;BR-050/MG;Sul;Tombamento;;;;;;;;;;1;0;1;;;
07/01/2019;22:59:00;203;sem vítima;20,95;BR-050/MG;Norte;Colisão Traseira;1;;1;;;;;;;;3;;;;
08/01/2019;08:22:00;51;sem vítima;180;BR-050/MG;Sul;Engavetamento;3;;;;;;;;;;5;;;;
08/01/2019;08:48:00;54;com vítima;176;BR-050/MG;Norte;Colisão Lateral;1;;1;;;;;;;1;2;2;;;
08/01/2019;10:11:00;70;sem vítima;176;BR-050/MG;Norte;Colisão Traseira;2;;;;;;;;;;4;;;;
08/01/2019;23:31:00;193;com vítima;169;BR-050/GO;Sul;Queda de Moto;;;;1;;;;;;;0;1;;;
09/01/2019;00:38:00;9;com vítima;77,1;BR-050/MG;Sul;Colisão Lateral;;;1;;1;;;;;;58;1;;;
09/01/2019;13:51:00;127;sem vítima;147,46;BR-050/MG;Sul;Choque - Obstáculo Fixo;;;1;;;;;;;;1;;;;
09/01/2019;13:56:00;128;sem vítima;312,05;BR-050/GO;Norte;Colisão Traseira;1;;;;;;;;;1;6;;;;
09/01/2019;18:37:00;169;com vítima;35,2;BR-050/MG;Norte;Capotamento;1;;1;;1;;;;;;3;2;;;
10/01/2019;07:42:00;47;com vítima;179,8;BR-050/GO;Sul;Choque - Defensa, barreira ou meio fio;;;1;;;;;;;;0;;1;;
10/01/2019;10:14:00;89;com vítima;130,46;BR-050/MG;Norte;Capotamento;;;;;;;;;;1;0;4;;;
10/01/2019;19:31:00;202;sem vítima;0,5;BR-050/MG;Sul;Colisão Lateral;;;1;;;;;;;1;3;;;;
11/01/2019;04:36:00;34;com vítima;190,66;BR-050/MG;Sul;Atropelamento - Andarilho;;;;;;1;;;;;1;;;;1
11/01/2019;10:50:00;99;com vítima;204,36;BR-050/GO;Sul;Capotamento;1;;;;;;;;;;0;1;2;;
11/01/2019;13:23:00;130;com vítima;176;BR-050/MG;Norte;Tombamento;;;1;;;;;;;;0;1;;;
11/01/2019;15:57:00;155;sem vítima;99,15;BR-050/MG;Norte;Saida de Pista;1;;;;;;;;;;2;;;;
11/01/2019;20:46:00;205;sem vítima;168,1;BR-050/MG;Sul;Saida de Pista;1;;;;;;;;;;1;;;;
11/01/2019;21:00:00;211;sem vítima;57,55;BR-050/MG;Norte;Saida de Pista;1;;;;;;;;;;1;;;;
12/01/2019;01:00:00;12;sem vítima;51,78;BR-050/MG;Norte;Choque - Suporte de Sinalização;1;;;;;;;;;;1;;;;
12/01/2019;05:20:00;27;sem vítima;189,95;BR-050/MG;Sul;Choque - Talude;;;1;;;;;;;;1;;;;
12/01/2019;06:14:00;31;sem vítima;159,5;BR-050/MG;Norte;Colisão Lateral;1;;1;;;;;;;;4;;;;
12/01/2019;08:33:00;47;com vítima;64;BR-050/MG;Norte;Colisão Traseira;1;;1;;;1;;;;;3;;2;;
12/01/2019;16:32:00;136;sem vítima;60,9;BR-050/MG;Sul;Capotamento;1;;;;;;;;;;4;;;;
12/01/2019;18:05:00;149;com vítima;265;BR-050/GO;Sul;Choque - Suporte de Sinalização;;;;;1;;;;;;46;1;1;;
13/01/2019;02:52:00;23;com vítima;162,6;BR-050/MG;Sul;Choque - Suporte de Sinalização;1;;;;;;;;;;0;1;;;
13/01/2019;04:10:00;26;sem vítima;15;BR-050/MG;Norte;Choque - Defensa, barreira ou meio fio;1;;;;;;;;;;1;;;;
13/01/2019;18:41:00;134;sem vítima;175;BR-050/MG;Sul;Capotamento;1;;;;;;;;;;1;;;;
13/01/2019;18:57:00;137;sem vítima;6,5;Contorno;Norte;Choque - Defensa, barreira ou meio fio;1;;;;;;;;;;3;;;;
13/01/2019;19:54:00;149;sem vítima;105;BR-050/MG;Norte;Colisão Traseira;2;;;;;;;;;;10;;;;
13/01/2019;22:33:00;167;sem vítima;186,92;BR-050/MG;Sul;Atropelamento de Animal;1;;;;;;;;;;2;;;;
14/01/2019;08:21:00;48;com vítima;148,32;BR-050/MG;Sul;Capotamento;1;;;;;;;;;;0;2;;;
14/01/2019;22:17:00;204;com vítima;97;BR-050/MG;Norte;Colisão Traseira;;;1;;;;;;;1;1;4;;;
15/01/2019;05:27:00;34;com vítima;295,1;BR-050/GO;Norte;Colisão Frontal;2;;;;;;;;;;0;;;3;3
15/01/2019;07:55:00;49;sem vítima;172,2;BR-050/MG;Norte;Choque - Defensa, barreira ou meio fio;1;;;;;;;;;;1;;;;
15/01/2019;09:15:00;65;com vítima;38;BR-050/MG;Sul;Colisão Traseira;;;1;;;;;;;1;1;1;;;
15/01/2019;14:45:00;126;com vítima;53;BR-050/MG;Norte;Colisão Traseira;;1;1;;;;;;;;1;1;;;
16/01/2019;07:40:00;39;com vítima;174;BR-050/MG;Norte;Queda de Moto;;;;1;;;;;;;0;2;;;
16/01/2019;08:42:00;49;sem vítima;269,85;BR-050/GO;Sul;Colisão Transversal;1;;1;;;;;;;;2;;;;
16/01/2019;18:21:00;157;com vítima;283;BR-050/GO;Sul;Colisão Transversal;1;;;1;;;;;;;2;1;;;
16/01/2019;21:39:00;190;com vítima;179;BR-050/MG;Sul;Colisão Traseira;2;;;;;;;;;;2;1;;;
17/01/2019;14:04:00;124;sem vítima;195,38;BR-050/GO;Sul;Tombamento;;;1;;;;;;;;1;;;;
17/01/2019;20:11:00;175;sem vítima;3,8;BR-050/MG;Sul;Colisão Lateral;1;;1;;;;;;;;2;;;;
18/01/2019;14:26:00;117;com vítima;267,3;BR-050/GO;Norte;Colisão Frontal;1;;;;;;;;;1;0;2;2;;2
18/01/2019;15:04:00;124;com vítima;19,13;Contorno;Norte;Choque - Veiculo parado no acostamento;1;;1;;;;;;;;0;3;1;;
19/01/2019;00:21:00;12;sem vítima;163,65;BR-050/MG;Sul;Atropelamento de Animal;1;;;;;;;;;;3;;;;
19/01/2019;05:40:00;34;com vítima;54,23;BR-050/MG;Sul;Tombamento;;;1;;;;;;;;0;;1;;
19/01/2019;13:39:00;110;sem vítima;168,5;BR-050/MG;Sul;Choque - Defensa, barreira ou meio fio;1;;;;;;;;;;1;;;;
19/01/2019;15:18:00;121;sem vítima;307,3;BR-050/GO;Norte;Saida de Pista;1;;;;;1;;;;;4;;;;
19/01/2019;17:01:00;140;com vítima;18;Contorno;Sul;Colisão Lateral;;1;;;;1;;;;1;3;1;;;
19/01/2019;18:47:00;155;sem vítima;36;BR-050/MG;Sul;Choque - Defensa, barreira ou meio fio;;;;;;;;;;1;2;;;;
19/01/2019;21:24:00;186;sem vítima;175,3;BR-050/MG;Norte;Capotamento;;;;;;;;;;1;1;;;;
19/01/2019;22:00:00;192;sem vítima;177,2;BR-050/MG;Sul;Tombamento;;;1;;;;;;;;1;;;;
20/01/2019;06:44:00;39;sem vítima;6,7;BR-050/MG;Sul;Saida de Pista;1;;;;;;;;;;4;;;;
20/01/2019;08:35:00;46;com vítima;175,9;BR-050/MG;Sul;Queda de Moto;;;;1;;;;;;;0;2;;;
20/01/2019;15:36:00;114;com vítima;302;BR-050/GO;Sul;Capotamento;1;;;;;;;;;;2;1;;;
20/01/2019;15:53:00;117;sem vítima;148,4;BR-050/MG;Sul;Tombamento;;;1;;;;;;;;2;;;;
20/01/2019;16:03:00;121;com vítima;184,28;BR-050/GO;Norte;Capotamento;1;;;;;;;;;;2;2;;;
20/01/2019;20:26:00;183;sem vítima;100,1;BR-050/GO;Norte;Saida de Pista;1;;;;;;;;;;3;;;;
20/01/2019;20:27:00;184;sem vítima;169,8;BR-050/MG;Sul;Choque - Defensa, barreira ou meio fio;;;;;;;;;;1;2;;;;
20/01/2019;21:50:00;198;sem vítima;176,5;BR-050/MG;Sul;Colisão Traseira;1;;;;;;;;;1;2;;;;
21/01/2019;01:44:00;23;sem vítima;119;BR-050/MG;Norte;Colisão Traseira;1;;1;;;;;;;;3;;;;
21/01/2019;02:38:00;29;sem vítima;124,5;BR-050/MG;Norte;Saida de Pista;1;;;;;;;;;;2;;;;
21/01/2019;22:43:00;189;sem vítima;264,9;BR-050/GO;Norte;Choque - Barranco;;;1;;;;;;;;1;;;;
22/01/2019;08:48:00;51;com vítima;105,32;BR-050/GO;Norte;Colisão Traseira;1;;1;;;;;;;;1;2;3;;
23/01/2019;05:10:00;31;com vítima;195,9;BR-050/GO;Norte;Capotamento;1;;;;;;;;;;0;;2;;
23/01/2019;13:22:00;114;com vítima;278,5;BR-050/GO;Norte;Colisão Transversal;;;;2;;;;;;;1;1;;;
23/01/2019;13:57:00;119;com vítima;105;BR-050/MG;Norte;Choque - Veiculo parado na pista;1;;;;;;;;;1;1;1;;;
23/01/2019;20:44:00;180;com vítima;174;BR-050/MG;Sul;Colisão Traseira;1;;;;;;;;;1;1;2;1;;
24/01/2019;09:48:00;66;com vítima;151,08;BR-050/MG;Sul;Capotamento;1;;;;;;;;;;0;3;1;;
24/01/2019;12:22:00;91;sem vítima;11,5;BR-050/MG;Norte;Capotamento;;;;;;;;;;1;1;;;;
24/01/2019;20:58:00;187;com vítima;48,72;BR-050/MG;Sul;Choque - Talude;;;;1;;;;;;;0;1;;;
25/01/2019;07:30:00;53;sem vítima;82,3;BR-050/MG;Norte;Colisão Traseira;1;;1;;;;;;;;2;;;;
25/01/2019;10:47:00;107;com vítima;239,48;BR-050/GO;Sul;Tombamento;;;1;;;;;;;;0;1;;;
25/01/2019;12:23:00;129;sem vítima;181,97;BR-050/MG;Norte;Colisão Lateral;1;;1;;;;;;;;3;;;;
25/01/2019;14:46:00;161;sem vítima;269;BR-050/GO;Norte;Colisão Traseira;2;;;;;;;;;;3;;;;
25/01/2019;17:54:00;208;sem vítima;314;BR-050/GO;Norte;Choque - Defensa, barreira ou meio fio;1;;;;;;;;;;1;;;;
26/01/2019;03:03:00;25;sem vítima;60,8;BR-050/MG;Norte;Carreta deu L;;;1;;;;;;;;3;;;;
26/01/2019;12:07:00;93;com vítima;55,5;BR-050/MG;Sul;Queda de Moto;;;;1;;;;;;;0;1;1;;
26/01/2019;16:12:00;119;sem vítima;178,98;BR-050/MG;Norte;Choque - Defensa, barreira ou meio fio;1;;;;;;;;;;1;;;;
26/01/2019;17:43:00;136;sem vítima;13,35;BR-050/MG;Sul;Colisão Traseira;;;2;;;;;;;;2;;;;
26/01/2019;18:28:00;143;sem vítima;63,3;BR-050/MG;Sul;Colisão Lateral;1;;;;;;;;;1;3;;;;
27/01/2019;02:39:00;19;sem vítima;61,4;BR-050/MG;Sul;Saida de Pista;1;;;;;;;;;;1;;;;
27/01/2019;19:52:00;123;sem vítima;10;BR-050/MG;Sul;Colisão Lateral;;;;1;;;;;;1;8;;;;
29/01/2019;06:38:00;36;com vítima;9,95;Contorno;Norte;Colisão Traseira;;;;1;1;;;;;;12;1;;;
29/01/2019;14:25:00;143;sem vítima;11,1;BR-050/MG;Sul;Colisão Lateral;1;;1;;;;;;;;6;;;;
29/01/2019;17:16:00;174;com vítima;15,08;Contorno;Sul;Queda de Moto;;;;1;;;;;;;0;1;;;
30/01/2019;05:43:00;33;com vítima;265;BR-050/GO;Norte;Tombamento;;;1;;;;;;;;0;;1;;
30/01/2019;17:42:00;182;sem vítima;29,94;BR-050/MG;Norte;Choque - Defensa, barreira ou meio fio;;;;;;;;;;1;1;;;;
31/01/2019;04:25:00;35;sem vítima;53,5;BR-050/MG;Norte;Choque - Elemento de Drenagem;1;;;;;;;;;;1;;;;
31/01/2019;07:57:00;55;com vítima;154,46;BR-050/MG;Sul;Capotamento;1;;;;;;;;;;0;1;;;
31/01/2019;17:30:00;161;com vítima;99,95;BR-050/MG;Norte;Colisão Traseira;;;2;;;;;;;;0;1;1;;
01/03/2019;05:54:00;30;com vítima;245;BR-050/GO;Sul;Capotamento;1;;;;;;;;;;0;;1;;
01/03/2019;07:58:00;46;com vítima;44,18;BR-050/MG;Sul;Queda de Moto;;;;1;;;;;;;0;1;;1;
01/03/2019;11:14:00;79;sem vítima;175;BR-050/MG;Sul;Choque - Defensa, barreira ou meio fio;;;;;;;;;;1;1;;;;
01/03/2019;11:40:00;84;sem vítima;245,88;BR-050/GO;Sul;Choque - Outros;;;;;;;;;;1;2;;;;
01/03/2019;14:27:00;105;sem vítima;151,75;BR-050/MG;Norte;Choque - Veiculo parado no acostamento;1;;1;;;;;;;;2;;;;
01/03/2019;14:40:00;108;sem vítima;140,2;BR-050/MG;Sul;Capotamento;1;;;;;;;;;;1;;;;
01/03/2019;14:45:00;110;com vítima;163,2;BR-050/MG;Norte;Queda de Moto;;;;1;;;;;;;0;1;;;
01/03/2019;15:21:00;119;sem vítima;244,25;BR-050/GO;Sul;Choque - Elemento de Drenagem;;;1;;;;;;;;1;;;;