data;horario;n_da_ocorrencia;tipo_de_ocorrencia;km;trecho;sentido;tipo_de_acidente;automovel;bicicleta;caminhao;moto;onibus;outros;tracao_animal;transporte_de_cargas_especiais;trator_maquinas;utilitarios;ilesos;levemente_feridos;moderadamente_feridos;gravemente_feridos;mortos
01/03/2019;15:36:00;122;com vítima;151;BR-050/GO;Norte;Capotamento;;;;;;;;;;1;0;1;1;;
01/03/2019;15:48:00;125;sem vítima;147,6;BR-050/MG;Sul;Choque - Defensa, barreira ou meio fio;1;;;;;;;;;;2;;;;
02/03/2019;02:08:00;15;sem vítima;99,6;BR-050/GO;Norte;Saida de Pista;1;;;;;;;;;;1;;;;
02/03/2019;08:18:00;51;sem vítima;24,68;BR-050/MG;Sul;Choque - Suporte de Sinalização;1;;1;;;;;;;;3;;;;
02/03/2019;11:12:00;93;sem vítima;17,05;BR-050/MG;Norte;Choque - Elemento de Drenagem;1;;;;;;;;;;1;;;;
02/03/2019;11:25:00;99;sem vítima;42,44;BR-050/MG;Norte;Colisão Traseira;2;;;;;;;;;;6;;;;
02/03/2019;12:38:00;114;sem vítima;14,8;Contorno;Sul;Choque - Defensa, barreira ou meio fio;1;;;;;;;;;;4;;;;
02/03/2019;13:34:00;128;com vítima;153,03;BR-050/MG;Sul;Capotamento;;;;;;;;;;1;2;;1;;
02/03/2019;19:01:00;197;com vítima;279,6;BR-050/GO;Sul;Colisão Transversal;1;;;1;;;;;;;3;1;;;
03/03/2019;15:53:00;111;sem vítima;198;BR-050/MG;Norte;Colisão Traseira;2;;;;;;;;;;3;;;;
03/03/2019;18:05:00;133;sem vítima;15,34;BR-050/MG;Sul;Saida de Pista;1;;;;;;;;;;2;;;;
03/03/2019;18:58:00;142;com vítima;39,5;BR-050/MG;Sul;Atropelamento - Ciclista;;1;;;;;;;;;0;1;;;
03/03/2019;20:29:00;156;sem vítima;178,25;BR-050/MG;Sul;Tombamento;1;;;;;;;;;;4;;;;
04/03/2019;12:02:00;60;com vítima;262,52;BR-050/GO;Sul;Choque - Suporte de Sinalização;1;;;;;;;;;;0;1;;;
04/03/2019;13:59:00;71;sem vítima;9,78;BR-050/MG;Sul;Saida de Pista;1;;;;;;;;;;4;;;;
05/03/2019;06:21:00;25;com vítima;173,8;BR-050/MG;Sul;Choque - Suporte de Sinalização;;;;;;;;;;1;0;2;;;
05/03/2019;07:42:00;32;sem vítima;36;BR-050/MG;Sul;Choque - Defensa, barreira ou meio fio;1;;;;;;;;;;1;;;;
05/03/2019;08:08:00;35;sem vítima;60,3;BR-050/MG;Norte;Queda de Moto;;;;1;;;;;;;1;;;;
05/03/2019;18:57:00;147;com vítima;53,9;BR-050/MG;Sul;Queda de Moto;;;;1;;;;;;;0;1;;;
06/03/2019;07:19:00;34;com vítima;185,95;BR-050/GO;Norte;Choque - Veiculo parado no acostamento;;;1;;;;;;;1;1;;1;;
06/03/2019;23:10:00;192;com vítima;32;BR-050/MG;Sul;Colisão Lateral;1;;;;;1;;;;;1;1;;;
07/03/2019;13:50:00;125;sem vítima;148,35;BR-050/GO;Norte;Capotamento;1;;;;;;;;;;1;;;;
07/03/2019;15:23:00;139;sem vítima;78,48;BR-050/MG;Norte;Colisão Traseira;;;1;;;;;;;1;2;;;;
09/03/2019;09:43:00;70;com vítima;15;Contorno;Norte;Capotamento;;;1;;;;;;;;0;1;;;
09/03/2019;10:04:00;73;sem vítima;188,1;BR-050/GO;Sul;Saida de Pista;1;;;;;;;;;;2;;;;
09/03/2019;23:07:00;197;sem vítima;21;BR-050/MG;Sul;Colisão Traseira;;;1;;;;;;;1;2;;;;
10/03/2019;06:17:00;31;com vítima;21;Contorno;Sul;Colisão Frontal;;;;;1;;;;;1;5;2;;;
10/03/2019;14:53:00;124;sem vítima;136;BR-050/MG;Norte;Colisão Lateral;1;;1;;;;;;;;3;;;;
10/03/2019;14:57:00;125;com vítima;157;BR-050/MG;Norte;Colisão Transversal;2;;;;;;;;;;2;2;;;
11/03/2019;01:53:00;15;sem vítima;232,5;BR-050/GO;Sul;Tombamento;;;1;;;;;;;;2;;;;
11/03/2019;11:09:00;88;sem vítima;172,6;BR-050/MG;Norte;Queda de Ciclista;;1;;;;;;;;;1;;;;
11/03/2019;16:18:00;145;sem vítima;175,5;BR-050/MG;Sul;Colisão Lateral;1;;;;1;;;;;;28;;;;
11/03/2019;21:02:00;186;com vítima;64,9;BR-050/MG;Sul;Colisão Traseira;;;2;;;;;;;;1;1;;;
12/03/2019;06:05:00;27;sem vítima;95,8;BR-050/MG;Norte;Tombamento;;;1;;;;;;;;1;;;;
12/03/2019;07:42:00;43;sem vítima;207,4;BR-050/GO;Sul;Choque - Defensa, barreira ou meio fio;1;;;;;;;;;;1;;;;
12/03/2019;15:08:00;141;com vítima;171,9;BR-050/GO;Sul;Capotamento;;;;;;;;;;1;0;1;;;
12/03/2019;19:16:00;185;sem vítima;25,06;BR-050/MG;Sul;Choque - Defensa, barreira ou meio fio;;;;;;;;;;1;1;;;;
12/03/2019;21:28:00;196;com vítima;207;BR-050/MG;Norte;Capotamento;1;;;;;;;;;;0;1;;;
13/03/2019;16:01:00;161;com vítima;180;BR-050/MG;Sul;Engavetamento;1;;;2;;;;;;;2;1;;;
13/03/2019;22:37:00;213;sem vítima;152,2;BR-050/GO;Norte;Colisão Lateral;;;2;;;;;;;;2;;;;
14/03/2019;16:56:00;176;sem vítima;176,98;BR-050/MG;Sul;Choque - Defensa, barreira ou meio fio;;;1;;;;;;;;1;;;;
14/03/2019;17:22:00;187;com vítima;176,4;BR-050/MG;Sul;Colisão Lateral;;;;1;;1;;;;;1;1;;;
14/03/2019;20:52:00;214;sem vítima;154;BR-050/GO;Norte;Choque - Defensa, barreira ou meio fio;;;1;;;;;;;;1;;;;
14/03/2019;21:43:00;219;sem vítima;3,9;BR-050/MG;Norte;Choque - Defensa, barreira ou meio fio;1;;;;;;;;;;2;;;;
15/03/2019;01:44:00;17;sem vítima;47,4;BR-050/MG;Norte;Choque - Elemento de Drenagem;;;;;;;;;;1;1;;;;
15/03/2019;12:46:00;127;sem vítima;14,5;BR-050/MG;Sul;Colisão Lateral;;;2;;;;;;;;2;;;;
15/03/2019;13:16:00;131;sem vítima;286,4;BR-050/GO;Norte;Colisão Traseira;1;;;;;;;;;1;3;;;;
15/03/2019;19:20:00;218;sem vítima;171,8;BR-050/MG;Norte;Colisão Traseira;1;;1;;;;;;;;3;;;;
16/03/2019;01:22:00;12;sem vítima;163,5;BR-050/MG;Norte;Atropelamento de Animal;;;1;;;;;;;;1;;;;
16/03/2019;17:35:00;141;com vítima;174,3;BR-050/MG;Norte;Colisão Lateral;;1;;;;1;;;;;1;;1;;
16/03/2019;19:29:00;152;sem vítima;178;BR-050/MG;Norte;Engavetamento;1;;;;;4;;;;;5;;;;
16/03/2019;19:44:00;157;sem vítima;112,3;BR-050/GO;Norte;Saida de Pista;1;;;;;;;;;;1;;;;
16/03/2019;20:28:00;164;sem vítima;180;BR-050/MG;Norte;Colisão Traseira;1;;;;;1;;;;1;9;;;;
17/03/2019;14:03:00;78;sem vítima;108,4;BR-050/MG;Norte;Carreta deu L;;;1;;;;;;;;1;;;;
17/03/2019;15:59:00;95;com vítima;142,98;BR-050/GO;Norte;Saida de Pista;1;;;;;;;;;;0;;1;;
17/03/2019;16:25:00;103;sem vítima;198;BR-050/MG;Sul;Colisão Transversal;;;1;;;;;;;1;4;;;;
17/03/2019;16:28:00;104;sem vítima;177;BR-050/MG;Sul;Colisão Lateral;1;;1;;;;;;;;3;;;;
18/03/2019;14:00:00;117;sem vítima;167;BR-050/MG;Sul;Choque - Defensa, barreira ou meio fio;1;;;;;;;;;;1;;;;
18/03/2019;18:40:00;154;sem vítima;59,2;BR-050/MG;Norte;Choque - Arvore;1;;;;;;;;;;3;;;;
18/03/2019;21:27:00;174;sem vítima;78,55;BR-050/MG;Norte;Atropelamento de Animal;;;;;;;;;;1;1;;;;
19/03/2019;06:41:00;27;sem vítima;8;Contorno;Sul;Saida de Pista;1;;;;;;;;;;1;;;;
19/03/2019;16:40:00;140;sem vítima;301;BR-050/GO;Norte;Queda de Moto;;;;1;;;;;;;1;;;;
19/03/2019;17:12:00;146;sem vítima;118,9;BR-050/GO;Norte;Tombamento;;;1;;;;;;;;1;;;;
19/03/2019;18:24:00;155;sem vítima;48;BR-050/MG;Norte;Choque - Defensa, barreira ou meio fio;1;;;;;;;;;;1;;;;
19/03/2019;18:59:00;163;com vítima;104,9;BR-050/GO;Sul;Capotamento;1;;;;;;;;;;0;1;;;
20/03/2019;08:49:00;54;com vítima;0,2;BR-050/MG;Norte;Saida de Pista;1;;;;;;;;;;0;1;;;
20/03/2019;10:18:00;70;sem vítima;142;BR-050/GO;Sul;Tombamento;;;;;;;;;;1;2;;;;
20/03/2019;13:04:00;101;sem vítima;6,59;Contorno;Norte;Choque - Defensa, barreira ou meio fio;1;;;;;;;;;;2;;;;
20/03/2019;14:21:00;115;sem vítima;147,5;BR-050/MG;Sul;Saida de Pista;1;;;;;;;;;;1;;;;
20/03/2019;17:43:00;147;sem vítima;36;BR-050/MG;Norte;Choque - Defensa, barreira ou meio fio;;;1;;;;;;;;2;;;;
21/03/2019;18:01:00;160;sem vítima;86;BR-050/MG;Norte;Choque - Arvore;1;;1;;;;;;;;2;;;;
21/03/2019;19:09:00;166;com vítima;175;BR-050/MG;Sul;Atropelamento - Pedestre;1;;;;;;;;;;1;;1;;
21/03/2019;19:36:00;182;sem vítima;0;BR-050/MG;Norte;Choque - Defensa, barreira ou meio fio;1;;;;;;;;;;3;;;;
22/03/2019;11:58:00;100;sem vítima;40,89;BR-050/MG;Sul;Choque - Defensa, barreira ou meio fio;;;;;;;;;;1;1;;;;
22/03/2019;13:21:00;110;sem vítima;140,8;BR-050/MG;Norte;Choque - Defensa, barreira ou meio fio;1;;;;;;;;;;2;;;;
22/03/2019;13:53:00;113;sem vítima;304;BR-050/GO;Sul;Choque - Obstáculo Fixo;;;;;;;;;;1;2;;;;
23/03/2019;00:11:00;2;sem vítima;260,9;BR-050/GO;Sul;Colisão Lateral;;;1;;;1;;;;;3;;;;
23/03/2019;00:25:00;6;com vítima;191,899;BR-050/MG;Sul;Capotamento;1;;;;;;;;;;0;1;;;
23/03/2019;05:01:00;23;com vítima;118,9;BR-050/MG;Sul;Saida de Pista;;;;1;;;;;;;0;;1;;
23/03/2019;14:01:00;99;sem vítima;77,3;BR-050/MG;Sul;Choque - Defensa, barreira ou meio fio;1;;;;;;;;;;1;;;;
23/03/2019;19:26:00;146;sem vítima;98,85;BR-050/GO;Sul;Colisão Traseira;1;;;;;1;;;;;2;;;;
23/03/2019;21:09:00;163;com vítima;174,1;BR-050/MG;Norte;Queda de Moto;;;;1;;;;;;;1;1;;;
23/03/2019;23:43:00;179;com vítima;93,2;BR-050/MG;Norte;Colisão Transversal;1;;1;;;;;;;;7;;1;;
24/03/2019;03:44:00;7;sem vítima;181,125;BR-050/MG;Norte;Choque - Suporte de Sinalização;1;;;;;;;;;;1;;;;
24/03/2019;08:58:00;35;sem vítima;51;BR-050/MG;Sul;Colisão Traseira;2;;;;;;;;;;3;;;;
24/03/2019;10:17:00;43;com vítima;157,2;BR-050/MG;Sul;Colisão Lateral;;;;1;;1;;;;;1;;1;;
24/03/2019;15:15:00;91;com vítima;104,5;BR-050/GO;Sul;Saida de Pista;1;;;;;;;;;;0;1;;;
25/03/2019;17:45:00;157;sem vítima;273,3;BR-050/GO;Sul;Colisão Traseira;2;;;;;;;;;;5;;;;
25/03/2019;19:31:00;182;sem vítima;39,6;BR-050/MG;Norte;Colisão Transversal;1;;1;;;;;;;;4;;;;
25/03/2019;20:01:00;189;sem vítima;114,3;BR-050/GO;Norte;Colisão Traseira;;;2;;;;;;;;2;;;;
28/03/2019;01:02:00;4;sem vítima;21;Contorno;Norte;Capotamento;1;;;;;;;;;;1;;;;
28/03/2019;07:29:00;31;com vítima;148,3;BR-050/MG;Norte;Tombamento;;;1;;;;;;;;1;1;;;
29/03/2019;11:25:00;88;sem vítima;273,4;BR-050/GO;Norte;Tombamento;;;1;;;;;;;;2;;;;
29/03/2019;14:58:00;114;com vítima;263,02;BR-050/GO;Sul;Capotamento;;;1;;;;;;;;0;1;1;;
29/03/2019;16:41:00;131;sem vítima;124;BR-050/MG;Norte;Choque - Suporte de Sinalização;1;;;;;;;;;;1;;;;
29/03/2019;20:58:00;192;sem vítima;57;BR-050/MG;Norte;Colisão Traseira;1;;1;;;;;;;;2;;;;
30/03/2019;17:17:00;144;sem vítima;52,8;BR-050/MG;Norte;Saida de Pista;1;;;;;;;;;;2;;;;
31/03/2019;04:23:00;19;sem vítima;52,9;BR-050/MG;Norte;Choque - Elemento de Drenagem;1;;;;;;;;;;2;;;;
31/03/2019;10:35:00;51;com vítima;87,8;BR-050/MG;Norte;Capotamento;1;;;;;;;;;;0;2;;;
31/03/2019;13:59:00;73;com vítima;126;BR-050/MG;Norte;Capotamento;1;;;;;;;;;;1;1;;;
31/03/2019;15:12:00;85;com vítima;133,6;BR-050/GO;Norte;Saida de Pista;1;;;;;;;;;;2;1;;;
31/03/2019;17:30:00;104;com vítima;167;BR-050/GO;Norte;Capotamento;1;;;;;;;;;;0;1;;;
31/03/2019;17:55:00;109;com vítima;253,5;BR-050/GO;Sul;Saida de Pista;1;;;;;;;;;;0;1;;;
31/03/2019;19:23:00;127;com vítima;136,2;BR-050/MG;Norte;Atropelamento - Andarilho;1;;;;;;;;;;2;1;;;1
31/03/2019;19:28:00;128;sem vítima;54,25;BR-050/MG;Sul;Tombamento;;;1;;;;;;;;1;;;;
01/04/2019;06:09:00;11;sem vítima;158,6;BR-050/MG;Norte;Choque - Defensa, barreira ou meio fio;1;;;;;;;;;;1;;;;
01/04/2019;06:38:00;14;com vítima;43,3;BR-050/MG;Norte;Queda de Moto;;;;1;;;;;;;0;2;;;
01/04/2019;09:25:00;41;com vítima;154;BR-050/GO;Norte;Colisão Traseira;1;;1;;;;;;;;1;1;;;
01/04/2019;09:59:00;46;com vítima;147;BR-050/GO;Norte;Capotamento;;;;;;;;;;1;1;1;;;
01/04/2019;13:46:00;87;com vítima;94;BR-050/MG;Sul;Capotamento;;;;;;;;;;1;0;2;1;;
01/04/2019;20:09:00;142;sem vítima;117,9;BR-050/MG;Norte;Choque - Defensa, barreira ou meio fio;1;;;;;;;;;;1;;;;
02/04/2019;03:32:00;12;sem vítima;30,12;BR-050/MG;Norte;Choque - Elemento de Drenagem;1;;;;;;;;;;3;;;;
02/04/2019;12:53:00;89;sem vítima;10,4;BR-050/MG;Sul;Choque - Veiculo parado no acostamento;;;2;;;;;;;;2;;;;
02/04/2019;19:11:00;147;com vítima;85,95;BR-050/MG;Norte;Colisão Traseira;;;1;;;;;;;1;2;1;1;;
02/04/2019;21:46:00;164;com vítima;78,55;BR-050/MG;Norte;Colisão Traseira;1;;1;;;;;;;;1;;1;;
04/04/2019;14:59:00;109;sem vítima;218,3;BR-050/GO;Norte;Tombamento;;;;;;;;;;1;1;;;;
04/04/2019;23:28:00;186;sem vítima;113,1;BR-050/GO;Norte;Saida de Pista;;;1;;;;;;;;1;;;;
05/04/2019;08:35:00;33;sem vítima;91;BR-050/MG;Norte;Saida de Pista;1;;;;;;;;;;2;;;;
05/04/2019;16:21:00;132;sem vítima;85,6;BR-050/MG;Sul;Choque - Obstáculo Fixo;;;;;;;;;;1;1;;;;
05/04/2019;18:49:00;163;sem vítima;241,5;BR-050/GO;Norte;Atropelamento de Animal;;;;;;;;;;1;3;;;;
05/04/2019;20:01:00;184;sem vítima;97,2;BR-050/GO;Sul;Saida de Pista;1;;;;;;;;;;3;;;;
06/04/2019;10:52:00;62;com vítima;140,48;BR-050/GO;Sul;Capotamento;1;;;;;;;;;;0;2;;;
06/04/2019;17:12:00;131;com vítima;29,85;BR-050/MG;Norte;Choque - Defensa, barreira ou meio fio;1;;;;;;;;;;0;5;;;
06/04/2019;18:08:00;135;sem vítima;27,7;BR-050/MG;Sul;Choque - Defensa, barreira ou meio fio;1;;;;;;;;;;5;;;;
06/04/2019;18:26:00;138;sem vítima;227,85;BR-050/GO;Sul;Queda de Moto;;;;1;;;;;;;1;;;;
06/04/2019;21:47:00;167;com vítima;165,38;BR-050/GO;Sul;Choque - Defensa, barreira ou meio fio;1;;;;;;;;;;0;1;;;
06/04/2019;22:17:00;169;com vítima;12;Contorno;Norte;Choque - Obstáculo Fixo;;;1;;;;;;;;0;1;;;
06/04/2019;23:37:00;175;com vítima;279;BR-050/GO;Sul;Queda de Moto;;;;1;;;;;;;0;2;;;
07/04/2019;06:09:00;28;com vítima;174,3;BR-050/MG;Norte;Choque - Defensa, barreira ou meio fio;1;;;;;;;;;;0;1;;;
07/04/2019;08:47:00;43;com vítima;21,4;Contorno;Norte;Capotamento;1;;;;;;;;;;0;1;;;
07/04/2019;17:03:00;109;sem vítima;51,45;BR-050/MG;Sul;Colisão Traseira;2;;;;;;;;;;3;;;;
07/04/2019;20:25:00;133;sem vítima;177,3;BR-050/MG;Sul;Capotamento;1;;;;;;;;;;2;;;;
07/04/2019;21:33:00;139;com vítima;117,698;BR-050/MG;Norte;Colisão Traseira;;;2;;;;;;;;1;1;;;
08/04/2019;00:34:00;4;sem vítima;80,97;BR-050/MG;Norte;Capotamento;1;;;;;;;;;;1;;;;
08/04/2019;09:14:00;45;com vítima;90,68;BR-050/MG;Norte;Tombamento;;;1;;;;;;;;0;1;;;
08/04/2019;11:44:00;74;sem vítima;135,78;BR-050/MG;Norte;Saida de Pista;1;;;;;;;;;;1;;;;
08/04/2019;17:00:00;121;com vítima;266;BR-050/GO;Norte;Colisão Traseira;1;;;;;;;;;1;1;1;;;
08/04/2019;20:38:00;155;com vítima;179,1;BR-050/MG;Norte;Queda de Moto;;;;1;;;;;;;0;1;;;
08/04/2019;21:14:00;163;sem vítima;62;BR-050/MG;Norte;Colisão Traseira;1;;;;;;;;;1;4;;;;
09/04/2019;07:13:00;32;com vítima;174,9;BR-050/MG;Sul;Colisão Traseira;;1;1;;;;;;;;1;;1;;
09/04/2019;14:24:00;117;sem vítima;129,5;BR-050/MG;Norte;Choque - Suporte de Sinalização;1;;;;;;;;;;1;;;;
11/04/2019;07:09:00;24;sem vítima;30,2;BR-050/MG;Norte;Capotamento;1;;;;;;;;;;1;;;;
11/04/2019;15:00:00;107;com vítima;191,75;BR-050/GO;Sul;Choque - Elemento de Drenagem;;;1;;;;;;;;0;1;;;
11/04/2019;21:35:00;174;sem vítima;170,7;BR-050/MG;Norte;Colisão Traseira;;;2;;;;;;;;2;;;;
12/04/2019;06:18:00;26;com vítima;81;BR-050/MG;Norte;Atropelamento de Animal;;;;1;;;;;;;0;1;;;
12/04/2019;07:02:00;31;com vítima;15;Contorno;Sul;Tombamento;;;1;;;;;;;;0;1;;;
12/04/2019;15:28:00;125;sem vítima;230,25;BR-050/GO;Norte;Capotamento;1;;;;;;;;;;1;;;;
12/04/2019;21:21:00;182;com vítima;168,5;BR-050/MG;Sul;Choque - Talude;;;;;;;;;;1;0;;1;;
12/04/2019;23:10:00;195;com vítima;18;Contorno;Norte;Capotamento;1;;;;;;;;;;0;;3;;
12/04/2019;23:17:00;196;com vítima;174,3;BR-050/MG;Norte;Colisão Traseira;;;;1;;1;;;;;1;1;;;
13/04/2019;01:24:00;11;sem vítima;268;BR-050/GO;Sul;Queda de Ciclista;;;;1;;;;;;;2;;;;
13/04/2019;05:00:00;21;sem vítima;255;BR-050/GO;Norte;Choque - Elemento de Drenagem;1;;;;;;;;;;1;;;;
13/04/2019;05:21:00;22;com vítima;234,9;BR-050/GO;Norte;Choque - Elemento de Drenagem;;;1;;;;;;;;0;;1;;
13/04/2019;06:12:00;25;sem vítima;202,75;BR-050/MG;Sul;Choque - Defensa, barreira ou meio fio;1;;;;;;;;;;5;;;;
13/04/2019;18:42:00;145;sem vítima;124,05;BR-050/MG;Norte;Colisão Traseira;;;;;;;;;;2;4;;;;
15/04/2019;17:11:00;117;com vítima;235,85;BR-050/GO;Norte;Capotamento;1;;;;;;;;;;0;1;;;
15/04/2019;18:53:00;134;sem vítima;278;BR-050/GO;Norte;Choque - Defensa, barreira ou meio fio;;;;;;1;;;;1;2;;;;
16/04/2019;05:37:00;21;sem vítima;300;BR-050/GO;Sul;Saida de Pista;1;;;;;;;;;;2;;;;
16/04/2019;23:41:00;176;sem vítima;56,15;BR-050/MG;Norte;Saida de Pista;;;1;;;;;;;;1;;;;
17/04/2019;11:27:00;85;sem vítima;172,9;BR-050/GO;Norte;Saida de Pista;1;;;;;;;;;;5;;;;
17/04/2019;15:44:00;127;sem vítima;54,1;BR-050/MG;Sul;Choque - Defensa, barreira ou meio fio;;;;;;;;;;1;1;;;;
17/04/2019;15:44:00;129;sem vítima;54,3;BR-050/MG;Sul;Choque - Defensa, barreira ou meio fio;;;;;;;;;;1;1;;;;
18/04/2019;05:14:00;25;sem vítima;258,68;BR-050/GO;Norte;Tombamento;;;1;;;;;;;;2;;;;
18/04/2019;11:18:00;99;com vítima;115,69;BR-050/GO;Sul;Capotamento;1;;;;;;;;;;0;1;;;
18/04/2019;20:10:00;183;com vítima;6,35;BR-050/MG;Sul;Capotamento;1;;;;;;;;;;0;;1;;
19/04/2019;06:14:00;20;com vítima;106,2;BR-050/MG;Norte;Colisão Traseira;;;2;;;;;;;;0;2;;;
19/04/2019;10:10:00;49;com vítima;245,3;BR-050/GO;Norte;Choque - Arvore;;;;;;;;;;1;0;1;;;
19/04/2019;11:06:00;59;com vítima;78,62;BR-050/MG;Sul;Queda de Moto;;;;1;;;;;;;0;1;;;
20/04/2019;17:16:00;86;sem vítima;174,3;BR-050/MG;Sul;Colisão Traseira;1;;;;;;;;;1;6;;;;
21/04/2019;06:32:00;22;com vítima;65,35;BR-050/MG;Sul;Colisão Traseira;1;;1;;;;;;;;1;1;2;;
21/04/2019;15:58:00;107;com vítima;51,6;BR-050/MG;Norte;Colisão Traseira;2;;;;;;;;;;4;;1;;
21/04/2019;18:20:00;137;sem vítima;21;Contorno;Norte;Colisão Traseira;1;;;;;;;;;1;3;;;;
21/04/2019;18:56:00;140;com vítima;96,05;BR-050/GO;Norte;Atropelamento - Pedestre;1;;;;;;;;;;4;;1;;
22/04/2019;01:26:00;7;com vítima;48,7;BR-050/MG;Norte;Queda de Moto;;;;1;;;;;;;1;;1;;
22/04/2019;10:13:00;61;sem vítima;123,76;BR-050/MG;Sul;Choque - Defensa, barreira ou meio fio;1;;;;;;;;;;3;;;;
22/04/2019;12:03:00;91;sem vítima;1,9;BR-050/MG;Sul;Colisão Traseira;;;2;;;;;;;;2;;;;
23/04/2019;06:05:00;18;com vítima;166,15;BR-050/GO;Norte;Capotamento;1;;;;;;;;;;0;1;;;
23/04/2019;08:10:00;30;sem vítima;51,7;BR-050/MG;Norte;Colisão Lateral;2;;;;;;;;;;4;;;;
23/04/2019;23:17:00;182;com vítima;130,7;BR-050/MG;Sul;Choque - Defensa, barreira ou meio fio;1;;;;;;;;;;0;1;;;
24/04/2019;20:39:00;168;sem vítima;89,7;BR-050/MG;Norte;Colisão Traseira;2;;;;;;;;;;5;;;;
25/04/2019;00:02:00;1;sem vítima;52,2;BR-050/MG;Norte;Colisão Lateral;;;2;;;;;;;;2;;;;
25/04/2019;00:45:00;5;sem vítima;194,55;BR-050/GO;Norte;Tombamento;;;1;;;;;;;;1;;;;
25/04/2019;15:08:00;116;sem vítima;98,64;BR-050/MG;Norte;Saida de Pista;;;1;;;;;;;;1;;;;
25/04/2019;16:21:00;132;com vítima;180,5;BR-050/MG;Norte;Choque - Suporte de Sinalização;;;1;;;;;;;;0;;1;;
26/04/2019;04:12:00;19;com vítima;119;BR-050/MG;Norte;Colisão Traseira;;;2;;;;;;;;1;1;;;
26/04/2019;07:04:00;31;sem vítima;177,4;BR-050/MG;Norte;Engavetamento;6;;;;;;;;;;20;;;;
26/04/2019;09:49:00;64;sem vítima;177,5;BR-050/MG;Sul;Choque - Poste;;;;;1;;;;;;35;;;;
26/04/2019;10:07:00;69;com vítima;161,3;BR-050/MG;Norte;Capotamento;;;;;;;;;;1;0;1;;;
26/04/2019;10:07:00;70;com vítima;177,5;BR-050/MG;Sul;Saida de Pista;1;;;;;;;;;;1;3;;;
26/04/2019;10:09:00;71;com vítima;177,5;BR-050/MG;Sul;Colisão Lateral;;;;1;;;;;;1;1;1;;;
26/04/2019;15:11:00;119;sem vítima;248,42;BR-050/GO;Sul;Choque - Elemento de Drenagem;;;;;;;;;;1;1;;;;
27/04/2019;04:59:00;22;com vítima;84;BR-050/MG;Norte;Tombamento;;;1;;;;;;;;0;;1;;
27/04/2019;06:54:00;37;com vítima;176;BR-050/MG;Sul;Colisão Traseira;;;;1;;;;;;1;3;1;;;
27/04/2019;12:56:00;94;com vítima;57,17;BR-050/MG;Sul;Queda de Moto;;;;1;;;;;;;0;;1;;
27/04/2019;12:59:00;95;sem vítima;57,2;BR-050/MG;Norte;Colisão Traseira;2;;;;;;;;;;2;;;;
27/04/2019;16:01:00;120;sem vítima;177,2;BR-050/MG;Norte;Saida de Pista;1;;;;;;;;;;1;;;;
27/04/2019;19:06:00;148;com vítima;47,1;BR-050/MG;Norte;Atropelamento de Animal;;;;1;;;;;;;0;1;;;
27/04/2019;20:12:00;159;sem vítima;135,9;BR-050/MG;Sul;Choque - Outros;1;;1;;;;;;;;2;;;;
28/04/2019;16:10:00;88;sem vítima;280;BR-050/GO;Norte;Colisão Lateral;1;;;;;;;;;1;5;;;;
28/04/2019;23:49:00;142;sem vítima;3,9;BR-050/MG;Sul;Choque - Defensa, barreira ou meio fio;1;;;;;;;;;;1;;;;
29/04/2019;02:58:00;12;com vítima;105,8;BR-050/GO;Norte;Tombamento;;;1;;;;;;;;0;1;1;;
29/04/2019;12:58:00;86;sem vítima;165,3;BR-050/MG;Norte;Colisão Lateral;1;;1;;;1;;;;;4;;;;
30/04/2019;12:02:00;83;com vítima;264,8;BR-050/GO;Sul;Tombamento;;;2;;;1;;;;;2;1;;;
01/05/2019;08:48:00;43;sem vítima;46,37;BR-050/MG;Norte;Choque - Defensa, barreira ou meio fio;1;;;;;;;;;;2;;;;
02/05/2019;03:27:00;5;com vítima;148,45;BR-050/GO;Sul;Capotamento;1;;;;;;;;;;1;;1;;
02/05/2019;07:22:00;16;sem vítima;174,9;BR-050/MG;Sul;Colisão Lateral;;;1;;1;;;;;;3;;;;
02/05/2019;12:37:00;83;com vítima;65,3;BR-050/MG;Norte;Colisão Transversal;1;;;1;;;;;;;4;;1;;
02/05/2019;14:57:00;103;com vítima;15;Contorno;Sul;Choque - Defensa, barreira ou meio fio;1;;;;;;;;;;0;;1;;
02/05/2019;20:49:00;143;sem vítima;161,75;BR-050/GO;Sul;Choque - Elemento de Drenagem;;;;;;;;;;1;2;;;;
03/05/2019;00:18:00;1;sem vítima;253,95;BR-050/GO;Sul;Choque - Elemento de Drenagem;;;;;;;;;;1;1;;;;
04/05/2019;03:25:00;16;sem vítima;58,22;BR-050/MG;Norte;Choque - Obstáculo Fixo;1;;;;;;;;;;1;;;;
04/05/2019;07:28:00;34;com vítima;174,1;BR-050/MG;Sul;Choque - Defensa, barreira ou meio fio;1;;;;;;;;;;0;1;;;
04/05/2019;17:32:00;116;sem vítima;3,8;BR-050/MG;Sul;Choque - Elemento de Drenagem;;;;;;;;;;1;1;;;;
05/05/2019;01:16:00;6;sem vítima;133,1;BR-050/GO;Sul;Choque - Obstáculo Fixo;1;;;;;;;;;;3;;;;
05/05/2019;12:31:00;65;sem vítima;29,5;BR-050/MG;Norte;Choque - Defensa, barreira ou meio fio;1;;;;;;;;;;2;;;;
05/05/2019;22:22:00;139;com vítima;127,4;BR-050/MG;Norte;Colisão Traseira;;;2;;;;;;;;1;;1;;