data;horario;n_da_ocorrencia;tipo_de_ocorrencia;km;trecho;sentido;tipo_de_acidente;automovel;bicicleta;caminhao;moto;onibus;outros;tracao_animal;transporte_de_cargas_especiais;trator_maquinas;utilitarios;ilesos;levemente_feridos;moderadamente_feridos;gravemente_feridos;mortos
02/12/2019;18:05:20;150;sem vítima;47;BR-050/MG;Sul;Tombamento;;;1;;;;;;;;1;;;;
02/12/2019;18:31:09;155;sem vítima;147,1;BR-050/MG;Sul;Colisão Traseira;;;2;;;;;;;;2;;;;
03/12/2019;05:37:54;19;sem vítima;5,86;Contorno;Norte;Atropelamento de Animal;1;;;;;;;;;;1;;;;
03/12/2019;08:22:24;33;sem vítima;51,9;BR-050/MG;Norte;Colisão Traseira;1;;1;;;;;;;;3;;;;
03/12/2019;10:33:40;59;sem vítima;276;BR-050/GO;Norte;Colisão Traseira;;;1;;;;;;;1;3;;;;
03/12/2019;15:10:00;84;sem vítima;62,3;BR-050/MG;Norte;Saida de Pista;1;;;;;;;;;;1;;;;
04/12/2019;05:18:51;14;com vítima;149,9;BR-050/MG;Norte;Colisão Traseira;;;2;;;;;;;;2;;;1;
04/12/2019;08:51:36;45;com vítima;175,85;BR-050/MG;Norte;Colisão lateral no mesmo sentido;;;;1;;;;;;1;1;1;;;
04/12/2019;10:12:06;58;sem vítima;174,9;BR-050/MG;Sul;Tombamento;;;1;;;;;;;;2;;;;
04/12/2019;14:19:49;86;com vítima;281,9;BR-050/GO;Sul;Queda de Ciclista;;1;;;;;;;;;0;;1;;
04/12/2019;15:46:00;100;sem vítima;42,7;BR-050/MG;Sul;Colisão Traseira;;;;2;;;;;;;2;;;;
04/12/2019;19:45:05;129;com vítima;13;BR-050/MG;Norte;Choque - Meio fio;1;;;;;;;;;;0;1;;;
05/12/2019;13:05:22;74;sem vítima;251,6;BR-050/GO;Norte;Tombamento;;;1;;;;;;;;1;;;;
05/12/2019;15:44:32;97;sem vítima;18,18;BR-050/MG;Norte;Saida de Pista;;;;;;;;;;1;2;;;;
05/12/2019;16:02:32;103;sem vítima;174;BR-050/MG;Sul;Choque - Elemento de Drenagem;1;;;;;;;;;;1;;;;
05/12/2019;16:54:24;112;sem vítima;147,65;BR-050/MG;Sul;Choque - Defensa, barreira ou meio fio;;;1;;;;;;;;1;;;;
05/12/2019;18:18:42;123;sem vítima;58;BR-050/MG;Norte;Saida de Pista;1;;;;;;;;;;2;;;;
05/12/2019;21:37:18;144;sem vítima;161,1;BR-050/GO;Norte;Tombamento;;;1;;;;;;;;1;;;;
06/12/2019;15:43:35;116;sem vítima;137,8;BR-050/MG;Norte;Carreta deu L;;;1;;;;;;;;1;;;;
06/12/2019;16:03:17;121;sem vítima;54;BR-050/MG;Sul;Colisão Traseira;;;2;;;;;;;;2;;;;
06/12/2019;19:19:50;152;com vítima;27,2;BR-050/MG;Sul;Choque - Elemento de Drenagem;;;;;;;;;;1;0;1;;;
06/12/2019;20:11:29;160;com vítima;102,88;BR-050/GO;Sul;Colisão Traseira;2;;;;;;;;;;2;2;;;
06/12/2019;20:36:50;163;sem vítima;77,3;BR-050/MG;Sul;Choque - Defensa, barreira ou meio fio;;;;;;;;;;1;4;;;;
07/12/2019;11:26:34;69;sem vítima;54,1;BR-050/MG;Norte;Colisão lateral no mesmo sentido;;;2;;;;;;;;2;;;;
07/12/2019;12:46:33;79;com vítima;132,8;BR-050/GO;Norte;Choque - Arvore;1;;;;;;;;;;0;1;;;
07/12/2019;17:49:47;129;sem vítima;45;BR-050/MG;Sul;Queda de Moto;;;;1;;;;;;;1;;;;
07/12/2019;18:10:39;130;sem vítima;17;BR-050/MG;Norte;Saida de Pista;1;;;;;;;;;;4;;;;
07/12/2019;18:38:07;134;sem vítima;6;Contorno;Norte;Saida de Pista;1;;;;;;;;;;1;;;;
07/12/2019;21:19:04;152;sem vítima;27,1;BR-050/MG;Sul;Colisão Traseira;1;;;;;1;;;;;3;;;;
08/12/2019;00:01:17;1;sem vítima;280;BR-050/GO;Sul;Colisão Traseira;1;;;;;;;;;1;4;;;;
08/12/2019;01:39:51;11;com vítima;209;BR-050/GO;Sul;Atropelamento de Animal;;;;1;;;;;;;0;1;;;
08/12/2019;02:27:02;12;com vítima;98;BR-050/GO;Sul;Colisão Frontal;2;;;;;;;;;;0;;3;;
08/12/2019;06:41:53;32;com vítima;257,35;BR-050/GO;Sul;Capotamento;1;;;;;;;;;;0;2;;;
08/12/2019;12:59:06;89;sem vítima;122,5;BR-050/MG;Sul;Tombamento;;;1;;;;;;;;1;;;;
08/12/2019;16:04:31;113;sem vítima;167;BR-050/GO;Sul;Saida de Pista;;;1;;;;;;;;1;;;;
08/12/2019;16:32:53;123;sem vítima;189,5;BR-050/MG;Sul;Choque - Elemento de Drenagem;1;;;;;;;;;;4;;;;
08/12/2019;16:53:08;127;com vítima;48;BR-050/MG;Sul;Choque - Elemento de Drenagem;1;;;;;;;;;;0;2;1;;
08/12/2019;16:58:53;128;sem vítima;206;BR-050/MG;Norte;Colisão Traseira;2;;;;;;;;;;4;;;;
08/12/2019;17:07:49;129;sem vítima;149,18;BR-050/GO;Norte;Saida de Pista;1;;;;;;;;;;3;;;;
08/12/2019;17:12:53;130;sem vítima;63;BR-050/MG;Norte;Capotamento;1;;;;;;;;;;2;;;;
08/12/2019;17:33:47;133;sem vítima;146;BR-050/MG;Norte;Saida de Pista;1;;;;;;;;;;1;;;;
08/12/2019;17:45:32;134;sem vítima;147;BR-050/MG;Sul;Choque - New jersey;;;2;;;;;;;;2;;;;
08/12/2019;22:12:44;169;sem vítima;148,3;BR-050/MG;Sul;Tombamento;1;;;;;;;;;;1;;;;
08/12/2019;23:56:21;179;com vítima;162,5;BR-050/GO;Norte;Choque - Sinalização;;;;;;;;;;1;2;;1;;
09/12/2019;03:43:59;11;sem vítima;26,83;BR-050/MG;Norte;Choque - Elemento de Drenagem;1;;;;;;;;;;1;;;;
09/12/2019;10:30:09;57;sem vítima;257,6;BR-050/GO;Sul;Choque - Sinalização;1;;;;;;;;;;5;;;;
09/12/2019;11:48:50;68;sem vítima;59,1;BR-050/MG;Norte;Choque - Defensa, barreira ou meio fio;1;;;;;;;;;;4;;;;
10/12/2019;13:31:02;73;com vítima;177,52;BR-050/MG;Norte;Engavetamento;;;;1;;;;;;2;2;1;;;
10/12/2019;14:30:48;82;sem vítima;139,8;BR-050/MG;Sul;Saida de Pista;;;1;;;;;;;;1;;;;
10/12/2019;15:08:51;90;sem vítima;152,98;BR-050/MG;Sul;Choque - Defensa, barreira ou meio fio;;;;;;;;;;1;2;;;;
10/12/2019;16:47:27;103;com vítima;174,5;BR-050/MG;Norte;Saida de Pista;;;;1;;;;;;;0;1;;;
10/12/2019;19:08:56;132;sem vítima;35,95;BR-050/MG;Norte;Choque - Meio fio;1;;;;;;;;;;5;;;;
10/12/2019;19:53:23;137;sem vítima;17,2;BR-050/MG;Sul;Tombamento;;;1;;;;;;;;1;;;;
11/12/2019;15:00:32;107;com vítima;7,1;Contorno;Norte;Queda de Moto;;;;1;;;;;;;0;2;;;
11/12/2019;15:14:26;111;com vítima;261,45;BR-050/GO;Sul;Tombamento;;;1;;;;;;;;0;;1;;
11/12/2019;17:17:33;132;sem vítima;29,22;BR-050/MG;Norte;Tombamento;;;;;;;;;;1;5;;;;
11/12/2019;17:23:10;133;com vítima;137,8;BR-050/MG;Norte;Capotamento;;;1;;;;;;;;0;1;;;
11/12/2019;21:53:13;174;sem vítima;271;BR-050/GO;Sul;Saida de Pista;1;;1;;;;;;;;2;;;;
12/12/2019;00:59:24;5;sem vítima;127,5;BR-050/MG;Norte;Colisão Traseira;;;1;;;;;;;1;2;;;;
12/12/2019;10:42:53;58;sem vítima;187,6;BR-050/MG;Norte;Colisão Traseira;1;;1;;;;;;;;2;;;;
13/12/2019;04:20:34;18;sem vítima;45,8;BR-050/MG;Norte;Choque - Defensa, barreira ou meio fio;;;;;;;;;;1;1;;;;
13/12/2019;10:05:36;51;sem vítima;29,9;BR-050/MG;Sul;Choque - Elemento de Drenagem;;;;;;;;;;1;1;;;;
13/12/2019;19:17:29;161;sem vítima;303,65;BR-050/GO;Norte;Saida de Pista;1;;;;;;;;;;4;;;;
13/12/2019;20:01:39;167;sem vítima;110;BR-050/MG;Norte;Saida de Pista;1;;;;;;;;;;1;;;;
13/12/2019;22:13:47;180;sem vítima;178;BR-050/MG;Norte;Saida de Pista;1;;;;;;;;;;5;;;;
13/12/2019;22:18:43;182;sem vítima;37,68;BR-050/MG;Norte;Choque - Elemento de Drenagem;1;;;;;;;;;;2;;;;
14/12/2019;02:51:54;11;sem vítima;166,8;BR-050/GO;Sul;Choque - Talude;;;;;;;;;;1;1;;;;
14/12/2019;08:00:55;30;sem vítima;160,2;BR-050/MG;Sul;Saida de Pista;1;;;;;;;;;;5;;;;
14/12/2019;09:48:09;52;com vítima;279,4;BR-050/GO;Norte;Colisão Transversal;1;;;1;;;;;;;1;1;;;
14/12/2019;12:10:38;81;sem vítima;18,3;Contorno;Norte;Choque - Defensa, barreira ou meio fio;1;;;;;;;;;;5;;;;
14/12/2019;19:54:08;167;com vítima;258;BR-050/GO;Sul;Capotamento;1;;;;;;;;;;3;;1;;
14/12/2019;23:06:44;185;com vítima;19;Contorno;Sul;Colisão Traseira;1;;;;;;;;;1;0;;3;2;
15/12/2019;03:52:38;9;sem vítima;9,6;BR-050/MG;Sul;Choque - Sinalização;1;;;;;;;;;;1;;;;
15/12/2019;13:51:40;82;com vítima;204,9;BR-050/MG;Sul;Colisão Traseira;1;;;1;;;;;;;2;1;;;
15/12/2019;19:50:44;144;sem vítima;161,07;BR-050/MG;Sul;Tombamento;1;;;;;;;;;;1;;;;
15/12/2019;20:40:47;152;sem vítima;17,5;Contorno;Sul;Colisão Traseira;1;;;;;;;;;1;4;;;;
16/12/2019;06:53:12;14;com vítima;11,605;BR-050/MG;Norte;Choque - Talude;1;;;;;;;;;;2;;2;;
16/12/2019;10:48:19;45;sem vítima;163,81;BR-050/MG;Norte;Saida de Pista;1;;;;;;;;;;2;;;;
18/12/2019;01:26:18;5;com vítima;185;BR-050/MG;Norte;Colisão Traseira;1;;;;;;;;;1;1;1;;;
18/12/2019;12:34:34;68;sem vítima;58;BR-050/MG;Sul;Choque - Defensa, barreira ou meio fio;;;;1;;;;;;;1;;;;
18/12/2019;13:12:37;77;sem vítima;47,6;BR-050/MG;Sul;Choque - Defensa, barreira ou meio fio;1;;;;;;;;;;1;;;;
18/12/2019;17:24:35;117;com vítima;145,2;BR-050/MG;Sul;Colisão Frontal;1;;;;;;;;;1;0;;2;;
18/12/2019;17:36:12;118;sem vítima;16,83;Contorno;Norte;Capotamento;1;;;;;;;;;;1;;;;
18/12/2019;19:46:46;135;sem vítima;178;BR-050/MG;Sul;Saida de Pista;1;;;;;;;;;;1;;;;
18/12/2019;23:41:21;163;com vítima;33,8;BR-050/MG;Sul;Choque - Arvore;;;;;;;;;;1;1;2;;;
19/12/2019;08:50:51;53;com vítima;261;BR-050/GO;Norte;Colisão Frontal;2;;;;;;;;;;2;2;;;
19/12/2019;10:48:09;79;sem vítima;65;BR-050/MG;Sul;Tombamento;;;1;;;;;;;;1;;;;
19/12/2019;10:53:00;80;sem vítima;65;BR-050/MG;Sul;Colisão Traseira;;;1;;;;;;;1;5;;;;
19/12/2019;13:49:29;101;sem vítima;182;BR-050/GO;Norte;Saida de Pista;1;;;;;;;;;;3;;;;
19/12/2019;20:06:15;163;sem vítima;49,85;BR-050/MG;Sul;Choque - Obstáculo Fixo;;;;;;;;;;1;1;;;;
20/12/2019;02:52:31;14;sem vítima;209;BR-050/GO;Sul;Choque - Defensa, barreira ou meio fio;;;1;;;;;;;;2;;;;
20/12/2019;14:06:42;98;sem vítima;189;BR-050/GO;Sul;Colisão Traseira;;;2;;;;;;;;2;;;;
20/12/2019;14:07:27;99;sem vítima;148,1;BR-050/MG;Sul;Choque - Arvore;;;;;;;;;;1;1;;;;
20/12/2019;17:11:32;130;com vítima;59,8;BR-050/MG;Norte;Tombamento;;;;;;1;;;;1;2;1;;;
20/12/2019;17:16:11;136;sem vítima;279;BR-050/GO;Norte;Colisão Lateral;1;;1;;;;;;;;4;;;;
20/12/2019;17:21:56;137;sem vítima;2,2;Contorno;Sul;Choque - Defensa, barreira ou meio fio;1;;;;;;;;;;2;;;;
20/12/2019;17:45:39;144;sem vítima;174;BR-050/MG;Norte;Carreta deu L;;;1;;;1;;;;;2;;;;
20/12/2019;18:10:06;147;sem vítima;261,2;BR-050/GO;Sul;Choque - Sinalização;1;;;;;;;;;;1;;;;
20/12/2019;18:35:12;148;sem vítima;176;BR-050/MG;Norte;Engavetamento;3;;;;;;;;;;5;;;;
20/12/2019;18:41:44;149;sem vítima;176;BR-050/MG;Sul;Colisão Traseira;1;;1;;;;;;;;2;;;;
20/12/2019;19:05:43;152;com vítima;176,8;BR-050/MG;Norte;Engavetamento;2;;;;;1;;;;;1;2;;;
20/12/2019;23:58:22;197;com vítima;120;BR-050/MG;Sul;Capotamento;;;;;;;;;;1;1;3;;;
21/12/2019;04:39:25;28;com vítima;148,7;BR-050/MG;Sul;Capotamento;1;;;;;;;;;;0;1;1;;
21/12/2019;06:31:42;36;sem vítima;207,299;BR-050/GO;Norte;Capotamento;1;;;;;;;;;;3;;;;
21/12/2019;08:03:30;47;sem vítima;198;BR-050/MG;Norte;Choque - Veiculo parado na pista;1;;;;;;;;;1;7;;;;
21/12/2019;08:29:30;49;sem vítima;56,45;BR-050/MG;Sul;Choque - Defensa, barreira ou meio fio;1;;;;;;;;;;1;;;;
21/12/2019;09:11:47;63;sem vítima;18,76;BR-050/MG;Sul;Choque - Defensa, barreira ou meio fio;1;;;;;;;;;;4;;;;
21/12/2019;09:39:04;65;com vítima;176,2;BR-050/MG;Norte;Engavetamento;3;;;;;;;;;;8;1;;;
21/12/2019;15:15:19;162;sem vítima;167,48;BR-050/GO;Norte;Saida de Pista;1;;;;;;;;;;4;;;;
21/12/2019;20:23:47;234;com vítima;0,1;BR-050/MG;Norte;Saida de Pista;;;;;;;;;;1;1;1;;;
22/12/2019;03:56:15;14;sem vítima;13,8;BR-050/MG;Norte;Choque - Elemento de Drenagem;1;;;;;;;;;;4;;;;
22/12/2019;07:24:31;34;com vítima;43,59;BR-050/MG;Sul;Queda de Moto;;;;1;;;;;;;0;2;;;
22/12/2019;15:56:24;112;com vítima;254,8;BR-050/GO;Norte;Capotamento;1;;;;;;;;;;2;4;1;;
22/12/2019;17:39:29;136;sem vítima;105;BR-050/MG;Norte;Engavetamento;1;;;;;1;;;;1;5;;;;
22/12/2019;17:49:52;140;sem vítima;58,95;BR-050/MG;Sul;Choque - Elemento de Drenagem;1;;;;;;;;;;4;;;;
22/12/2019;18:04:45;141;sem vítima;247,5;BR-050/GO;Sul;Tombamento;1;;;;;;;;;;1;;;;
23/12/2019;07:16:35;29;com vítima;7;BR-050/MG;Sul;Capotamento;1;;;;;;;;;;1;3;;;
23/12/2019;12:15:49;81;com vítima;215;BR-050/GO;Sul;Capotamento;1;;;;;;;;;;1;1;;;
23/12/2019;13:18:02;89;sem vítima;206,9;BR-050/MG;Norte;Colisão Traseira;;;;;;;;;;2;5;;;;
23/12/2019;13:26:06;92;com vítima;254,5;BR-050/GO;Norte;Saida de Pista;;;1;;;;;;;;1;;1;;
24/12/2019;03:02:04;13;com vítima;122,8;BR-050/MG;Sul;Capotamento;1;;;;;;;;;;1;2;1;;
24/12/2019;03:07:31;14;sem vítima;178,6;BR-050/MG;Norte;Tombamento;;;1;;;;;;;;2;;;;
24/12/2019;03:14:59;15;com vítima;24,12;BR-050/MG;Sul;Capotamento;1;;;;;;;;;;0;2;2;;
24/12/2019;11:54:03;75;com vítima;174;BR-050/MG;Sul;Queda de Moto;;;;1;;;;;;;0;2;;;
24/12/2019;20:37:57;145;sem vítima;184;BR-050/MG;Sul;Colisão lateral no mesmo sentido;1;;;;1;;;;;;16;;;;
24/12/2019;21:04:56;148;com vítima;158;BR-050/MG;Norte;Capotamento;1;;;;;;;;;;1;3;;;
24/12/2019;23:25:58;161;com vítima;15,2;Contorno;Norte;Colisão Traseira;2;;;;;;;;;;1;1;;;
25/12/2019;02:58:49;8;com vítima;178;BR-050/MG;Norte;Queda de Moto;;;;1;;;;;;;0;1;;;
25/12/2019;14:12:42;48;sem vítima;156,94;BR-050/GO;Sul;Saida de Pista;1;;;;;;;;;;2;;;;
25/12/2019;17:10:33;73;sem vítima;115,1;BR-050/MG;Norte;Saida de Pista;1;;;;;;;;;;2;;;;
26/12/2019;08:23:08;27;sem vítima;280,6;BR-050/GO;Norte;Colisão Transversal;1;;;;;;;;;1;3;;;;
26/12/2019;09:56:26;38;com vítima;222,72;BR-050/GO;Sul;Capotamento;1;;;;;;;;;;0;1;1;;
26/12/2019;16:01:34;92;sem vítima;119,3;BR-050/GO;Sul;Saida de Pista;;;;;;;;;;1;3;;;;
26/12/2019;17:49:00;107;sem vítima;171;BR-050/MG;Norte;Colisão Traseira;2;;;;;;;;;;2;;;;
26/12/2019;18:16:17;111;sem vítima;164;BR-050/MG;Sul;Choque - Elemento de Drenagem;1;;;;;;;;;;3;;;;
26/12/2019;19:45:15;122;sem vítima;105,7;BR-050/GO;Norte;Tombamento;;;1;;;;;;;;1;;;;
26/12/2019;23:13:24;149;sem vítima;140,5;BR-050/MG;Norte;Tombamento;;;1;;;;;;;;1;;;;
28/12/2019;07:56:36;31;com vítima;84,64;BR-050/MG;Norte;Queda de Moto;;;;1;;;;;;;0;1;;;
28/12/2019;09:03:51;41;sem vítima;296,5;BR-050/GO;Norte;Colisão Lateral;;;1;;;;;;;1;3;;;;
28/12/2019;11:51:10;81;com vítima;314;BR-050/GO;Sul;Engavetamento;3;;;;1;;;;;1;25;4;2;;1
28/12/2019;11:57:31;82;sem vítima;198;BR-050/MG;Sul;Colisão Traseira;2;;;;;;;;;;9;;;;
28/12/2019;13:03:07;91;sem vítima;177,5;BR-050/MG;Norte;Choque - Defensa, barreira ou meio fio;1;;;;;;;;;;1;;;;
28/12/2019;15:51:22;118;com vítima;14,55;Contorno;Norte;Colisão Traseira;;;;2;;;;;;;1;1;;;
28/12/2019;17:49:57;138;com vítima;182;BR-050/MG;Norte;Queda de Moto;;;;1;;;;;;;0;2;;;
29/12/2019;00:19:46;1;sem vítima;218;BR-050/GO;Sul;Saida de Pista;1;;;;;;;;;;1;;;;
29/12/2019;03:00:32;10;sem vítima;174,5;BR-050/GO;Sul;Saida de Pista;1;;;;;;;;;;2;;;;
29/12/2019;09:19:13;37;sem vítima;217,879;BR-050/GO;Sul;Capotamento;1;;;;;;;;;;1;;;;
29/12/2019;10:56:25;51;com vítima;111,4;BR-050/GO;Sul;Capotamento;1;;;;;;;;;;4;1;;;
29/12/2019;14:46:32;79;sem vítima;33,16;BR-050/MG;Norte;Choque - Elemento de Drenagem;1;;;;;;;;;;5;;;;
31/12/2019;15:53:56;93;sem vítima;111,8;BR-050/MG;Sul;Queda de Moto;;;;1;;;;;;;1;;;;
01/03/2020;05:19:35;14;sem vítima;100,5;BR-050/GO;Norte;Choque - Sinalização;1;;;;;;;;;;4;;;;
01/03/2020;11:05:38;61;com vítima;28,8;BR-050/MG;Norte;Colisão Traseira;;;2;;;;;;;;0;2;;;
01/03/2020;11:58:31;72;sem vítima;175,2;BR-050/MG;Norte;Colisão Traseira;1;;1;;;;;;;;3;;;;
01/03/2020;12:12:18;74;com vítima;259,3;BR-050/GO;Norte;Saida de Pista;;;;;;;;;;1;1;1;;;
01/03/2020;12:42:07;77;sem vítima;176;BR-050/MG;Norte;Colisão Traseira;1;;1;;;;;;;;2;;;;
01/03/2020;15:59:58;104;sem vítima;171;BR-050/MG;Norte;Choque - Defensa, barreira ou meio fio;;;;;;;;;;1;1;;;;
01/03/2020;17:09:35;122;sem vítima;198;BR-050/MG;Norte;Colisão Traseira;;;;;1;;;;;1;40;;;;
01/03/2020;17:45:10;125;com vítima;18,7;BR-050/MG;Sul;Choque - Defensa, barreira ou meio fio;;;;;;;;;;1;0;1;;;
01/03/2020;18:07:41;127;com vítima;180;BR-050/MG;Norte;Colisão Traseira;1;;;1;;;;;;;1;1;;;
01/03/2020;19:57:31;147;com vítima;201;BR-050/GO;Norte;Colisão Transversal;2;;;;;;;;;;6;1;;;
01/03/2020;20:01:30;150;com vítima;94;BR-050/MG;Norte;Capotamento;1;;;;;;;;;;0;1;;;
02/03/2020;05:25:37;17;com vítima;93,9;BR-050/MG;Norte;Capotamento;;;;;;;;;;1;0;1;;;
02/03/2020;06:02:29;18;com vítima;118,8;BR-050/MG;Sul;Capotamento;;;;;;;;;;1;0;1;;;
02/03/2020;14:28:47;93;com vítima;27,7;BR-050/MG;Sul;Choque - Defensa, barreira ou meio fio;1;;;;;;;;;;0;1;;;
03/03/2020;11:17:21;90;sem vítima;286,7;BR-050/GO;Norte;Colisão Traseira;;;1;;;1;;;;;2;;;;
03/03/2020;12:20:08;99;com vítima;174,3;BR-050/GO;Sul;Capotamento;;;1;;;;;;;;0;;1;;
03/03/2020;16:08:11;145;sem vítima;185,61;BR-050/MG;Norte;Atropelamento de Animal;1;;;;;;;;;;1;;;;
03/03/2020;21:45:38;193;sem vítima;281;BR-050/GO;Sul;Colisão Frontal;2;;;;;;;;;;2;;;;
04/03/2020;06:37:18;24;sem vítima;257,5;BR-050/GO;Sul;Saida de Pista;1;;;;;;;;;;4;;;;
04/03/2020;08:58:07;50;sem vítima;113,9;BR-050/MG;Norte;Saida de Pista;;;;;;;;;;1;4;;;;
04/03/2020;11:06:43;82;sem vítima;179,35;BR-050/MG;Norte;Colisão Traseira;;;2;;;;;;;;3;;;;
04/03/2020;14:33:50;119;sem vítima;177,9;BR-050/MG;Sul;Colisão Traseira;1;;1;;;;;;;;2;;;;
05/03/2020;17:12:13;188;sem vítima;257,149;BR-050/GO;Sul;Saida de Pista;;;;;;;;;;1;2;;;;
05/03/2020;19:19:34;209;com vítima;17,75;Contorno;Sul;Colisão Traseira;1;;;1;;1;;;;;2;;1;;
06/03/2020;04:57:10;32;com vítima;81;BR-050/MG;Norte;Choque - Defensa, barreira ou meio fio;1;;;;;;;;;;0;;;1;
06/03/2020;06:39:29;37;com vítima;172,401;BR-050/MG;Sul;Choque - Defensa, barreira ou meio fio;;;;;;;;;;1;0;2;;;
06/03/2020;07:22:58;42;sem vítima;280,5;BR-050/GO;Norte;Colisão Transversal;1;;;1;;;;;;;3;;;;
06/03/2020;08:31:18;54;sem vítima;19,909;Contorno;Sul;Choque - Meio fio;1;;;;;;;;;;1;;;;
06/03/2020;12:11:19;108;sem vítima;167,6;BR-050/MG;Sul;Choque - Meio fio;1;;;;;;;;;;1;;;;
06/03/2020;15:13:20;140;sem vítima;119,08;BR-050/MG;Sul;Colisão lateral no mesmo sentido;;;1;;;;;;;1;2;;;;
06/03/2020;21:54:17;211;sem vítima;60,5;BR-050/MG;Sul;Choque - Elemento de Drenagem;;;;;;;;;;1;1;;;;
07/03/2020;01:09:23;5;com vítima;19;Contorno;Norte;Colisão Traseira;1;;;3;;;;;;;2;2;;;
07/03/2020;02:45:43;12;sem vítima;274,13;BR-050/GO;Norte;Choque - Elemento de Drenagem;1;;;;;;;;;;1;;;;
07/03/2020;03:52:51;16;sem vítima;183,2;BR-050/MG;Norte;Capotamento;1;;;;;;;;;;3;;;;
07/03/2020;04:35:47;20;sem vítima;105,8;BR-050/GO;Norte;Choque - Arvore;;;;;;;;;;1;2;;;;
07/03/2020;09:08:56;50;sem vítima;258,37;BR-050/GO;Norte;Queda de Moto;;;;1;;;;;;;2;;;;
07/03/2020;11:06:05;80;com vítima;280,5;BR-050/GO;Norte;Colisão Transversal;1;;;1;;;;;;;2;2;;;
07/03/2020;13:18:30;103;com vítima;131,6;BR-050/MG;Norte;Colisão Traseira;;;1;1;;;;;;;1;;;1;
08/03/2020;01:03:10;3;com vítima;156,25;BR-050/MG;Sul;Atropelamento de Animal;1;;;;;;;;;;1;1;;;
08/03/2020;05:34:31;17;sem vítima;24,6;BR-050/MG;Norte;Choque - Elemento de Drenagem;1;;;;;;;;;;1;;;;
08/03/2020;11:07:21;65;com vítima;273,6;BR-050/GO;Sul;Choque - Defensa, barreira ou meio fio;;;;1;;;;;;;0;1;;1;
08/03/2020;14:43:48;106;com vítima;96;BR-050/GO;Sul;Atropelamento - Pedestre;1;;;;;;;;;;1;1;;;
09/03/2020;07:06:00;26;com vítima;278,5;BR-050/GO;Norte;Colisão Lateral;;;;1;;;;;;1;1;2;;;
09/03/2020;09:47:55;58;sem vítima;178;BR-050/MG;Sul;Engavetamento;3;;;;;;;;;;5;;;;
09/03/2020;10:11:49;68;sem vítima;178,2;BR-050/MG;Sul;Engavetamento;1;;;;;;;;;2;3;;;;
09/03/2020;11:48:23;104;sem vítima;23,52;BR-050/MG;Sul;Tombamento;;;1;;;;;;;;1;;;;
09/03/2020;14:14:17;125;com vítima;209,6;BR-050/GO;Sul;Choque - Defensa, barreira ou meio fio;1;;;;;;;;;;0;1;;;
09/03/2020;17:00:06;158;sem vítima;10;Contorno;Sul;Choque - Sinalização;1;;;;;;;;;;1;;;;
10/03/2020;02:31:57;7;sem vítima;53,64;BR-050/MG;Norte;Choque - Defensa, barreira ou meio fio;;;1;;;;;;;;2;;;;
10/03/2020;16:02:13;143;sem vítima;105,4;BR-050/MG;Norte;Colisão Traseira;1;;1;;;;;;;;3;;;;
10/03/2020;17:18:51;162;com vítima;298;BR-050/GO;Norte;Queda de barreira, ribanceira, ponte ou viaduto;;;;;;1;;;;1;2;;1;;
10/03/2020;23:41:55;208;sem vítima;174,2;BR-050/MG;Norte;Choque - Meio fio;1;;;;;;;;;;1;;;;
11/03/2020;15:26:39;112;com vítima;115,68;BR-050/GO;Sul;Colisão Lateral;;;1;1;;1;;;;;2;1;;;
12/03/2020;16:08:14;148;sem vítima;297,3;BR-050/GO;Sul;Colisão Traseira;;;1;;;;;;;1;6;;;;
12/03/2020;21:29:18;209;com vítima;112,5;BR-050/GO;Sul;Capotamento;;;;;;1;;;;1;2;1;;;
13/03/2020;05:01:55;23;sem vítima;275,6;BR-050/GO;Sul;Capotamento;1;;;;;1;;;;;2;;;;
13/03/2020;16:01:05;135;com vítima;79;BR-050/MG;Sul;Colisão Traseira;1;;;1;;;;;;;0;;;1;1
14/03/2020;00:01:23;1;sem vítima;52,72;BR-050/MG;Norte;Choque - Elemento de Drenagem;1;;;;;;;;;;1;;;;
14/03/2020;00:17:13;6;sem vítima;53,9;BR-050/MG;Sul;Choque - Sinalização;;;1;;;;;;;;2;;;;
14/03/2020;03:25:52;12;com vítima;115,2;BR-050/GO;Sul;Choque - Talude;;;;;;;;;;1;0;1;;;
14/03/2020;07:49:10;37;sem vítima;206;BR-050/GO;Norte;Colisão Traseira;;;1;;;;;;;1;5;;;;
14/03/2020;19:37:57;168;sem vítima;127,3;BR-050/MG;Sul;Colisão Lateral;1;;;;;;;;;;2;;;;
14/03/2020;22:45:08;188;sem vítima;195;BR-050/GO;Norte;Choque - Defensa, barreira ou meio fio;1;;;;;;;;;;2;;;;
15/03/2020;05:28:09;12;sem vítima;265;BR-050/GO;Sul;Choque - Sinalização;;;;;;;;;;1;1;;;;
15/03/2020;13:52:37;94;sem vítima;27,8;BR-050/MG;Sul;Choque - Defensa, barreira ou meio fio;;;1;;;;;;;;1;;;;
15/03/2020;14:49:46;105;sem vítima;185,95;BR-050/MG;Sul;Choque - Defensa, barreira ou meio fio;;;1;;;;;;;;1;;;;
15/03/2020;15:06:36;107;sem vítima;141,85;BR-050/MG;Sul;Choque - Elemento de Drenagem;1;;;;;;;;;;2;;;;
15/03/2020;15:15:17;110;sem vítima;141,1;BR-050/MG;Norte;Choque - Sinalização;1;;;;;;;;;;2;;;;
15/03/2020;16:25:53;124;sem vítima;140;BR-050/MG;Sul;Capotamento;1;;;;;;;;;;1;;;;
15/03/2020;17:57:11;140;sem vítima;141;BR-050/MG;Norte;Choque - Defensa, barreira ou meio fio;;;;;;;;;;1;1;;;;