data;horario;n_da_ocorrencia;tipo_de_ocorrencia;km;trecho;sentido;tipo_de_acidente;automovel;bicicleta;caminhao;moto;onibus;outros;tracao_animal;transporte_de_cargas_especiais;trator_maquinas;utilitarios;ilesos;levemente_feridos;moderadamente_feridos;gravemente_feridos;mortos
15/03/2020;22:14:07;177;com vítima;192,75;BR-050/MG;Norte;Queda de Moto;;;;1;;;;;;;0;;;1;
16/03/2020;04:46:55;17;sem vítima;134,25;BR-050/MG;Sul;Choque - Elemento de Drenagem;;;;;1;;;;;;8;;;;
16/03/2020;05:15:51;20;sem vítima;192,3;BR-050/GO;Norte;Choque - Talude;;;;;;;;;;1;1;;;;
16/03/2020;13:46:42;98;sem vítima;106,2;BR-050/MG;Norte;Colisão Traseira;;;2;;;;;;;;2;;;;
16/03/2020;14:43:00;105;com vítima;177,15;BR-050/MG;Sul;Atropelamento de Animal;;;;1;;;;;;;0;1;;;
16/03/2020;15:36:26;114;com vítima;61;BR-050/MG;Sul;Capotamento;1;;;;;;;;;;0;1;;;
17/03/2020;04:30:04;21;com vítima;140,4;BR-050/MG;Norte;Tombamento;;;1;;;;;;;;0;1;;;
17/03/2020;06:03:49;24;sem vítima;122,05;BR-050/GO;Norte;Saida de Pista;;;;;;;;;;1;4;;;;
17/03/2020;14:28:42;117;com vítima;280,6;BR-050/GO;Sul;Colisão Transversal;1;;1;;;;;;;;1;1;;;
17/03/2020;19:11:04;169;sem vítima;269,6;BR-050/GO;Sul;Colisão Traseira;;;1;;;;;;;1;2;;;;
17/03/2020;19:38:34;172;com vítima;110,95;BR-050/GO;Norte;Queda de Ciclista;;1;;;;;;;;;0;1;;;
17/03/2020;22:32:13;193;sem vítima;175,45;BR-050/MG;Sul;Choque - Veiculo parado no acostamento;1;;1;;;;;;;;4;;;;
18/03/2020;00:52:51;7;com vítima;174,05;BR-050/MG;Sul;Colisão Traseira;;;2;;;;;;;;1;1;;;
18/03/2020;23:28:07;207;com vítima;80,6;BR-050/MG;Sul;Atropelamento - Andarilho;;;1;;;;;;;;1;;;;1
21/03/2020;06:18:05;15;sem vítima;45,2;BR-050/MG;Norte;Queda de barreira, ribanceira, ponte ou viaduto;1;;;;;;;;;;1;;;;
21/03/2020;10:10:04;53;com vítima;43;BR-050/MG;Norte;Capotamento;1;;;;;;;;;;0;;1;;
21/03/2020;11:08:09;60;sem vítima;261,5;BR-050/GO;Sul;Choque - Arvore;1;;;;;;;;;;2;;;;
21/03/2020;16:04:07;102;com vítima;174;BR-050/MG;Sul;Queda de Moto;;;;1;;;;;;;0;2;;;
21/03/2020;16:41:17;108;sem vítima;129;BR-050/MG;Norte;Choque - Sinalização;;;;;;;;;;1;2;;;;
21/03/2020;20:29:35;146;sem vítima;197;BR-050/GO;Sul;Choque - Elemento de Drenagem;;;1;;;;;;;;1;;;;
21/03/2020;21:24:26;150;com vítima;52,8;BR-050/MG;Sul;Queda de Moto;;;;1;;;;;;;0;1;;;
22/03/2020;03:34:16;10;sem vítima;195,5;BR-050/GO;Sul;Saida de Pista;;;;;;;;;;1;3;;;;
22/03/2020;09:38:13;28;sem vítima;277,6;BR-050/GO;Norte;Choque - Defensa, barreira ou meio fio;1;;;;;;;;;;4;;;;
22/03/2020;11:09:22;32;sem vítima;126,71;BR-050/MG;Norte;Choque - Sinalização;;;;;;;;;;1;1;;;;
22/03/2020;11:19:32;35;sem vítima;260,66;BR-050/GO;Sul;Capotamento;;;;;;;;;;1;1;;;;
22/03/2020;11:27:31;37;sem vítima;260;BR-050/GO;Norte;Saida de Pista;1;;;;;;;;;;2;;;;
23/03/2020;13:00:09;60;sem vítima;278,6;BR-050/GO;Norte;Colisão Transversal;;;;;;1;;;;1;2;;;;
24/03/2020;01:47:53;11;com vítima;122,7;BR-050/MG;Norte;Choque - Barranco;;;;;;;;;;1;0;1;;;
24/03/2020;09:10:45;29;sem vítima;205,85;BR-050/GO;Norte;Tombamento;;;1;;;;;;;;1;;;;
24/03/2020;12:26:31;46;com vítima;300;BR-050/GO;Sul;Colisão Transversal;;;2;;;;;;;;1;;1;;
24/03/2020;13:27:32;53;com vítima;124;BR-050/MG;Norte;Colisão Traseira;;;1;1;;;;;;;1;;1;;
24/03/2020;19:55:00;107;com vítima;34,9;BR-050/MG;Norte;Colisão Frontal;2;;1;;;;;;;;0;1;1;1;1
25/03/2020;08:57:42;27;sem vítima;54;BR-050/MG;Norte;Colisão Transversal;;;1;;;;;;;1;2;;;;
26/03/2020;18:39:16;97;com vítima;59,6;BR-050/MG;Sul;Colisão Traseira;;;1;;;;;;;1;1;;1;;
26/03/2020;19:12:08;101;com vítima;3,5;BR-050/MG;Sul;Colisão Traseira;;;2;;;;;;;;1;;1;;
26/03/2020;20:21:21;108;sem vítima;110;BR-050/MG;Norte;Colisão Traseira;;;2;;;;;;;;2;;;;
27/03/2020;10:25:16;51;com vítima;197,57;BR-050/MG;Norte;Choque - New jersey;1;;;;;;;;;;0;1;;;
27/03/2020;16:36:32;85;sem vítima;263,1;BR-050/GO;Sul;Capotamento;1;;;;;;;;;;1;;;;
27/03/2020;22:38:51;117;sem vítima;56,15;BR-050/MG;Norte;Choque - Meio fio;1;;;;;;;;;;1;;;;
28/03/2020;18:31:14;149;com vítima;21;Contorno;Norte;Colisão Traseira;1;1;;;;;;;;;1;1;;;
28/03/2020;20:02:16;161;com vítima;281;BR-050/GO;Sul;Colisão Transversal;1;;;1;;;;;;;3;1;;;
28/03/2020;23:06:35;174;com vítima;82,46;BR-050/MG;Sul;Atropelamento de Animal;1;;;;;;;;;;1;2;1;;
29/03/2020;03:26:24;7;sem vítima;25,3;BR-050/MG;Norte;Saida de Pista;1;;;;;;;;;;2;;;;
29/03/2020;13:53:59;52;com vítima;10;BR-050/MG;Sul;Queda de Moto;;;;1;;;;;;;0;1;1;;
29/03/2020;22:00:28;98;sem vítima;41,1;BR-050/MG;Norte;Saida de Pista;;;1;;;;;;;;1;;;;
30/03/2020;05:44:07;9;sem vítima;204,2;BR-050/GO;Sul;Capotamento;1;;;;;;;;;;1;;;;
30/03/2020;08:09:17;20;sem vítima;116;BR-050/MG;Norte;Choque - Elemento de Drenagem;1;;;;;;;;;;1;;;;
31/03/2020;07:26:44;17;com vítima;138,249;BR-050/MG;Norte;Colisão lateral no mesmo sentido;1;;1;;;;;;;;1;1;;;
31/03/2020;08:18:00;23;sem vítima;14,48;BR-050/MG;Sul;Tombamento;;;1;;;;;;;;1;;;;
01/01/2020;02:29:42;6;com vítima;176,4;BR-050/MG;Norte;Choque - Meio fio;1;;;;;;;;;;0;1;;;
01/01/2020;08:25:47;17;sem vítima;179,98;BR-050/MG;Sul;Choque - Defensa, barreira ou meio fio;1;;;;;;;;;;0;;;;
01/01/2020;11:48:35;31;sem vítima;207;BR-050/GO;Norte;Choque - Defensa, barreira ou meio fio;1;;;;;;;;;;2;;;;
01/01/2020;14:49:34;50;com vítima;100,88;BR-050/MG;Sul;Capotamento;1;;;;;;;;;;0;1;;;
01/01/2020;16:04:27;60;sem vítima;28,86;BR-050/MG;Norte;Choque - Elemento de Drenagem;1;;;;;;;;;;2;;;;
01/01/2020;20:13:49;97;sem vítima;28,4;BR-050/MG;Norte;Choque - Sinalização;1;;;;;;;;;;1;;;;
01/01/2020;22:58:29;112;com vítima;213,42;BR-050/GO;Norte;Capotamento;1;;;;;;;;;;1;2;;;
02/01/2020;00:25:48;2;sem vítima;25,5;BR-050/MG;Sul;Choque - Defensa, barreira ou meio fio;1;;;;;;;;;;5;;;;
02/01/2020;05:31:58;15;sem vítima;194,5;BR-050/GO;Sul;Capotamento;1;;;;;;;;;;2;;;;
02/01/2020;08:15:27;32;sem vítima;51;BR-050/MG;Sul;Queda de Moto;;;;1;;;;;;;1;;;;
02/01/2020;09:05:55;40;com vítima;159,9;BR-050/GO;Norte;Capotamento;1;;;;;;;;;;1;4;;;
02/01/2020;10:01:46;48;sem vítima;45;BR-050/MG;Norte;Saida de Pista;1;;;;;;;;;;1;;;;
02/01/2020;10:13:07;50;sem vítima;58;BR-050/MG;Norte;Saida de Pista;;;;;;;;;;1;2;;;;
02/01/2020;10:28:15;52;sem vítima;3;Contorno;Norte;Capotamento;1;;;;;;;;;;1;;;;
02/01/2020;14:08:37;84;sem vítima;132,8;BR-050/GO;Sul;Colisão Lateral;1;;1;;;;;;;;4;;;;
02/01/2020;16:20:17;103;com vítima;235;BR-050/GO;Sul;Choque - Elemento de Drenagem;;;;;;;;;;1;2;1;;;
02/01/2020;17:18:18;111;com vítima;156,2;BR-050/MG;Norte;Capotamento;1;;;;;;;;;;0;1;;;
02/01/2020;17:34:08;115;sem vítima;189,8;BR-050/MG;Sul;Capotamento;1;;;;;;;;;;1;;;;
02/01/2020;19:31:49;133;sem vítima;175;BR-050/MG;Norte;Colisão Lateral;1;;1;;;;;;;;2;;;;
03/01/2020;05:36:29;18;sem vítima;99,1;BR-050/GO;Norte;Colisão Lateral;1;;1;;;;;;;;4;;;;
03/01/2020;07:55:19;31;com vítima;280,95;BR-050/GO;Norte;Colisão Frontal;1;;1;;;;;;;;3;2;;;
03/01/2020;08:42:01;37;sem vítima;141;BR-050/MG;Sul;Tombamento;;;1;;;;;;;;2;;;;
03/01/2020;09:40:13;45;sem vítima;189;BR-050/MG;Sul;Colisão Traseira;2;;;;;;;;;;5;;;;
03/01/2020;12:53:02;80;com vítima;286,4;BR-050/GO;Norte;Colisão Traseira;2;;;;;;;;;;2;1;;;
03/01/2020;12:57:52;81;com vítima;138,3;BR-050/MG;Norte;Choque - Talude;1;;;;;;;;;;0;;1;;
03/01/2020;13:08:09;83;com vítima;180,05;BR-050/MG;Sul;Colisão Traseira;;;;1;;1;;;;;0;2;;;
03/01/2020;16:35:29;118;sem vítima;303,95;BR-050/GO;Norte;Colisão Traseira;1;;;;;;;;;1;5;;;;
03/01/2020;17:43:43;132;com vítima;162;BR-050/GO;Norte;Capotamento;1;;;;;;;;;;0;;1;;
03/01/2020;21:28:21;166;com vítima;280,5;BR-050/GO;Norte;Queda de Moto;1;;;1;;;;;;;0;1;;;
04/01/2020;02:48:56;14;sem vítima;53;BR-050/MG;Sul;Choque - Defensa, barreira ou meio fio;1;;;;;;;;;;3;;;;
04/01/2020;03:46:53;17;com vítima;161,1;BR-050/GO;Sul;Choque - Elemento de Drenagem;1;;;;;;;;;;3;2;;;
05/01/2020;02:31:29;4;com vítima;30;BR-050/MG;Norte;Capotamento;1;;;;;;;;;;0;1;;;
05/01/2020;03:56:04;8;com vítima;56,35;BR-050/MG;Norte;Colisão Traseira;1;;;;;;;;;1;2;3;;;
05/01/2020;11:32:26;62;sem vítima;268,2;BR-050/GO;Norte;Saida de Pista;1;;;;;;;;;;1;;;;
05/01/2020;12:43:28;75;com vítima;111,78;BR-050/MG;Norte;Saida de Pista;1;;;;;;;;;;0;2;;;
05/01/2020;13:34:47;83;com vítima;183,7;BR-050/MG;Sul;Queda de Moto;;;;1;;;;;;;0;1;1;;
05/01/2020;17:19:20;125;sem vítima;105,1;BR-050/MG;Norte;Choque - Veiculo parado na pista;2;;;;;;;;;;7;;;;
06/01/2020;06:54:26;21;com vítima;177,95;BR-050/MG;Sul;Queda de Moto;;;;1;;;;;;;1;1;;;
06/01/2020;13:52:00;94;sem vítima;207,14;BR-050/GO;Sul;Choque - Elemento de Drenagem;1;;;;;;;;;;4;;;;
06/01/2020;14:55:36;102;com vítima;254,1;BR-050/GO;Norte;Choque - Elemento de Drenagem;1;;;;;;;;;;0;2;;;
07/01/2020;03:07:19;8;com vítima;250,129;BR-050/GO;Norte;Colisão Traseira;;;2;;;;;;;;1;1;1;;
07/01/2020;07:25:18;25;sem vítima;167,3;BR-050/MG;Norte;Atropelamento de Animal;;;;1;;;;;;;1;;;;
07/01/2020;07:30:47;26;sem vítima;176,8;BR-050/MG;Sul;Colisão Traseira;1;;;;;1;;;;;1;;;;
07/01/2020;15:14:10;118;sem vítima;303,5;BR-050/GO;Sul;Choque - Defensa, barreira ou meio fio;;;1;;;;;;;;1;;;;
07/01/2020;22:19:15;182;sem vítima;180;BR-050/MG;Norte;Choque - Elemento de Drenagem;1;;;;;;;;;;4;;;;
08/01/2020;01:28:43;4;sem vítima;126,68;BR-050/GO;Norte;Capotamento;;;1;;;;;;;;1;;;;
08/01/2020;19:13:10;169;sem vítima;280;BR-050/GO;Sul;Engavetamento;1;;;;;;;;;2;3;;;;
08/01/2020;21:51:28;194;com vítima;59,45;BR-050/MG;Sul;Capotamento;1;;;;;;;;;;0;4;;;
09/01/2020;11:24:00;59;sem vítima;9,92;Contorno;Sul;Saida de Pista;1;;;;;;;;;;6;;;;
09/01/2020;13:40:51;75;sem vítima;177,7;BR-050/MG;Sul;Choque - Defensa, barreira ou meio fio;1;;;;;;;;;;1;;;;
09/01/2020;14:58:01;84;sem vítima;149,98;BR-050/GO;Norte;Saida de Pista;1;;;;;;;;;;1;;;;
11/01/2020;06:19:12;18;sem vítima;52,6;BR-050/MG;Norte;Choque - Elemento de Drenagem;1;;;;;;;;;;2;;;;
11/01/2020;11:26:18;83;sem vítima;138,5;BR-050/MG;Norte;Choque - Sinalização;1;;;;;;;;;;2;;;;
11/01/2020;16:53:02;144;com vítima;143,5;BR-050/MG;Norte;Choque - Elemento de Drenagem;1;;;;;;;;;;2;2;;;
12/01/2020;11:19:36;76;com vítima;30,5;BR-050/MG;Sul;Choque - Meio fio;;;;1;;;;;;;0;1;;;
12/01/2020;11:37:57;80;sem vítima;248,5;BR-050/GO;Norte;Colisão Transversal;2;;;;;;;;;;4;;;;
12/01/2020;23:45:58;198;sem vítima;273,7;BR-050/GO;Norte;Atropelamento de Animal;1;;;;;;;;;;4;;;;
14/01/2020;15:45:09;134;sem vítima;172,1;BR-050/MG;Sul;Capotamento;;;;;;;;;;2;5;;;;
14/01/2020;17:44:54;152;sem vítima;51,6;BR-050/MG;Sul;Colisão Traseira;1;;;1;;;;;;;3;;;;
14/01/2020;22:03:41;189;sem vítima;304,5;BR-050/GO;Norte;Colisão lateral no mesmo sentido;1;;;;;;;;;1;3;;;;
15/01/2020;06:55:56;17;com vítima;78,61;BR-050/MG;Sul;Colisão Transversal;1;;;1;;;;;;;0;2;;;
15/01/2020;22:42:09;180;com vítima;102;BR-050/MG;Sul;Capotamento;1;;;;;;;;;;0;1;;;
16/01/2020;07:00:21;20;sem vítima;179,85;BR-050/MG;Sul;Colisão Lateral;1;;1;;;;;;;;2;;;;
16/01/2020;17:05:17;136;com vítima;84,69;BR-050/MG;Norte;Tombamento;;;1;;;;;;;;0;1;;;
17/01/2020;08:18:51;43;com vítima;119;BR-050/GO;Norte;Choque - Defensa, barreira ou meio fio;1;;;;;;;;;;1;1;;;
17/01/2020;12:26:03;89;sem vítima;181,3;BR-050/GO;Norte;Choque - Elemento de Drenagem;1;;;;;;;;;;4;;;;
17/01/2020;14:35:59;104;sem vítima;206,5;BR-050/MG;Sul;Choque - Poste;;;;;;;;;;1;2;;;;
17/01/2020;21:35:31;178;sem vítima;105,5;BR-050/GO;Norte;Saida de Pista;1;;;;;;;;;;1;;;;
17/01/2020;23:07:16;180;com vítima;187,7;BR-050/MG;Norte;Capotamento;1;;;;;;;;;;0;2;;;
18/01/2020;02:24:34;13;com vítima;148;BR-050/GO;Sul;Capotamento;1;;;;;;;;;;2;1;;;
18/01/2020;02:35:24;15;sem vítima;127;BR-050/GO;Norte;Choque - Elemento de Drenagem;1;;;;;;;;;;1;;;;
18/01/2020;03:04:00;18;com vítima;191,008;BR-050/MG;Sul;Capotamento;1;;;;;;;;;;0;1;;;
18/01/2020;13:51:45;98;com vítima;39,1;BR-050/MG;Norte;Choque - Poste;1;;;;;;;;;;0;1;;;
19/01/2020;00:24:28;2;sem vítima;294,95;BR-050/GO;Norte;Tombamento;;;1;;;;;;;;0;;;;
19/01/2020;08:53:45;36;com vítima;5,2;BR-050/MG;Norte;Queda de Moto;;;;1;;;;;;;0;1;;;
19/01/2020;14:34:19;86;sem vítima;156,3;BR-050/MG;Sul;Saida de Pista;1;;;;;;;;;;3;;;;
19/01/2020;17:30:16;124;sem vítima;261,8;BR-050/GO;Sul;Capotamento;1;;;;;;;;;;3;;;;
19/01/2020;17:51:53;127;com vítima;257,1;BR-050/GO;Norte;Capotamento;1;;;;;;;;;;0;;;1;
19/01/2020;20:42:36;158;com vítima;18,9;Contorno;Sul;Colisão Traseira;;;;1;;1;;;;;1;1;;;
20/01/2020;03:01:05;5;com vítima;54,78;BR-050/MG;Sul;Queda de Moto;;;;1;;;;;;;1;1;;;
20/01/2020;17:56:56;120;sem vítima;303,74;BR-050/GO;Sul;Saida de Pista;1;;;;;;;;;;4;;;;
20/01/2020;18:52:18;127;com vítima;81;BR-050/MG;Sul;Capotamento;1;;;;;;;;;;0;1;;;
20/01/2020;21:32:53;146;com vítima;179,5;BR-050/MG;Sul;Colisão Traseira;1;;1;;;;;;;;2;;1;;
21/01/2020;08:06:54;35;sem vítima;41,5;BR-050/MG;Sul;Tombamento;;;1;;;;;;;;1;;;;
21/01/2020;18:47:18;153;com vítima;57;BR-050/MG;Sul;Choque - Veiculo parado no acostamento;;;;1;;;;;;1;2;;;1;
22/01/2020;00:02:09;2;sem vítima;180,85;BR-050/GO;Sul;Saida de Pista;;;1;;;;;;;;1;;;;
22/01/2020;13:20:44;101;sem vítima;181,9;BR-050/MG;Norte;Colisão Lateral;1;;1;;;;;;;;2;;;;
22/01/2020;14:06:18;110;sem vítima;174,85;BR-050/MG;Sul;Choque - Meio fio;;;1;;;;;;;;1;;;;
22/01/2020;17:08:17;138;sem vítima;83,05;BR-050/MG;Norte;Saida de Pista;1;;;;;;;;;;3;;;;
22/01/2020;18:36:45;151;com vítima;270;BR-050/GO;Norte;Colisão Traseira;;1;;;;;;;;1;1;;1;;
23/01/2020;02:35:45;8;sem vítima;0,95;BR-050/MG;Norte;Choque - Elemento de Drenagem;;;1;;;;;;;;1;;;;
23/01/2020;08:26:42;34;sem vítima;189,75;BR-050/GO;Sul;Saida de Pista;1;;;;;;;;;;1;;;;
23/01/2020;18:26:15;167;com vítima;308,3;BR-050/GO;Norte;Capotamento;;;;;;;;;;1;2;1;;;
23/01/2020;19:33:45;172;sem vítima;289,815;BR-050/GO;Sul;Tombamento;;;1;;;;;;;;2;;;;
23/01/2020;19:36:24;173;sem vítima;188;BR-050/MG;Sul;Colisão Traseira;1;;;;;1;;;;;0;;;;
24/01/2020;15:43:35;134;sem vítima;177,5;BR-050/MG;Norte;Choque - Defensa, barreira ou meio fio;;;1;;;;;;;;1;;;;
24/01/2020;17:46:54;166;sem vítima;178;BR-050/MG;Norte;Colisão Traseira;1;;1;;;;;;;;3;;;;
25/01/2020;08:19:19;58;sem vítima;238,8;BR-050/GO;Sul;Saida de Pista;;;1;;;;;;;;1;;;;
25/01/2020;15:46:27;154;com vítima;280;BR-050/GO;Sul;Colisão Lateral;;;1;1;;;;;;;1;1;;;
26/01/2020;01:39:35;7;sem vítima;23,6;BR-050/MG;Norte;Choque - Elemento de Drenagem;1;;;;;;;;;;3;;;;
26/01/2020;15:28:31;93;sem vítima;174,3;BR-050/MG;Norte;Choque - Defensa, barreira ou meio fio;1;;;;;;;;;;3;;;;
27/01/2020;15:17:18;108;sem vítima;80,8;BR-050/MG;Sul;Choque - Sinalização;1;;;;;;;;;;1;;;;
27/01/2020;18:36:54;144;sem vítima;52,6;BR-050/MG;Sul;Choque - Defensa, barreira ou meio fio;1;;;;;;;;;;5;;;;
27/01/2020;19:29:48;156;sem vítima;114,65;BR-050/GO;Norte;Colisão Lateral;1;;1;;;;;;;;5;;;;
28/01/2020;04:26:00;5;sem vítima;256,8;BR-050/GO;Sul;Saida de Pista;;;2;;;;;;;;1;;;;
28/01/2020;05:25:20;8;sem vítima;145;BR-050/MG;Norte;Tombamento;;;1;;;;;;;;1;;;;
28/01/2020;08:27:13;36;com vítima;235,2;BR-050/GO;Norte;Colisão Traseira;1;;1;;;;;;;;1;1;;;
28/01/2020;14:52:35;119;com vítima;96,11;BR-050/MG;Norte;Colisão Traseira;;;2;;;;;;;;1;;;;1
28/01/2020;21:04:37;186;sem vítima;95,7;BR-050/GO;Sul;Choque - Defensa, barreira ou meio fio;1;;;;;;;;;;1;;;;
29/01/2020;02:07:27;14;sem vítima;295;BR-050/GO;Norte;Saida de Pista;;;;;;;;;;1;2;;;;
29/01/2020;12:46:21;104;com vítima;140,2;BR-050/MG;Sul;Capotamento;1;;;;;;;;;;0;4;;;
29/01/2020;13:53:48;117;com vítima;140;BR-050/MG;Sul;Saida de Pista;;;1;;;;;;;;0;1;;;
29/01/2020;15:09:00;140;sem vítima;63;BR-050/MG;Sul;Saida de Pista;1;;;;;;;;;;1;;;;
29/01/2020;15:38:16;147;sem vítima;110,7;BR-050/MG;Norte;Choque - Defensa, barreira ou meio fio;1;;;;;;;;;;1;;;;
29/01/2020;20:12:25;206;com vítima;89,2;BR-050/MG;Norte;Colisão Traseira;1;;;1;;;;;;;1;1;;;
29/01/2020;20:33:34;208;com vítima;97,2;BR-050/GO;Sul;Colisão Traseira;1;;;1;;;;;;;3;;2;;
30/01/2020;06:52:28;23;sem vítima;271,42;BR-050/GO;Sul;Choque - Elemento de Drenagem;1;;;;;;;;;;6;;;;
30/01/2020;16:33:31;165;sem vítima;57,23;BR-050/MG;Norte;Choque - Elemento de Drenagem;;;1;;;;;;;;2;;;;
30/01/2020;23:34:52;217;sem vítima;307;BR-050/GO;Norte;Colisão Lateral;;;3;;;;;;;;2;;;;
31/01/2020;04:11:34;19;com vítima;306,1;BR-050/GO;Sul;Tombamento;;;1;;;;;;;;0;;;;1
31/01/2020;09:38:32;57;com vítima;29,08;BR-050/MG;Sul;Choque - Elemento de Drenagem;;;;1;;;;;;;0;1;;;
31/01/2020;14:19:05;113;sem vítima;79,5;BR-050/MG;Sul;Choque - Elemento de Drenagem;1;;;;;;;;;;2;;;;
31/01/2020;17:43:41;159;com vítima;178,7;BR-050/MG;Norte;Queda de Moto;;;;1;;;;;;;0;1;;;
01/02/2020;17:02:23;166;sem vítima;203,4;BR-050/MG;Sul;Saida de Pista;1;;;;;;;;;;2;;;;
01/02/2020;17:05:16;167;sem vítima;181,5;BR-050/MG;Sul;Choque - Defensa, barreira ou meio fio;1;;;;;;;;;;1;;;;
02/02/2020;16:39:25;108;com vítima;204,23;BR-050/MG;Norte;Saida de Pista;1;;;;;;;;;;0;2;1;;
02/02/2020;16:54:03;117;sem vítima;117,35;BR-050/MG;Sul;Saida de Pista;;;;;;;;;;1;2;;;;
03/02/2020;06:43:13;20;com vítima;7,8;Contorno;Norte;Saida de Pista;1;;;;;;;;;;0;1;;;
03/02/2020;08:27:22;32;com vítima;56,75;BR-050/MG;Sul;Colisão lateral no mesmo sentido;;;;;;1;;;;1;0;2;;;
03/02/2020;16:47:51;135;com vítima;177,8;BR-050/MG;Sul;Saida de Pista;1;;;;;;;;;;0;1;;;
04/02/2020;20:53:18;170;com vítima;82,7;BR-050/MG;Norte;Colisão Traseira;;;1;;;1;;;;;0;;1;;
04/02/2020;22:54:13;184;sem vítima;263,1;BR-050/GO;Sul;Saida de Pista;1;;;;;;;;;1;1;;;;
04/02/2020;23:18:12;187;sem vítima;62,8;BR-050/MG;Norte;Capotamento;1;;;;;;;;;;0;;;;
05/02/2020;08:53:02;52;sem vítima;282,8;BR-050/GO;Sul;Colisão Transversal;2;;;;;;;;;;4;;;;
05/02/2020;09:06:35;55;sem vítima;272,4;BR-050/GO;Norte;Saida de Pista;1;;;;;;;;;;2;;;;
05/02/2020;16:21:54;136;com vítima;29,15;BR-050/MG;Norte;Saida de Pista;;;1;;;;;;;;0;1;;;
05/02/2020;20:48:50;182;com vítima;80;BR-050/MG;Norte;Atropelamento de Animal;1;;;;;;;;;;0;2;;;
06/02/2020;05:24:59;20;com vítima;196;BR-050/GO;Norte;Queda de Moto;;;;1;;;;;;;0;2;;;
06/02/2020;14:04:27;99;com vítima;97,8;BR-050/GO;Sul;Colisão Lateral;2;;;;;;;;;;3;1;;;
06/02/2020;16:29:33;131;sem vítima;16,82;BR-050/MG;Sul;Saida de Pista;;;1;;;;;;;;2;;;;
07/02/2020;09:23:06;60;sem vítima;17;BR-050/MG;Norte;Saida de Pista;;;;;;;;;;1;1;;;;
07/02/2020;09:33:49;62;com vítima;50,6;BR-050/MG;Norte;Choque - Elemento de Drenagem;1;;;;;;;;;;0;4;;;
07/02/2020;16:01:21;142;com vítima;129,98;BR-050/MG;Norte;Colisão Traseira;2;;;;;;;;;;2;1;;;
07/02/2020;17:29:04;159;com vítima;192,6;BR-050/MG;Norte;Choque - Defensa, barreira ou meio fio;1;;1;;;;;;;;1;1;;;
07/02/2020;20:40:30;190;com vítima;78,7;BR-050/MG;Sul;Colisão Traseira;2;;;1;;;;;;1;4;1;;1;1
07/02/2020;23:40:46;209;sem vítima;64,8;BR-050/MG;Sul;Atropelamento de Animal;;;1;;;;;;;;2;;;;
08/02/2020;00:58:32;10;sem vítima;84;BR-050/MG;Norte;Colisão Traseira;1;;;;;1;;;;;1;;;;
08/02/2020;10:55:27;77;sem vítima;119;BR-050/GO;Sul;Choque - Elemento de Drenagem;1;;;;;;;;;;1;;;;
09/02/2020;01:31:25;8;sem vítima;61,5;BR-050/MG;Sul;Choque - Elemento de Drenagem;;;1;;;;;;;;1;;;;
09/02/2020;01:47:59;9;sem vítima;256,45;BR-050/GO;Sul;Choque - Arvore;;;1;;;;;;;1;1;;;;
09/02/2020;04:16:42;16;com vítima;119;BR-050/GO;Norte;Choque - Elemento de Drenagem;;;;1;;;;;;;0;1;;;
09/02/2020;04:56:19;17;sem vítima;109;BR-050/GO;Norte;Saida de Pista;1;;;;;;;;;;4;;;;
09/02/2020;14:03:50;85;sem vítima;58,85;BR-050/MG;Norte;Choque - Sinalização;1;;;;;;;;;;1;;;;
09/02/2020;16:58:29;114;com vítima;11,2;Contorno;Norte;Colisão Traseira;1;;;;;1;;;;1;1;1;;;
09/02/2020;17:45:47;124;sem vítima;25,62;BR-050/MG;Norte;Queda de barreira, ribanceira, ponte ou viaduto;1;;;;;;;;;;1;;;;
09/02/2020;22:35:16;172;com vítima;179,1;BR-050/MG;Norte;Queda de Moto;;;;1;;;;;;;0;1;;;
10/02/2020;06:17:01;21;sem vítima;93,5;BR-050/MG;Sul;Choque - Arvore;1;;;;;;;;;;1;;;;
10/02/2020;19:49:56;170;com vítima;132,8;BR-050/MG;Sul;Colisão Traseira;;;1;;;;;;;1;1;1;;;
11/02/2020;06:31:13;27;sem vítima;120,85;BR-050/MG;Norte;Saida de Pista;;;;;;;;;;1;2;;;;
11/02/2020;09:11:51;57;sem vítima;205;BR-050/MG;Sul;Colisão Traseira;;;2;;;;;;;;2;;;;
12/02/2020;06:40:09;10;com vítima;105;BR-050/GO;Norte;Capotamento;1;;;;;;;;;;1;1;;;
12/02/2020;06:59:01;12;sem vítima;280,65;BR-050/GO;Sul;Colisão Transversal;2;;;;;;;;;;2;;;;
12/02/2020;10:09:33;54;com vítima;15;Contorno;Sul;Queda de Moto;;;;1;;;;;;;1;;1;;
12/02/2020;16:24:48;110;com vítima;180;BR-050/MG;Sul;Colisão Transversal;1;;;1;;;;;;;1;1;;;
13/02/2020;04:15:42;12;com vítima;7,5;BR-050/MG;Sul;Atropelamento de Animal;;;;;;;;;;1;0;1;;;
13/02/2020;07:45:01;27;com vítima;273;BR-050/GO;Norte;Tombamento;;;1;;;;;;;;0;1;;;
13/02/2020;12:55:57;80;com vítima;51,475;BR-050/MG;Sul;Colisão Traseira;1;;1;;;;;;;;0;3;;;
13/02/2020;14:23:03;89;sem vítima;20,01;Contorno;Sul;Colisão lateral no mesmo sentido;1;;1;;;;;;;;2;;;;
14/02/2020;08:44:34;46;sem vítima;179,95;BR-050/MG;Sul;Engavetamento;;;1;;;1;;;;1;3;;;;