data;horario;n_da_ocorrencia;tipo_de_ocorrencia;km;trecho;sentido;tipo_de_acidente;automovel;bicicleta;caminhao;moto;onibus;outros;tracao_animal;transporte_de_cargas_especiais;trator_maquinas;utilitarios;ilesos;levemente_feridos;moderadamente_feridos;gravemente_feridos;mortos
22/09/2020;09:06:00;76;ac03 - Acidente com vítima ilesa;219,3;BR-050/GO;Sul;Saida de Pista;1;;;;;;;;;;1;;;;
22/09/2020;11:41:14;115;ac03 - Acidente com vítima ilesa;208,8;BR-050/GO;Norte;Capotamento;;;;;;;;;;1;1;;;;
22/09/2020;14:27:00;147;ac02 - Acidente com vítima;29,87;BR-050/MG;Norte;Tombamento;;;1;;;;;;;;0;1;;;
22/09/2020;19:02:00;197;ac02 - Acidente com vítima;79,8;BR-050/MG;Norte;Colisão Traseira;1;;1;;;;;;;;1;1;;;
23/09/2020;05:28:17;27;ac03 - Acidente com vítima ilesa;5;BR-050/MG;Sul;Choque - Sinalização;;;1;;;;;;;;2;;;;
23/09/2020;06:41:13;31;ac03 - Acidente com vítima ilesa;63;BR-050/MG;Norte;Choque - Sinalização;1;;;;;;;;;;1;;;;
23/09/2020;07:26:39;44;ac03 - Acidente com vítima ilesa;148,98;BR-050/GO;Norte;Saida de Pista;;;;;;;;;;1;2;;;;
23/09/2020;13:12:05;138;ac02 - Acidente com vítima;177;BR-050/MG;Norte;Queda de Moto;;;;1;;;;;;;0;1;;;
23/09/2020;14:53:11;174;ac02 - Acidente com vítima;77,3;BR-050/MG;Sul;Queda de Moto;;;;1;;;;;;;0;2;;;
23/09/2020;18:06:17;221;ac03 - Acidente com vítima ilesa;21,5;Contorno;Norte;Colisão Transversal;2;;;;;1;;;;;6;;;;
24/09/2020;06:33:55;50;ac03 - Acidente com vítima ilesa;56,5;BR-050/MG;Sul;Colisão lateral no mesmo sentido;1;;1;;;;;;;;6;;;;
24/09/2020;23:04:16;345;ac03 - Acidente com vítima ilesa;16,8;BR-050/MG;Norte;Choque - Elemento de Drenagem;1;;;;;;;;;;1;;;;
25/09/2020;13:29:15;162;ac03 - Acidente com vítima ilesa;115,4;BR-050/MG;Norte;Choque - Defensa metálica;1;;;;;;;;;;2;;;;
25/09/2020;13:41:47;166;ac02 - Acidente com vítima;177,35;BR-050/MG;Norte;Colisão Traseira;1;;1;;;;;;;;3;1;;;
25/09/2020;14:34:44;171;ac02 - Acidente com vítima;147,7;BR-050/MG;Norte;Capotamento;;;;;;;;;;1;0;1;;;
25/09/2020;16:38:57;209;ac03 - Acidente com vítima ilesa;94;BR-050/MG;Sul;Colisão lateral no mesmo sentido;1;;1;;;;;;;;2;;;;
25/09/2020;16:45:38;212;ac02 - Acidente com vítima;94;BR-050/MG;Sul;Colisão Traseira;1;;1;;;;;;;;1;1;;;
25/09/2020;17:09:02;221;ac02 - Acidente com vítima;130;BR-050/MG;Sul;Capotamento;1;;;;;;;;;;0;2;;;
25/09/2020;20:07:00;276;ac02 - Acidente com vítima;182,7;BR-050/MG;Norte;Atropelamento de Animal;1;;;1;;;;;;;1;1;;;
26/09/2020;06:24:52;53;ac02 - Acidente com vítima;280,9;BR-050/GO;Norte;Colisão Traseira;;;;1;;;;;;1;1;1;;;
26/09/2020;07:14:19;62;ac02 - Acidente com vítima;179,2;BR-050/MG;Norte;Queda de Moto;;;;1;;;;;;;0;1;;;
26/09/2020;11:29:17;149;ac03 - Acidente com vítima ilesa;103,5;BR-050/MG;Sul;Choque - Sinalização;1;;;;;;;;;;1;;;;
26/09/2020;17:28:50;240;ac03 - Acidente com vítima ilesa;257,2;BR-050/GO;Sul;Choque - Sinalização;;;;;;;;;;1;2;;;;
27/09/2020;00:13:03;5;ac02 - Acidente com vítima;81,1;BR-050/MG;Sul;Queda de Moto;;;;;;1;;;;;0;2;;;
27/09/2020;12:49:04;131;ac03 - Acidente com vítima ilesa;36,1;BR-050/MG;Sul;Choque - Meio fio;1;;;;;;;;;;1;;;;
27/09/2020;16:41:34;201;ac02 - Acidente com vítima;140,5;BR-050/MG;Norte;Tombamento;;;1;;;;;;;;0;1;;;
27/09/2020;18:01:07;221;ac03 - Acidente com vítima ilesa;49,9;BR-050/MG;Norte;Choque - Meio fio;1;;;;;;;;;;3;;;;
28/09/2020;02:49:18;21;ac02 - Acidente com vítima;20,4;Contorno;Norte;Capotamento;1;;;;;;;;;;0;1;;;
28/09/2020;09:52:18;98;ac02 - Acidente com vítima;30,7;BR-050/MG;Sul;Capotamento;1;;;;;;;;;;0;;2;;
28/09/2020;11:27:19;139;ac03 - Acidente com vítima ilesa;163,3;BR-050/MG;Norte;Choque - Sinalização;1;;;;;;;;;;1;;;;
28/09/2020;14:11:24;181;ac03 - Acidente com vítima ilesa;283;BR-050/GO;Sul;Colisão Transversal;;;2;;;;;;;;3;;;;
29/09/2020;02:01:42;20;ac02 - Acidente com vítima;132,2;BR-050/MG;Norte;Tombamento;;;1;;;;;;;;0;1;;;
29/09/2020;02:41:04;23;ac03 - Acidente com vítima ilesa;92,35;BR-050/MG;Norte;Colisão Traseira;;;2;;;;;;;;2;;;;
29/09/2020;04:31:00;32;ac01 - Acidente com vitima fatal;56,1;BR-050/MG;Norte;Capotamento;;;1;;;;;;;;0;;;;1
29/09/2020;09:11:37;90;ac03 - Acidente com vítima ilesa;21,2;Contorno;Norte;Colisão Traseira;;;;;;1;;;;1;3;;;;
30/09/2020;00:40:51;10;ac02 - Acidente com vítima;99,4;BR-050/MG;Sul;Colisão Traseira;;;2;;;;;;;;1;1;;;
30/09/2020;16:18:50;212;ac02 - Acidente com vítima;274;BR-050/GO;Sul;Capotamento;1;;;;;1;;;;;2;1;;;
01/10/2020;05:32:06;40;ac03 - Acidente com vítima ilesa;272,25;BR-050/GO;Sul;Saida de Pista;;;1;;;;;;;;2;;;;
02/10/2020;10:12:16;133;ac02 - Acidente com vítima;140,2;BR-050/MG;Norte;Saida de Pista;;;1;;;1;;;;;0;;1;;
02/10/2020;13:56:45;190;ac02 - Acidente com vítima;116;BR-050/GO;Norte;Colisão lateral no mesmo sentido;1;;;;;;;;;1;0;3;;;
03/10/2020;01:50:18;29;ac02 - Acidente com vítima;177,9;BR-050/MG;Sul;Choque - Defensa metálica;1;;;;;;;;;;0;2;;;
03/10/2020;04:32:50;38;ac03 - Acidente com vítima ilesa;55,838;BR-050/MG;Sul;Choque - Arvore;;;1;;;;;;;;1;;;;
03/10/2020;12:45:35;138;ac03 - Acidente com vítima ilesa;266,1;BR-050/GO;Sul;Choque - Elemento de Drenagem;1;;;1;;;;;;;3;;;;
03/10/2020;13:06:30;143;ac02 - Acidente com vítima;192,6;BR-050/GO;Norte;Capotamento;;;;;;1;;;;1;0;1;;1;
03/10/2020;14:33:25;162;ac03 - Acidente com vítima ilesa;207,3;BR-050/GO;Sul;Tombamento;;;1;;;;;;;;1;;;;
03/10/2020;18:45:35;247;ac02 - Acidente com vítima;99;BR-050/GO;Sul;Queda de Moto;;;;1;;;;;;;0;1;;;
04/10/2020;17:15:29;193;ac03 - Acidente com vítima ilesa;98,2;BR-050/GO;Norte;Colisão lateral no mesmo sentido;1;;;;;;;;;1;2;;;;
04/10/2020;17:45:49;199;ac02 - Acidente com vítima;121,18;BR-050/GO;Norte;Capotamento;1;;;;;;;;;;2;2;;;
04/10/2020;19:24:43;230;ac02 - Acidente com vítima;0,2;BR-050/MG;Sul;Choque - Talude;;;1;;;;;;;;0;;1;;
04/10/2020;19:57:24;239;ac02 - Acidente com vítima;161,62;BR-050/GO;Norte;Capotamento;1;;;;;;;;;;3;;1;;
05/10/2020;19:11:26;254;ac02 - Acidente com vítima;42,8;BR-050/MG;Sul;Colisão Traseira;1;;;;;1;;;;;1;1;;;
05/10/2020;23:35:43;302;ac02 - Acidente com vítima;151,7;BR-050/MG;Norte;Colisão Traseira;;;2;;;;;;;;1;1;;;
07/10/2020;12:43:34;169;ac02 - Acidente com vítima;112;BR-050/GO;Norte;Colisão lateral no sentido contrário;1;;1;;;;;;;;1;2;;;
07/10/2020;13:08:02;175;ac02 - Acidente com vítima;179,981;BR-050/MG;Sul;Queda de Moto;;;;1;;;;;;;0;1;1;;
07/10/2020;14:59:10;209;ac03 - Acidente com vítima ilesa;51,272;BR-050/MG;Sul;Choque - Veiculo parado na pista;1;;;;;;;;;1;3;;;;
08/10/2020;01:49:07;7;ac02 - Acidente com vítima;202,2;BR-050/MG;Sul;Colisão Traseira;;;2;;;;;;;;0;1;;;
08/10/2020;08:21:34;72;ac03 - Acidente com vítima ilesa;218,6;BR-050/GO;Norte;Choque - Arvore;;;;;;;;;;1;2;;;;
08/10/2020;20:26:04;271;ac03 - Acidente com vítima ilesa;181,2;BR-050/MG;Sul;Choque - Elemento de Drenagem;1;;;;;;;;;;1;;;;
08/10/2020;21:59:18;284;ac02 - Acidente com vítima;255,6;BR-050/GO;Sul;Colisão Traseira;1;;1;;;;;;;;2;1;;1;
09/10/2020;03:43:10;28;ac03 - Acidente com vítima ilesa;297;BR-050/GO;Norte;Saida de Pista;1;;;;;;;;;;1;;;;
09/10/2020;05:53:10;38;ac03 - Acidente com vítima ilesa;252,5;BR-050/GO;Sul;Capotamento;1;;;;;;;;;;2;;;;
09/10/2020;06:50:59;49;ac03 - Acidente com vítima ilesa;2;BR-050/MG;Norte;Choque - Outros;1;;;;;;;;;;2;;;;
09/10/2020;16:28:44;221;ac02 - Acidente com vítima;174,5;BR-050/MG;Sul;Colisão Traseira;1;;;1;;;;;;;0;2;;;
09/10/2020;21:49:20;309;ac03 - Acidente com vítima ilesa;151;BR-050/MG;Norte;Choque - Barranco;;;;;;;;;;1;1;;;;
10/10/2020;11:25:00;145;ac02 - Acidente com vítima;21,1;Contorno;Sul;Colisão lateral no mesmo sentido;1;;;1;;;;;;;1;1;;;
10/10/2020;15:51:16;220;ac02 - Acidente com vítima;16,83;BR-050/MG;Norte;Capotamento;1;;;;;;;;;;0;3;;;
11/10/2020;00:48:37;3;ac03 - Acidente com vítima ilesa;174;BR-050/MG;Sul;Colisão Traseira;2;;;;;;;;;;2;;;;
11/10/2020;19:01:11;180;ac03 - Acidente com vítima ilesa;77,3;BR-050/MG;Sul;Saida de Pista;1;;;;;;;;;;1;;;;
11/10/2020;21:10:03;202;ac03 - Acidente com vítima ilesa;101;BR-050/GO;Sul;Capotamento;;;;;;;;;;1;1;;;;
12/10/2020;04:48:34;34;ac03 - Acidente com vítima ilesa;123,8;BR-050/MG;Sul;Capotamento;1;;;;;;;;;;1;;;;
12/10/2020;05:48:28;40;ac03 - Acidente com vítima ilesa;96,8;BR-050/MG;Sul;Capotamento;;;;;;;;;;1;2;;;;
13/10/2020;01:54:34;8;ac03 - Acidente com vítima ilesa;197,5;BR-050/GO;Norte;Saida de Pista;1;;;;;;;;;;2;;;;
13/10/2020;02:51:53;13;ac03 - Acidente com vítima ilesa;265,425;BR-050/GO;Norte;Capotamento;;;;;;;;;;1;2;;;;
13/10/2020;15:46:34;186;ac02 - Acidente com vítima;50,55;BR-050/MG;Norte;Tombamento;;;1;;;;;;;;0;1;;;
14/10/2020;02:40:24;19;ac03 - Acidente com vítima ilesa;80,3;BR-050/MG;Sul;Choque - Defensa metálica;;;;;;;;;;1;1;;;;
14/10/2020;15:36:55;231;ac02 - Acidente com vítima;177;BR-050/MG;Sul;Queda de Moto;;;;1;;;;;;;0;1;;;
14/10/2020;19:02:05;297;ac03 - Acidente com vítima ilesa;41,6;BR-050/MG;Sul;Colisão Traseira;;;2;;;;;;;;2;;;;
14/10/2020;20:10:27;313;ac03 - Acidente com vítima ilesa;41,8;BR-050/MG;Norte;Colisão Traseira;2;;;;;;;;;;3;;;;
15/10/2020;13:46:13;187;ac03 - Acidente com vítima ilesa;180;BR-050/MG;Norte;Colisão lateral no mesmo sentido;1;;1;;;;;;;;2;;;;
15/10/2020;14:02:31;194;ac03 - Acidente com vítima ilesa;207,5;BR-050/GO;Sul;Saida de Pista;;;1;;;;;;;;2;;;;
15/10/2020;16:44:46;235;ac02 - Acidente com vítima;64,36;BR-050/MG;Sul;Queda de Moto;;;;1;;;;;;;1;1;;;
16/10/2020;07:30:58;57;ac02 - Acidente com vítima;13,14;Contorno;Norte;Choque - Talude;;;1;;;;;;;;0;1;;;
16/10/2020;14:06:31;166;ac03 - Acidente com vítima ilesa;278,05;BR-050/GO;Sul;Colisão Traseira;1;;1;;;;;;;;2;;;;
16/10/2020;14:51:22;180;ac02 - Acidente com vítima;151,48;BR-050/MG;Norte;Queda de Moto;;;;1;;;;;;;0;1;;;
16/10/2020;16:12:29;206;ac03 - Acidente com vítima ilesa;28;BR-050/MG;Sul;Choque - Defensa metálica;;;1;;;;;;;;1;;;;
16/10/2020;18:55:23;238;ac02 - Acidente com vítima;192,6;BR-050/MG;Sul;Choque - Elemento de Drenagem;;;1;;;;;;;;0;1;;;
16/10/2020;22:04:13;285;ac02 - Acidente com vítima;278;BR-050/GO;Sul;Colisão Transversal;1;;;;;;;;;1;14;1;;;
17/10/2020;01:22:22;9;ac02 - Acidente com vítima;192,6;BR-050/MG;Norte;Engavetamento;1;;2;;;;;;;;1;1;;;
17/10/2020;03:51:08;22;ac03 - Acidente com vítima ilesa;18;BR-050/MG;Norte;Tombamento;;;1;;;;;;;;1;;;;
17/10/2020;14:52:21;152;ac03 - Acidente com vítima ilesa;194,6;BR-050/MG;Sul;Colisão Traseira;1;;;;;;;;;1;5;;;;
17/10/2020;16:27:06;178;ac03 - Acidente com vítima ilesa;65,4;BR-050/MG;Norte;Capotamento;1;;;;;;;;;1;6;;;;
17/10/2020;19:23:17;211;ac02 - Acidente com vítima;159,5;BR-050/MG;Norte;Capotamento;1;;;;;;;;;;0;1;;;
18/10/2020;00:27:07;6;ac02 - Acidente com vítima;55,3;BR-050/MG;Norte;Choque - New jersey;1;;;;;;;;;;0;2;;;
18/10/2020;16:21:28;164;ac03 - Acidente com vítima ilesa;108,15;BR-050/GO;Norte;Capotamento;1;;;;;;;;;;4;;;;
18/10/2020;21:05:21;226;ac03 - Acidente com vítima ilesa;30,87;BR-050/MG;Sul;Choque - Elemento de Drenagem;1;;;;;;;;;;1;;;;
18/10/2020;21:10:55;228;ac02 - Acidente com vítima;279;BR-050/GO;Norte;Queda de Moto;;;;1;;;;;;;0;1;;;
18/10/2020;23:40:08;252;ac03 - Acidente com vítima ilesa;46,4;BR-050/MG;Sul;Choque - Meio fio;1;;;;;;;;;;3;;;;
19/10/2020;07:00:03;44;ac02 - Acidente com vítima;295,5;BR-050/GO;Sul;Capotamento;1;;;;;;;;;;1;5;;;
20/10/2020;04:50:49;21;ac03 - Acidente com vítima ilesa;192,9;BR-050/MG;Norte;Choque - New jersey;1;;;;;1;;;;;1;;;;
20/10/2020;05:38:13;24;ac03 - Acidente com vítima ilesa;41,2;BR-050/MG;Norte;Choque - Meio fio;;;1;;;;;;;;1;;;;
20/10/2020;07:50:59;37;ac03 - Acidente com vítima ilesa;51,6;BR-050/MG;Sul;Choque - Defensa metálica;;;1;;;;;;;;1;;;;
20/10/2020;08:49:07;48;ac03 - Acidente com vítima ilesa;16,94;BR-050/MG;Norte;Saida de Pista;1;;;;;;;;;;1;;;;
20/10/2020;10:51:35;87;ac02 - Acidente com vítima;294,15;BR-050/GO;Norte;Colisão lateral no mesmo sentido;1;;1;;;;;;;;0;3;;;
20/10/2020;16:40:11;152;ac03 - Acidente com vítima ilesa;55,8;BR-050/MG;Norte;Colisão Traseira;;;2;;;;;;;;2;;;;
20/10/2020;19:26:00;180;ac02 - Acidente com vítima;44,95;BR-050/MG;Norte;Colisão Traseira;;;2;;;;;;;;1;;1;;
21/10/2020;02:59:52;21;ac02 - Acidente com vítima;152,33;BR-050/GO;Sul;Choque - Sinalização;;;1;;;;;;;;1;1;;;
21/10/2020;10:00:15;100;ac03 - Acidente com vítima ilesa;59,85;BR-050/MG;Sul;Saida de Pista;1;;;;;;;;;;2;;;;
21/10/2020;18:58:09;217;ac03 - Acidente com vítima ilesa;175,05;BR-050/MG;Sul;Atropelamento de Animal;1;;;;;;;;;;1;;;;
22/10/2020;17:26:11;231;ac02 - Acidente com vítima;133,65;BR-050/MG;Sul;Capotamento;1;;;;;;;;;;0;1;;;
22/10/2020;21:23:53;274;ac03 - Acidente com vítima ilesa;138;BR-050/MG;Sul;Colisão Traseira;;;2;;;;;;;;3;;;;
23/10/2020;05:23:43;36;ac03 - Acidente com vítima ilesa;299;BR-050/GO;Sul;Choque - Elemento de Drenagem;;;1;;;;;;;;1;;;;
23/10/2020;05:38:57;40;ac03 - Acidente com vítima ilesa;120,1;BR-050/MG;Norte;Capotamento;1;;;;;;;;;;1;;;;
24/10/2020;01:22:07;10;ac02 - Acidente com vítima;6,1;BR-050/MG;Sul;Queda de Moto;;;;1;;;;;;;0;1;;;
24/10/2020;04:01:47;24;ac03 - Acidente com vítima ilesa;175,5;BR-050/MG;Norte;Choque - Elemento de Drenagem;1;;;;;;;;;;4;;;;
24/10/2020;04:53:52;30;ac03 - Acidente com vítima ilesa;196;BR-050/MG;Sul;Saida de Pista;1;;;;;;;;;;1;;;;
24/10/2020;05:03:06;32;ac02 - Acidente com vítima;35,9;BR-050/MG;Norte;Colisão Traseira;1;;;;;;;;;;0;1;;;
24/10/2020;15:16:04;153;ac03 - Acidente com vítima ilesa;77,3;BR-050/MG;Sul;Colisão lateral no mesmo sentido;1;;;;;1;;;;;1;;;;
24/10/2020;15:23:14;156;ac03 - Acidente com vítima ilesa;260,1;BR-050/GO;Norte;Choque - Defensa metálica;1;;;;;;;;;;1;;;;
24/10/2020;15:31:11;159;ac03 - Acidente com vítima ilesa;267,2;BR-050/GO;Norte;Choque - Outros;1;;;;;;;;;;3;;;;
25/10/2020;00:32:47;2;ac02 - Acidente com vítima;103,58;BR-050/GO;Norte;Queda de Moto;;;;1;;;;;;;1;;1;;
25/10/2020;13:12:40;86;ac02 - Acidente com vítima;17,4;Contorno;Norte;Queda de Moto;;;;1;;;;;;;1;1;;;
25/10/2020;15:58:48;113;ac02 - Acidente com vítima;55,85;BR-050/MG;Sul;Choque - Defensa metálica;1;;;;;;;;;;2;1;;;
25/10/2020;16:40:19;127;ac02 - Acidente com vítima;268,5;BR-050/GO;Norte;Capotamento;1;;;;;;;;;;4;2;;;
25/10/2020;17:46:58;138;ac03 - Acidente com vítima ilesa;51,91;BR-050/MG;Norte;Colisão Transversal;2;;;;;;;;;;8;;;;
25/10/2020;20:34:09;158;ac03 - Acidente com vítima ilesa;98,05;BR-050/GO;Norte;Choque - Barranco;1;;;;;;;;;;1;;;;
25/10/2020;22:40:28;177;ac02 - Acidente com vítima;2;BR-050/MG;Sul;Colisão Traseira;;;2;;;;;;;;1;1;;;
26/10/2020;01:07:36;9;ac03 - Acidente com vítima ilesa;273;BR-050/GO;Sul;Atropelamento de Animal;;;;;;;;;;1;1;;;;
26/10/2020;17:05:39;224;ac02 - Acidente com vítima;97;BR-050/GO;Norte;Queda de Moto;;;;1;;;;;;;0;1;;;
26/10/2020;17:19:54;228;ac02 - Acidente com vítima;140,3;BR-050/MG;Norte;Tombamento;;;;;;;;;;1;0;;1;;
26/10/2020;19:32:07;255;ac03 - Acidente com vítima ilesa;1;Contorno;Sul;Colisão lateral no mesmo sentido;2;;;;;;;;;;2;;;;
26/10/2020;20:11:19;267;ac03 - Acidente com vítima ilesa;283;BR-050/GO;Sul;Colisão Transversal;1;;1;;;;;;;;3;;;;
27/10/2020;10:52:37;129;ac02 - Acidente com vítima;106,8;BR-050/MG;Norte;Capotamento;1;;;;;;;;;;0;1;;;
27/10/2020;14:44:58;175;ac03 - Acidente com vítima ilesa;179;BR-050/MG;Sul;Colisão lateral no mesmo sentido;;;2;;;;;;;;2;;;;
27/10/2020;16:09:37;205;ac03 - Acidente com vítima ilesa;81;BR-050/MG;Norte;Colisão lateral no mesmo sentido;;;;1;;1;;;;;1;;;;
28/10/2020;07:58:56;66;ac03 - Acidente com vítima ilesa;119,2;BR-050/GO;Norte;Choque - Meio fio;1;;;;;;;;;;1;;;;
28/10/2020;11:59:37;142;ac02 - Acidente com vítima;177,9;BR-050/GO;Norte;Capotamento;1;;;;;;;;;;0;2;;;
28/10/2020;16:12:09;206;ac03 - Acidente com vítima ilesa;47,45;BR-050/MG;Sul;Choque - Talude;;;1;;;;;;;;1;;;;
28/10/2020;23:49:56;302;ac03 - Acidente com vítima ilesa;260,92;BR-050/GO;Norte;Choque - Defensa metálica;;;1;;;;;;;;1;;;;
29/10/2020;09:01:46;82;ac02 - Acidente com vítima;130,5;BR-050/MG;Sul;Capotamento;1;;;;;;;;;;0;2;;;
29/10/2020;14:30:53;172;ac03 - Acidente com vítima ilesa;10;BR-050/MG;Sul;Capotamento;1;;;;;;;;;;3;;;;
29/10/2020;15:11:00;180;ac02 - Acidente com vítima;51,65;BR-050/MG;Sul;Colisão Traseira;;;2;;;;;;;;1;;1;;
29/10/2020;19:20:55;244;ac03 - Acidente com vítima ilesa;36;BR-050/MG;Norte;Choque - Talude;1;;;;;;;;;;1;;;;
30/10/2020;01:21:01;2;ac02 - Acidente com vítima;88,5;BR-050/MG;Norte;Colisão Traseira;1;;1;;;;;;;;1;;1;;
30/10/2020;03:43:50;15;ac01 - Acidente com vitima fatal;102,3;BR-050/MG;Sul;Capotamento;1;;;;;;;;;;0;;;;1
30/10/2020;10:02:22;90;ac02 - Acidente com vítima;56;BR-050/MG;Norte;Tombamento;1;;1;;;;;;;;2;1;;;
30/10/2020;13:59:01;165;ac02 - Acidente com vítima;155;BR-050/MG;Sul;Colisão Transversal;1;;;;;;;;;1;0;2;;1;
30/10/2020;15:21:04;180;ac03 - Acidente com vítima ilesa;28,4;BR-050/MG;Norte;Choque - Elemento de Drenagem;1;;;;;;;;;;5;;;;
30/10/2020;16:32:46;204;ac03 - Acidente com vítima ilesa;206;BR-050/GO;Norte;Saida de Pista;;;;;;;;;;1;1;;;;
30/10/2020;17:14:05;224;ac03 - Acidente com vítima ilesa;44,8;BR-050/MG;Sul;Colisão Traseira;;;2;;;;;;;;2;;;;
30/10/2020;18:29:52;244;ac03 - Acidente com vítima ilesa;39,8;BR-050/MG;Sul;Colisão lateral no mesmo sentido;;;2;;;;;;;;3;;;;
30/10/2020;18:36:30;246;ac02 - Acidente com vítima;179;BR-050/MG;Norte;Colisão Traseira;2;;;;;;;;;;5;1;;;
30/10/2020;19:23:53;269;ac03 - Acidente com vítima ilesa;179,8;BR-050/MG;Norte;Colisão Traseira;2;;;;;;;;;;2;;;;
30/10/2020;22:13:54;314;ac01 - Acidente com vitima fatal;230,58;BR-050/GO;Norte;Tombamento;;;1;;;1;;;;;0;;;;1
31/10/2020;01:10:07;12;ac02 - Acidente com vítima;294;BR-050/GO;Norte;Capotamento;1;;;;;;;;;;0;4;;;
31/10/2020;01:14:42;13;ac02 - Acidente com vítima;191,18;BR-050/GO;Norte;Saida de Pista;;;1;;;;;;;;0;1;;;
31/10/2020;02:17:09;19;ac02 - Acidente com vítima;166;BR-050/GO;Norte;Colisão Traseira;1;;1;;;;;;;;2;1;;;
31/10/2020;04:59:03;30;ac03 - Acidente com vítima ilesa;52,54;BR-050/MG;Norte;Colisão Traseira;;;2;;;;;;;;2;;;;
31/10/2020;11:30:11;128;ac02 - Acidente com vítima;126,28;BR-050/MG;Norte;Choque - Arvore;1;;;;;;;;;;2;1;1;;
31/10/2020;22:11:09;278;ac03 - Acidente com vítima ilesa;176;BR-050/GO;Sul;Colisão lateral no mesmo sentido;1;;1;;;;;;;;6;;;;
01/11/2020;09:13:45;60;ac02 - Acidente com vítima;48,3;BR-050/MG;Sul;Queda de Moto;;;;1;;;;;;;0;2;;;
01/11/2020;10:30:07;83;ac02 - Acidente com vítima;78,96;BR-050/MG;Sul;Queda de Moto;;;;1;;;;;;;0;1;;;
01/11/2020;17:19:22;156;ac02 - Acidente com vítima;1,7;BR-050/MG;Norte;Choque - Defensa metálica;1;;;;;;;;;;1;1;;;
01/11/2020;19:11:26;175;ac03 - Acidente com vítima ilesa;22,15;BR-050/MG;Sul;Choque - Meio fio;1;;;;;;;;;;1;;;;
01/11/2020;21:22:06;195;ac02 - Acidente com vítima;174,2;BR-050/MG;Sul;Choque - New jersey;1;;;;;;;;;;4;1;;;
01/11/2020;23:40:30;216;ac02 - Acidente com vítima;34,6;BR-050/MG;Sul;Choque - Sinalização;;;1;;;;;;;;1;1;;;
02/11/2020;09:31:56;78;ac03 - Acidente com vítima ilesa;51,6;BR-050/MG;Norte;Choque - Veiculo parado na pista;;;;1;;;;;;1;2;;;;
02/11/2020;20:00:11;233;ac01 - Acidente com vitima fatal;198,9;BR-050/MG;Norte;Colisão Traseira;;;;1;;;;;;1;1;;;;1
03/11/2020;03:42:22;21;ac02 - Acidente com vítima;203,9;BR-050/GO;Sul;Capotamento;1;;;;;;;;;;1;1;;;
03/11/2020;06:34:36;35;ac02 - Acidente com vítima;176,95;BR-050/MG;Norte;Choque - Veiculo parado na pista;;;;1;;1;;;;;0;;1;;
03/11/2020;06:45:53;37;ac03 - Acidente com vítima ilesa;176,98;BR-050/MG;Norte;Choque - Veiculo parado na pista;1;;;;;;;;;1;3;;;;
03/11/2020;12:39:28;135;ac02 - Acidente com vítima;98,5;BR-050/MG;Sul;Saida de Pista;1;;;;;;;;;;0;1;;;
03/11/2020;15:08:58;176;ac03 - Acidente com vítima ilesa;236;BR-050/GO;Norte;Choque - New jersey;;;;;;;;;;1;1;;;;
03/11/2020;16:37:00;192;ac03 - Acidente com vítima ilesa;169,9;BR-050/MG;Sul;Colisão Transversal;1;;;;;1;;;;;1;;;;
03/11/2020;19:15:05;246;ac02 - Acidente com vítima;7;Contorno;Norte;Queda de Ciclista;;1;;;;;;;;;0;;;1;
03/11/2020;20:29:01;265;ac02 - Acidente com vítima;60,35;BR-050/MG;Sul;Colisão Traseira;;;2;;;;;;;;1;1;;;
03/11/2020;20:40:46;266;ac03 - Acidente com vítima ilesa;24,16;BR-050/MG;Sul;Queda de Moto;;;;1;;;;;;;2;;;;
04/11/2020;10:22:46;105;ac02 - Acidente com vítima;116,7;BR-050/GO;Sul;Choque - Sinalização;1;;;;;;;;;;2;1;;;
04/11/2020;15:15:44;192;ac02 - Acidente com vítima;280,5;BR-050/GO;Sul;Colisão Transversal;1;;;1;;;;;;;1;1;;;
04/11/2020;16:20:07;210;ac03 - Acidente com vítima ilesa;264,45;BR-050/GO;Sul;Colisão lateral no mesmo sentido;1;;1;;;;;;;;2;;;;
05/11/2020;13:21:17;179;ac02 - Acidente com vítima;137,1;BR-050/MG;Sul;Colisão Traseira;2;;;;;;;;;;0;2;;;
06/11/2020;07:58:51;61;ac03 - Acidente com vítima ilesa;85,1;BR-050/MG;Norte;Choque - Sinalização;1;;;;;;;;;;1;;;;
06/11/2020;10:57:50;126;ac03 - Acidente com vítima ilesa;178,85;BR-050/MG;Sul;Engavetamento;1;;2;;;;;;;;3;;;;
06/11/2020;11:57:08;139;ac02 - Acidente com vítima;128,6;BR-050/GO;Norte;Choque - Sinalização;1;;;;;;;;;;0;2;;;