data;horario;n_da_ocorrencia;tipo_de_ocorrencia;km;trecho;sentido;tipo_de_acidente;automovel;bicicleta;caminhao;moto;onibus;outros;tracao_animal;transporte_de_cargas_especiais;trator_maquinas;utilitarios;ilesos;levemente_feridos;moderadamente_feridos;gravemente_feridos;mortos
22/01/2021;18:15:43;248;ac03 - Acidente com vítima ilesa;180;BR-050/MG;Sul;Colisão lateral no mesmo sentido;1;;1;;;;;;;;4;;;;
22/01/2021;20:55:19;285;ac03 - Acidente com vítima ilesa;152,3;BR-050/MG;Norte;Colisão lateral no mesmo sentido;1;;1;;;;;;;;1;;;;
22/01/2021;22:10:58;299;ac03 - Acidente com vítima ilesa;271,6;BR-050/GO;Norte;Colisão Traseira;;;2;;;;;;;;2;;;;
23/01/2021;12:27:48;128;ac03 - Acidente com vítima ilesa;171,15;BR-050/MG;Norte;Colisão Traseira;1;;1;;;;;;;;3;;;;
23/01/2021;14:44:00;165;ac02 - Acidente com vítima;289,6;BR-050/GO;Sul;Capotamento;1;;;;;;;;;;0;;4;;
23/01/2021;18:56:31;231;ac02 - Acidente com vítima;101;BR-050/MG;Sul;Atropelamento de Animal;1;;;;;;;;;;0;1;;;
23/01/2021;20:44:31;254;ac01 - Acidente com vitima fatal;187,15;BR-050/GO;Norte;Colisão Traseira;;;1;1;;;;;;;3;;;;1
24/01/2021;04:03:57;21;ac02 - Acidente com vítima;23,39;BR-050/MG;Sul;Choque - Elemento de Drenagem;;;;;1;;;;;;23;1;;;
24/01/2021;05:04:38;27;ac03 - Acidente com vítima ilesa;201;BR-050/MG;Sul;Choque - Meio fio;1;;;;;;;;;;1;;;;
24/01/2021;05:19:38;30;ac03 - Acidente com vítima ilesa;119;BR-050/GO;Sul;Colisão Traseira;1;;;;;;;;;1;2;;;;
24/01/2021;18:52:36;201;ac03 - Acidente com vítima ilesa;168,2;BR-050/MG;Sul;Choque - New jersey;1;;;;;;;;;;1;;;;
24/01/2021;19:16:09;209;ac03 - Acidente com vítima ilesa;2;Contorno;Norte;Choque - Sinalização;1;;;;;;;;;;4;;;;
24/01/2021;19:33:42;215;ac03 - Acidente com vítima ilesa;126,6;BR-050/MG;Norte;Capotamento;1;;;;;;;;;;1;;;;
25/01/2021;06:48:09;35;ac02 - Acidente com vítima;313,2;BR-050/GO;Sul;Choque - Veiculo parado na pista;;1;;;1;;;;;;1;1;;;
25/01/2021;14:43:44;173;ac02 - Acidente com vítima;172,35;BR-050/MG;Norte;Capotamento;;;;;;;;;;1;0;1;;;
25/01/2021;15:45:03;183;ac02 - Acidente com vítima;139,6;BR-050/MG;Sul;Capotamento;;;;;;;;;;1;0;2;;;
26/01/2021;17:41:08;239;ac02 - Acidente com vítima;147,4;BR-050/MG;Sul;Choque - Defensa metálica;;;1;;;;;;;;0;;;1;
27/01/2021;06:58:47;25;ac02 - Acidente com vítima;46,4;BR-050/MG;Sul;Queda de Ciclista;;1;;;;;;;;;0;1;;;
27/01/2021;08:06:21;42;ac03 - Acidente com vítima ilesa;181,5;BR-050/GO;Norte;Choque - Meio fio;;;1;;;;;;;;1;;;;
27/01/2021;09:19:49;60;ac03 - Acidente com vítima ilesa;205,9;BR-050/GO;Norte;Colisão lateral no sentido contrário;2;;;;;;;;;;4;;;;
27/01/2021;12:17:00;136;ac03 - Acidente com vítima ilesa;231,03;BR-050/GO;Norte;Choque - Elemento de Drenagem;;;;;;;;;;1;1;;;;
27/01/2021;13:15:10;150;ac02 - Acidente com vítima;59,8;BR-050/MG;Sul;Colisão Traseira;1;;1;;;;;;;;1;;2;;
29/01/2021;13:02:25;151;ac02 - Acidente com vítima;178,25;BR-050/MG;Norte;Colisão Traseira;;;1;1;;;;;;;1;1;;;
30/01/2021;00:16:32;1;ac02 - Acidente com vítima;170,5;BR-050/MG;Sul;Colisão Traseira;;;2;;;;;;;;1;;;1;
30/01/2021;04:03:52;11;ac03 - Acidente com vítima ilesa;62,3;BR-050/MG;Sul;Choque - Meio fio;1;;;;;;;;;;2;;;;
30/01/2021;09:29:50;66;ac03 - Acidente com vítima ilesa;279;BR-050/GO;Sul;Colisão lateral no mesmo sentido;2;;;;;;;;;;2;;;;
30/01/2021;09:52:41;77;ac03 - Acidente com vítima ilesa;59,35;BR-050/MG;Sul;Choque - Elemento de Drenagem;1;;1;;;;;;;;6;;;;
30/01/2021;14:03:04;119;ac02 - Acidente com vítima;165;BR-050/MG;Norte;Choque - New jersey;;;;;;1;;;;1;0;4;;;
30/01/2021;23:54:35;255;ac03 - Acidente com vítima ilesa;224,5;BR-050/GO;Sul;Choque - Outros;;;1;;;;;;;;1;;;;
31/01/2021;18:35:02;194;ac03 - Acidente com vítima ilesa;36;BR-050/MG;Norte;Queda de Moto;;;;1;;;;;;;2;;;;
31/01/2021;18:57:55;200;ac02 - Acidente com vítima;36;BR-050/MG;Norte;Queda de Moto;;;;1;;;;;;;0;;2;;
31/01/2021;22:54:23;246;ac02 - Acidente com vítima;174,6;BR-050/MG;Sul;Colisão Traseira;1;;;1;;;;;;;2;1;;;
01/02/2021;00:37:21;2;ac03 - Acidente com vítima ilesa;195,9;BR-050/MG;Sul;Choque - Meio fio;1;;;;;;;;;;1;;;;
01/02/2021;01:14:34;4;ac03 - Acidente com vítima ilesa;158,8;BR-050/GO;Norte;Choque - Sinalização;;;1;;;;;;;;1;;;;
01/02/2021;03:41:43;16;ac02 - Acidente com vítima;123;BR-050/MG;Norte;Choque - Meio fio;1;;;;;;;;;;0;2;1;;
01/02/2021;16:39:01;185;ac03 - Acidente com vítima ilesa;177,3;BR-050/MG;Sul;Choque - Meio fio;1;;;;;;;;;;1;;;;
01/02/2021;18:24:40;211;ac03 - Acidente com vítima ilesa;241,7;BR-050/GO;Sul;Choque - Talude ou Barranco;1;;;;;;;;;;1;;;;
02/02/2021;02:10:59;14;ac03 - Acidente com vítima ilesa;102,4;BR-050/MG;Sul;Choque - Elemento de Drenagem;1;;;;;;;;;;4;;;;
02/02/2021;12:00:44;124;ac02 - Acidente com vítima;279,4;BR-050/GO;Norte;Choque - Veiculo parado no acostamento;;;1;1;;;;;;;1;;1;;
03/02/2021;01:36:17;8;ac03 - Acidente com vítima ilesa;127,5;BR-050/MG;Norte;Colisão Traseira;;;;;;1;;;;1;1;;;;
03/02/2021;08:16:58;50;ac03 - Acidente com vítima ilesa;176,1;BR-050/MG;Norte;Engavetamento;2;;2;;;1;;;;;5;;;;
03/02/2021;08:50:33;60;ac02 - Acidente com vítima;177,3;BR-050/MG;Norte;Colisão Traseira;;;;1;;;;;;1;1;1;;;
03/02/2021;19:01:56;258;ac02 - Acidente com vítima;19,2;Contorno;Sul;Colisão Traseira;1;1;;;;;;;;;0;;;1;
05/02/2021;00:40:22;6;ac02 - Acidente com vítima;98,4;BR-050/MG;Norte;Choque - Elemento de Drenagem;1;;;;;;;;;;0;4;;;
05/02/2021;03:48:33;33;ac02 - Acidente com vítima;63,3;BR-050/MG;Sul;Choque - Elemento de Drenagem;;;;;;;;;;1;0;1;;;
05/02/2021;07:59:38;77;ac02 - Acidente com vítima;37,65;BR-050/MG;Norte;Colisão lateral no mesmo sentido;1;;;2;;;;;;;2;;2;;
05/02/2021;10:43:23;122;ac02 - Acidente com vítima;96,1;BR-050/GO;Norte;Colisão Transversal;;;1;;;;;;;1;1;1;;;
05/02/2021;12:22:13;154;ac02 - Acidente com vítima;45,1;BR-050/MG;Sul;Choque - Defensa metálica;;;1;;;;;;;;0;1;;;
05/02/2021;13:49:57;176;ac02 - Acidente com vítima;39,4;BR-050/MG;Norte;Choque - New jersey;1;;;;;;;;;;1;1;;;
06/02/2021;06:56:39;37;ac03 - Acidente com vítima ilesa;260,12;BR-050/GO;Norte;Choque - Defensa metálica;1;;;;;;;;;;1;;;;
06/02/2021;10:33:17;89;ac03 - Acidente com vítima ilesa;52;BR-050/MG;Sul;Choque - Defensa metálica;1;;;;;;;;;;1;;;;
06/02/2021;13:43:33;140;ac02 - Acidente com vítima;148,4;BR-050/MG;Sul;Capotamento;1;;1;;;;;;;;1;1;;;
06/02/2021;13:47:57;143;ac02 - Acidente com vítima;6,6;Contorno;Norte;Capotamento;1;;;;;;;;;;0;1;;;
06/02/2021;14:55:35;158;ac03 - Acidente com vítima ilesa;49,8;BR-050/MG;Sul;Choque - Meio fio;1;;;;;;;;;;3;;;;
06/02/2021;16:45:23;192;ac03 - Acidente com vítima ilesa;198;BR-050/MG;Sul;Engavetamento;3;;1;;;;;;;1;8;;;;
06/02/2021;16:51:52;194;ac03 - Acidente com vítima ilesa;37,8;BR-050/MG;Sul;Capotamento;;;;;;;;;;1;1;;;;
06/02/2021;17:45:54;209;ac02 - Acidente com vítima;17;BR-050/MG;Norte;Choque - Elemento de Drenagem;1;;;;;;;;;;0;1;;;
06/02/2021;19:04:15;231;ac02 - Acidente com vítima;46,97;BR-050/MG;Sul;Capotamento;1;;;;;;;;;;0;;2;;
07/02/2021;05:06:03;20;ac03 - Acidente com vítima ilesa;154,5;BR-050/MG;Norte;Choque - Outros;1;;;;;;;;;;1;;;;
07/02/2021;12:21:38;123;ac03 - Acidente com vítima ilesa;93,15;BR-050/MG;Sul;Choque - Sinalização;1;;;;;;;;;;4;;;;
07/02/2021;15:52:25;172;ac02 - Acidente com vítima;1;BR-050/MG;Sul;Choque - Elemento de Drenagem;1;;;;;;;;;;0;1;;;
07/02/2021;16:28:55;180;ac03 - Acidente com vítima ilesa;244;BR-050/GO;Norte;Choque - Meio fio;1;;;;;;;;;;1;;;;
07/02/2021;16:35:49;182;ac03 - Acidente com vítima ilesa;221,025;BR-050/GO;Norte;Choque - Sinalização;;;1;;;;;;;;1;;;;
07/02/2021;16:57:06;187;ac03 - Acidente com vítima ilesa;20;BR-050/MG;Norte;Choque - Meio fio;1;;;;;;;;;;2;;;;
07/02/2021;17:07:19;191;ac03 - Acidente com vítima ilesa;235,34;BR-050/GO;Norte;Choque - Outros;1;;;;;;;;;;5;;;;
07/02/2021;18:39:44;211;ac03 - Acidente com vítima ilesa;98;BR-050/GO;Norte;Choque - Sinalização;;;;;;;;;;1;2;;;;
07/02/2021;19:45:25;226;ac03 - Acidente com vítima ilesa;201,28;BR-050/GO;Sul;Capotamento;1;;;;;;;;;;5;;;;
07/02/2021;20:52:02;237;ac01 - Acidente com vitima fatal;50,3;BR-050/MG;Sul;Atropelamento - Pedestre;;;1;;;;;;;;0;;;;1
08/02/2021;11:46:55;115;ac02 - Acidente com vítima;192,25;BR-050/MG;Sul;Engavetamento;;;1;;1;;;;1;2;4;;1;;
08/02/2021;16:33:31;164;ac02 - Acidente com vítima;174;BR-050/MG;Norte;Choque - New jersey;;;1;;;;;;;;0;1;1;;
08/02/2021;17:30:49;181;ac03 - Acidente com vítima ilesa;177;BR-050/MG;Sul;Colisão Traseira;1;;;;;1;;;;;2;;;;
08/02/2021;21:35:25;241;ac02 - Acidente com vítima;21,5;Contorno;Sul;Choque - New jersey;1;;;;;;;;;;0;;1;;
09/02/2021;12:45:52;151;ac02 - Acidente com vítima;190,2;BR-050/MG;Sul;Colisão Traseira;2;;;;;;;;;;1;1;;;
09/02/2021;13:36:14;160;ac02 - Acidente com vítima;55,6;BR-050/MG;Norte;Choque - New jersey;;;1;;;;;;;;0;1;;;
09/02/2021;17:48:45;218;ac03 - Acidente com vítima ilesa;147,1;BR-050/MG;Norte;Choque - Defensa metálica;;;1;;;;;;;;1;;;;
09/02/2021;18:00:29;222;ac02 - Acidente com vítima;189;BR-050/MG;Norte;Queda de Moto;;;;1;;;;;;;0;2;;;
09/02/2021;18:02:00;223;ac02 - Acidente com vítima;147,75;BR-050/MG;Sul;Choque - Elemento de Drenagem;;;1;;;;;;;;1;;1;;
09/02/2021;20:44:00;256;ac02 - Acidente com vítima;310;BR-050/GO;Norte;Colisão lateral no sentido contrário;;;1;;;;;;;1;1;;;1;
10/02/2021;18:38:28;235;ac03 - Acidente com vítima ilesa;190,6;BR-050/MG;Sul;Colisão Traseira;;;;;1;;;;;1;1;;;;
11/02/2021;02:42:45;22;ac03 - Acidente com vítima ilesa;177;BR-050/MG;Norte;Choque - Sinalização;1;;;;;;;;;;1;;;;
11/02/2021;07:23:40;54;ac03 - Acidente com vítima ilesa;145,1;BR-050/MG;Sul;Choque - Talude ou Barranco;1;;;;;;;;;;1;;;;
11/02/2021;08:42:04;83;ac02 - Acidente com vítima;192,95;BR-050/MG;Sul;Colisão Traseira;1;;;;;;;;;1;2;;1;;
11/02/2021;09:29:58;102;ac02 - Acidente com vítima;301,3;BR-050/GO;Norte;Colisão Traseira;;;2;;;;;;;;2;;2;;
11/02/2021;10:09:08;117;ac02 - Acidente com vítima;227,04;BR-050/GO;Norte;Choque - Defensa metálica;;;;;;;;;;1;0;;1;;
11/02/2021;13:26:35;176;ac03 - Acidente com vítima ilesa;6,5;BR-050/MG;Norte;Choque - Veiculo parado no acostamento;;;2;;;;;;;;2;;;;
11/02/2021;15:54:43;209;ac03 - Acidente com vítima ilesa;46,5;BR-050/MG;Sul;Colisão Traseira;;;;;;;;;;2;2;;;;
11/02/2021;16:32:26;216;ac03 - Acidente com vítima ilesa;34,7;BR-050/MG;Sul;Choque - Veiculo parado no acostamento;;;1;;;1;;;;;2;;;;
11/02/2021;16:52:05;225;ac03 - Acidente com vítima ilesa;245,1;BR-050/GO;Sul;Choque - Talude ou Barranco;1;;;;;;;;;;1;;;;
11/02/2021;18:35:10;250;ac03 - Acidente com vítima ilesa;61;BR-050/MG;Norte;Colisão lateral no mesmo sentido;1;;;;;;;;;1;2;;;;
12/02/2021;04:19:13;31;ac03 - Acidente com vítima ilesa;181,2;BR-050/MG;Sul;Atropelamento de Animal;;;1;;;;;;;;1;;;;
12/02/2021;04:55:22;39;ac03 - Acidente com vítima ilesa;201,28;BR-050/GO;Sul;Queda de Moto;;;;1;;;;;;;1;;;;
12/02/2021;07:37:53;64;ac03 - Acidente com vítima ilesa;42;BR-050/MG;Norte;Engavetamento;;;2;;;1;;;;;3;;;;
12/02/2021;08:32:19;82;ac03 - Acidente com vítima ilesa;196,6;BR-050/GO;Sul;Choque - Defensa metálica;1;;;;;;;;;;2;;;;
12/02/2021;10:04:43;106;ac02 - Acidente com vítima;198,17;BR-050/MG;Norte;Atropelamento - Funcionário;;;;;;1;;;;;0;1;;;
12/02/2021;13:56:41;178;ac02 - Acidente com vítima;30,4;BR-050/MG;Norte;Choque - Defensa metálica;;;1;;;;;;;;0;1;1;;
13/02/2021;02:52:20;24;ac02 - Acidente com vítima;179,15;BR-050/MG;Sul;Queda de Moto;;;;1;;;;;;;0;1;;;
13/02/2021;12:17:48;140;ac03 - Acidente com vítima ilesa;204,5;BR-050/MG;Sul;Choque - Talude ou Barranco;1;;;;;;;;;;5;;;;
13/02/2021;13:06:20;154;ac03 - Acidente com vítima ilesa;281;BR-050/GO;Norte;Queda de Moto;;;;1;;;;;;;2;;;;
13/02/2021;15:47:59;185;ac02 - Acidente com vítima;234,04;BR-050/GO;Sul;Choque - Defensa metálica;1;;;;;;;;;;0;1;;;
13/02/2021;15:59:06;191;ac03 - Acidente com vítima ilesa;235,25;BR-050/GO;Sul;Choque - Defensa metálica;1;;;;;;;;;;3;;;;
13/02/2021;17:11:03;198;ac03 - Acidente com vítima ilesa;216,32;BR-050/GO;Sul;Choque - Outros;1;;;;;;;;;;1;;;;
13/02/2021;18:12:06;214;ac02 - Acidente com vítima;182,5;BR-050/GO;Sul;Capotamento;1;;;;;;;;;;0;;1;;
13/02/2021;18:20:29;216;ac03 - Acidente com vítima ilesa;196,45;BR-050/GO;Sul;Choque - Defensa metálica;;;;;;;;;;1;3;;;;
13/02/2021;20:17:41;245;ac03 - Acidente com vítima ilesa;136;BR-050/MG;Sul;Choque - Outros;1;;1;;;;;;;;2;;;;
13/02/2021;23:35:12;275;ac02 - Acidente com vítima;275,5;BR-050/GO;Norte;Choque - Sinalização;;;;1;;;;;;;0;1;;;
14/02/2021;10:50:45;80;ac01 - Acidente com vitima fatal;17,12;BR-050/MG;Sul;Choque - Defensa metálica;;;;1;;;;;;;0;;;;1
14/02/2021;16:19:09;152;ac03 - Acidente com vítima ilesa;27,35;BR-050/MG;Sul;Choque - Elemento de Drenagem;1;;;;;;;;;;1;;;;
14/02/2021;17:54:56;179;ac02 - Acidente com vítima;295,4;BR-050/GO;Sul;Queda de Moto;;;;1;;;;;;;0;1;1;;
14/02/2021;17:59:50;180;ac03 - Acidente com vítima ilesa;259,18;BR-050/GO;Norte;Choque - Elemento de Drenagem;;;;;;;;;;1;3;;;;
14/02/2021;19:46:57;203;ac03 - Acidente com vítima ilesa;180;BR-050/MG;Norte;Choque - Elemento de Drenagem;1;;;;;;;;;;3;;;;
14/02/2021;21:24:57;225;ac03 - Acidente com vítima ilesa;126,8;BR-050/MG;Sul;Choque - Meio fio;1;;;;;;;;;;1;;;;
15/02/2021;00:08:38;3;ac03 - Acidente com vítima ilesa;123,8;BR-050/MG;Sul;Choque - Elemento de Drenagem;1;;;;;;;;;;1;;;;
15/02/2021;07:54:52;41;ac02 - Acidente com vítima;179,2;BR-050/MG;Sul;Choque - New jersey;1;;;;;;;;;;0;1;;;
15/02/2021;16:22:38;241;ac02 - Acidente com vítima;19,7;Contorno;Norte;Choque - New jersey;1;;;;;;;;;;1;2;;;
15/02/2021;17:03:46;261;ac03 - Acidente com vítima ilesa;19,95;BR-050/MG;Sul;Choque - Talude ou Barranco;;;;;;;;;;1;2;;;;
15/02/2021;17:17:09;268;ac03 - Acidente com vítima ilesa;58,2;BR-050/MG;Norte;Choque - Sinalização;1;;;;;;;;;;5;;;;
15/02/2021;21:28:09;314;ac03 - Acidente com vítima ilesa;3,75;BR-050/MG;Sul;Choque - Elemento de Drenagem;1;;;;;;;;;;1;;;;
16/02/2021;11:39:19;165;ac03 - Acidente com vítima ilesa;176;BR-050/MG;Sul;Choque - Defensa metálica;;;1;;;;;;;;2;;;;
16/02/2021;12:09:06;176;ac03 - Acidente com vítima ilesa;25,35;BR-050/MG;Norte;Choque - Veiculo parado no acostamento;1;;;;1;;;;;;2;;;;
16/02/2021;17:36:50;264;ac03 - Acidente com vítima ilesa;179;BR-050/MG;Sul;Colisão lateral no mesmo sentido;1;;1;;;;;;;;4;;;;
16/02/2021;18:24:01;281;ac02 - Acidente com vítima;82;BR-050/MG;Norte;Colisão Traseira;1;;1;;;;;;;;1;2;;;
16/02/2021;23:14:37;335;ac02 - Acidente com vítima;198;BR-050/MG;Sul;Atropelamento - Funcionário;1;;;;;;;;;;1;1;;;
17/02/2021;13:40:26;153;ac03 - Acidente com vítima ilesa;29,9;BR-050/MG;Sul;Choque - Defensa metálica;1;;;;;;;;;;2;;;;
17/02/2021;15:08:30;169;ac03 - Acidente com vítima ilesa;253,24;BR-050/GO;Sul;Choque - Sinalização;1;;;;;;;;;;4;;;;
17/02/2021;15:37:12;173;ac02 - Acidente com vítima;86;BR-050/MG;Norte;Capotamento;1;;;;;;;;;;0;2;;;
18/02/2021;03:10:18;13;ac03 - Acidente com vítima ilesa;226;BR-050/GO;Sul;Choque - Defensa metálica;;;;;;;;;;1;1;;;;
18/02/2021;05:51:57;24;ac02 - Acidente com vítima;17,42;BR-050/MG;Norte;Choque - Veiculo parado no acostamento;1;;1;;;;;;;;1;;;1;
18/02/2021;07:16:16;45;ac02 - Acidente com vítima;180;BR-050/MG;Sul;Colisão lateral no mesmo sentido;1;;;;;1;;;;;0;1;;;
18/02/2021;10:41:57;106;ac02 - Acidente com vítima;37,8;BR-050/MG;Sul;Choque - Veiculo parado no acostamento;1;;1;;;;;;;;1;;2;1;
18/02/2021;13:12:59;152;ac03 - Acidente com vítima ilesa;198;BR-050/MG;Norte;Choque - Veiculo parado na pista;;;2;;;;;;;;1;;;;
19/02/2021;12:34:15;144;ac02 - Acidente com vítima;119,9;BR-050/MG;Norte;Capotamento;1;;;;;;;;;;0;1;;;
19/02/2021;13:32:29;156;ac02 - Acidente com vítima;201,4;BR-050/GO;Sul;Colisão lateral no mesmo sentido;;;1;;;;;;;1;1;1;;;
19/02/2021;16:13:25;212;ac02 - Acidente com vítima;270;BR-050/GO;Norte;Capotamento;;;;;;;;;;1;0;;3;2;
19/02/2021;17:19:39;236;ac02 - Acidente com vítima;18;Contorno;Sul;Colisão lateral no mesmo sentido;1;;1;;;;;;;;1;2;;;
19/02/2021;20:50:27;297;ac03 - Acidente com vítima ilesa;262;BR-050/GO;Norte;Colisão Traseira;;;2;;;;;;;;2;;;;
20/02/2021;20:57:35;280;ac02 - Acidente com vítima;9,3;Contorno;Sul;Capotamento;1;;;;;;;;;;0;2;;;
20/02/2021;23:33:38;309;ac02 - Acidente com vítima;116,4;BR-050/GO;Norte;Capotamento;1;;;;;;;;;;0;1;;;
21/02/2021;13:59:21;132;ac02 - Acidente com vítima;46,7;BR-050/MG;Norte;Colisão Transversal;;;1;;;;;;;2;4;;1;;
21/02/2021;14:41:57;140;ac03 - Acidente com vítima ilesa;130,4;BR-050/GO;Sul;Choque - Outros;1;;;;;;;;;;4;;;;
21/02/2021;16:27:53;166;ac02 - Acidente com vítima;260,26;BR-050/GO;Norte;Capotamento;1;;;;;;;;;;0;3;;;
21/02/2021;18:08:32;187;ac02 - Acidente com vítima;197;BR-050/MG;Norte;Colisão Traseira;1;;;;;;;;;1;3;1;;;
21/02/2021;19:02:53;212;ac03 - Acidente com vítima ilesa;62,1;BR-050/MG;Norte;Choque - Elemento de Drenagem;1;;;;;;;;;;1;;;;
21/02/2021;22:17:06;250;ac03 - Acidente com vítima ilesa;59,03;BR-050/MG;Sul;Choque - Elemento de Drenagem;;;;;;;;;;1;1;;;;
22/02/2021;07:01:07;39;ac03 - Acidente com vítima ilesa;13;BR-050/MG;Norte;Colisão Traseira;;;1;1;;;;;;;2;;;;
22/02/2021;14:52:04;149;ac03 - Acidente com vítima ilesa;14,1;BR-050/MG;Norte;Choque - Defensa metálica;;;1;;;;;;;;1;;;;
22/02/2021;15:43:45;162;ac02 - Acidente com vítima;118,92;BR-050/MG;Sul;Choque - Meio fio;;;;;;;;;;1;1;1;;;
22/02/2021;20:47:26;233;ac03 - Acidente com vítima ilesa;104,25;BR-050/MG;Sul;Colisão Traseira;;;2;;;;;;;;2;;;;
23/02/2021;10:23:31;127;ac02 - Acidente com vítima;204,88;BR-050/MG;Norte;Atropelamento - Pedestre;;;1;;;;;;;;1;;1;;
23/02/2021;11:41:10;164;ac03 - Acidente com vítima ilesa;206,55;BR-050/MG;Sul;Colisão Traseira;;;2;;;1;;;;;2;;;;
24/02/2021;03:52:15;26;ac02 - Acidente com vítima;60,2;BR-050/MG;Sul;Choque - Elemento de Drenagem;;;;;;1;;;;1;0;1;;;
24/02/2021;07:12:28;43;ac02 - Acidente com vítima;179,1;BR-050/MG;Norte;Choque - Objeto sobre a pista;;;;1;;;;;;;0;1;;;
24/02/2021;10:25:16;119;ac03 - Acidente com vítima ilesa;259,6;BR-050/GO;Norte;Capotamento;;;1;;;;;;;;1;;;;
24/02/2021;17:48:00;263;ac03 - Acidente com vítima ilesa;214,6;BR-050/GO;Norte;Choque - Outros;1;;;;;;;;;;1;;;;
25/02/2021;02:25:14;12;ac03 - Acidente com vítima ilesa;133,5;BR-050/GO;Norte;Tombamento;;;1;;;;;;;;1;;;;
25/02/2021;12:49:42;123;ac02 - Acidente com vítima;178,6;BR-050/MG;Norte;Choque - Meio fio;;;1;;;;;;;;0;1;;;
25/02/2021;15:07:45;146;ac03 - Acidente com vítima ilesa;193;BR-050/MG;Sul;Colisão lateral no mesmo sentido;1;;1;;;;;;;;2;;;;
25/02/2021;16:08:02;158;ac03 - Acidente com vítima ilesa;108,64;BR-050/GO;Norte;Choque - Talude ou Barranco;1;;;;;;;;;;4;;;;
25/02/2021;17:13:49;175;ac03 - Acidente com vítima ilesa;39,7;BR-050/MG;Norte;Choque - Defensa metálica;1;;;;;;;;;;1;;;;
25/02/2021;17:15:19;176;ac03 - Acidente com vítima ilesa;79;BR-050/MG;Sul;Colisão Traseira;;;2;;;;;;;1;3;;;;
25/02/2021;19:56:07;219;ac03 - Acidente com vítima ilesa;153,6;BR-050/MG;Sul;Choque - Elemento de Drenagem;1;;;;;;;;;;1;;;;
25/02/2021;21:40:22;238;ac03 - Acidente com vítima ilesa;150,36;BR-050/GO;Sul;Choque - Outros;;;;;;;;;;1;1;;;;
25/02/2021;22:21:03;242;ac02 - Acidente com vítima;112,05;BR-050/GO;Norte;Colisão lateral no mesmo sentido;1;;;1;;;;;;;4;1;;;
26/02/2021;16:11:49;203;ac02 - Acidente com vítima;293,65;BR-050/GO;Sul;Queda de Moto;;;;1;;;;;;;0;2;;;
26/02/2021;16:14:59;205;ac03 - Acidente com vítima ilesa;189,1;BR-050/MG;Sul;Colisão Traseira;1;;1;;1;;;;;;33;;;;
26/02/2021;23:35:49;287;ac03 - Acidente com vítima ilesa;21,1;BR-050/MG;Sul;Choque - Elemento de Drenagem;;;1;;;;;;;;1;;;;
27/02/2021;06:11:31;27;ac03 - Acidente com vítima ilesa;213,8;BR-050/GO;Norte;Choque - Outros;1;;;;;1;;;;;4;;;;
27/02/2021;13:05:24;184;ac03 - Acidente com vítima ilesa;52,9;BR-050/MG;Sul;Choque - Sinalização;;;1;;;;;;;;1;;;;
27/02/2021;15:08:31;216;ac03 - Acidente com vítima ilesa;1,54;BR-050/MG;Sul;Tombamento;;;1;;;;;;;;3;;;;
27/02/2021;15:32:50;219;ac03 - Acidente com vítima ilesa;149,3;BR-050/GO;Norte;Choque - Arvore;1;;;;;;;;;;1;;;;
27/02/2021;16:14:54;231;ac03 - Acidente com vítima ilesa;185;BR-050/GO;Norte;Choque - Meio fio;1;;;;;;;;;;1;;;;
28/02/2021;15:44:45;186;ac03 - Acidente com vítima ilesa;47;BR-050/MG;Norte;Choque - Defensa metálica;;;;;;;;;;1;1;;;;
28/02/2021;15:44:51;187;ac02 - Acidente com vítima;145;BR-050/MG;Sul;Choque - Talude ou Barranco;;;;;;;;;;1;0;1;;;
28/02/2021;17:10:24;203;ac03 - Acidente com vítima ilesa;47,5;BR-050/MG;Norte;Choque - Sinalização;1;;;;;;;;;;1;;;;
28/02/2021;19:35:07;252;ac02 - Acidente com vítima;148;BR-050/GO;Norte;Capotamento;1;;;;;;;;;;0;1;;;
01/03/2021;19:34:44;217;ac02 - Acidente com vítima;266;BR-050/GO;Norte;Queda de Ciclista;;1;;;;;;;;;0;1;;;
01/03/2021;20:57:07;229;ac03 - Acidente com vítima ilesa;98;BR-050/GO;Sul;Colisão Transversal;1;;1;;;;;;;1;7;;;;