data;horario;n_da_ocorrencia;tipo_de_ocorrencia;km;trecho;sentido;tipo_de_acidente;automovel;bicicleta;caminhao;moto;onibus;outros;tracao_animal;transporte_de_cargas_especiais;trator_maquinas;utilitarios;ilesos;levemente_feridos;moderadamente_feridos;gravemente_feridos;mortos
01/03/2021;22:54:25;245;ac03 - Acidente com vítima ilesa;179;BR-050/MG;Norte;Choque - Defensa metálica;1;;;;;;;;;;5;;;;
02/03/2021;11:51:43;154;ac02 - Acidente com vítima;167;BR-050/MG;Sul;Colisão lateral no mesmo sentido;;;;1;;1;;;;;0;1;;;
02/03/2021;13:53:37;181;ac02 - Acidente com vítima;279,6;BR-050/GO;Sul;Colisão lateral no sentido contrário;;;;1;;;;;;1;1;2;;;
02/03/2021;18:55:58;250;ac02 - Acidente com vítima;280,7;BR-050/GO;Sul;Colisão lateral no sentido contrário;1;;;1;;;;;;;3;;1;;
02/03/2021;19:54:36;263;ac02 - Acidente com vítima;175,3;BR-050/MG;Norte;Colisão Traseira;2;;;;;;;;;;2;1;;;
02/03/2021;20:03:00;268;ac03 - Acidente com vítima ilesa;176;BR-050/MG;Norte;Colisão lateral no mesmo sentido;1;;1;;;;;;;;3;;;;
02/03/2021;20:15:00;281;ac03 - Acidente com vítima ilesa;176,3;BR-050/MG;Norte;Colisão Traseira;;;2;;;;;;;;2;;;;
02/03/2021;21:47:15;289;ac02 - Acidente com vítima;60,84;BR-050/MG;Norte;Colisão Traseira;1;;1;;;;;;;;4;1;;;
03/03/2021;05:37:40;21;ac03 - Acidente com vítima ilesa;179;BR-050/MG;Norte;Choque - Outros;;;1;;;;;;;;1;;;;
03/03/2021;23:15:30;342;ac03 - Acidente com vítima ilesa;29,9;BR-050/MG;Norte;Choque - Elemento de Drenagem;;;1;;;;;;;;1;;;;
04/03/2021;04:38:44;21;ac02 - Acidente com vítima;82;BR-050/MG;Norte;Colisão Traseira;;;1;;;;;;;1;1;1;;;
04/03/2021;05:58:09;24;ac03 - Acidente com vítima ilesa;249,8;BR-050/GO;Sul;Choque - Elemento de Drenagem;;;1;;;;;;;;2;;;;
04/03/2021;09:29:35;90;ac03 - Acidente com vítima ilesa;244,1;BR-050/GO;Norte;Tombamento;;;1;;;;;;;;1;;;;
04/03/2021;10:57:30;113;ac03 - Acidente com vítima ilesa;129,78;BR-050/MG;Sul;Choque - Objeto sobre a pista;;;;;;;;;;1;1;;;;
05/03/2021;14:15:33;180;ac03 - Acidente com vítima ilesa;229,49;BR-050/GO;Sul;Choque - Defensa metálica;1;;;;;;;;;;4;;;;
05/03/2021;14:19:49;182;ac03 - Acidente com vítima ilesa;230;BR-050/GO;Norte;Capotamento;;;;;;;;;;1;2;;;;
05/03/2021;19:48:26;275;ac03 - Acidente com vítima ilesa;54,8;BR-050/MG;Norte;Choque - Elemento de Drenagem;1;;1;;;;;;;;1;;;;
06/03/2021;16:06:27;187;ac02 - Acidente com vítima;27,6;BR-050/MG;Sul;Choque - Defensa metálica;;;1;;;;;;;;0;;1;;
06/03/2021;18:16:27;226;ac02 - Acidente com vítima;17,075;BR-050/MG;Sul;Capotamento;;;;;;;;;;1;0;2;;;
06/03/2021;18:24:18;227;ac03 - Acidente com vítima ilesa;209,9;BR-050/GO;Sul;Choque - Talude ou Barranco;1;;;;;;;;;;1;;;;
06/03/2021;23:11:53;269;ac03 - Acidente com vítima ilesa;6;Contorno;Sul;Atropelamento de Animal;1;;;;;;;;;;2;;;;
07/03/2021;03:33:45;15;ac03 - Acidente com vítima ilesa;289;BR-050/GO;Norte;Atropelamento de Animal;1;;;;;;;;;;5;;;;
07/03/2021;16:10:41;146;ac03 - Acidente com vítima ilesa;57,82;BR-050/MG;Norte;Colisão lateral no mesmo sentido;1;;1;;;;;;;;2;;;;
07/03/2021;22:05:37;219;ac02 - Acidente com vítima;36;BR-050/MG;Norte;Choque - New jersey;;;;;;;;;;1;0;1;;;
08/03/2021;15:24:10;183;ac03 - Acidente com vítima ilesa;47,6;BR-050/MG;Norte;Choque - Defensa metálica;;;;;;;;;;1;1;;;;
09/03/2021;13:22:07;132;ac02 - Acidente com vítima;278,82;BR-050/GO;Sul;Colisão Transversal;1;;;;;;;;;1;1;2;;;
09/03/2021;13:38:24;137;ac03 - Acidente com vítima ilesa;24,68;BR-050/MG;Sul;Choque - Meio fio;1;;;;;1;;;;;2;;;;
10/03/2021;04:00:42;22;ac03 - Acidente com vítima ilesa;152,42;BR-050/MG;Sul;Choque - Defensa metálica;1;;;;;;;;;;5;;;;
10/03/2021;06:20:58;33;ac03 - Acidente com vítima ilesa;21,2;Contorno;Norte;Colisão Traseira;2;;;;;;;;;;2;;;;
10/03/2021;14:14:57;198;ac03 - Acidente com vítima ilesa;97,7;BR-050/GO;Norte;Colisão lateral no mesmo sentido;1;;1;;;;;;;;2;;;;
10/03/2021;19:57:07;301;ac03 - Acidente com vítima ilesa;127,6;BR-050/GO;Sul;Choque - Elemento de Drenagem;1;;;;;;;;;;6;;;;
10/03/2021;21:36:42;322;ac03 - Acidente com vítima ilesa;49,62;BR-050/MG;Sul;Atropelamento de Animal;1;;;;;;;;;;1;;;;
11/03/2021;07:11:19;53;ac02 - Acidente com vítima;15;Contorno;Sul;Colisão Traseira;;;;;;1;;;;;0;1;;;
11/03/2021;07:21:12;56;ac02 - Acidente com vítima;81;BR-050/MG;Sul;Colisão Traseira;;;1;1;;;;;;;1;;1;;
11/03/2021;13:35:29;203;ac02 - Acidente com vítima;81;BR-050/MG;Norte;Queda de Moto;;;;1;;;;;;;0;1;;;
11/03/2021;15:50:55;250;ac03 - Acidente com vítima ilesa;136,1;BR-050/MG;Sul;Choque - Talude ou Barranco;;;1;;;;;;;;1;;;;
11/03/2021;18:09:33;300;ac03 - Acidente com vítima ilesa;27,3;BR-050/MG;Sul;Choque - Meio fio;1;;;;;;;;;;1;;;;
11/03/2021;19:24:40;336;ac02 - Acidente com vítima;13,7;BR-050/MG;Sul;Colisão Traseira;;;;;;;;;;2;4;;1;;
11/03/2021;21:37:01;364;ac01 - Acidente com vitima fatal;83,5;BR-050/MG;Sul;Colisão Traseira;1;;1;;;;;;;;1;;;;1
11/03/2021;23:42:20;384;ac03 - Acidente com vítima ilesa;100,5;BR-050/MG;Norte;Choque - Outros;;;;;;;;;;1;4;;;;
12/03/2021;06:36:34;27;ac02 - Acidente com vítima;110,8;BR-050/MG;Sul;Choque - Defensa metálica;;;;;1;;;;;;35;3;1;;
12/03/2021;09:32:04;79;ac02 - Acidente com vítima;200,4;BR-050/MG;Sul;Choque - New jersey;1;;1;;;;;;;;1;;1;;
12/03/2021;13:18:02;158;ac02 - Acidente com vítima;49,8;BR-050/MG;Sul;Choque - Elemento de Drenagem;1;;1;;;;;;;;2;4;;;
12/03/2021;14:23:26;175;ac03 - Acidente com vítima ilesa;20,36;BR-050/MG;Sul;Colisão lateral no mesmo sentido;;;2;;;1;;;;;3;;;;
12/03/2021;15:57:24;201;ac02 - Acidente com vítima;220,4;BR-050/GO;Norte;Queda de Moto;;;;1;;;;;;;0;1;;1;
12/03/2021;16:05:24;207;ac03 - Acidente com vítima ilesa;297,5;BR-050/GO;Sul;Choque - Veiculo parado no acostamento;;;;;;1;;;;1;0;;;;
13/03/2021;01:12:07;4;ac03 - Acidente com vítima ilesa;160;BR-050/GO;Sul;Capotamento;1;;;;;1;;;;;1;;;;
13/03/2021;06:33:56;30;ac02 - Acidente com vítima;108,64;BR-050/GO;Sul;Choque - Talude ou Barranco;1;;;;;;;;;;0;1;;;
13/03/2021;10:29:44;109;ac03 - Acidente com vítima ilesa;233;BR-050/GO;Norte;Capotamento;1;;;;;;;;;;1;;;;
13/03/2021;19:02:23;257;ac03 - Acidente com vítima ilesa;209;BR-050/GO;Norte;Atropelamento de Animal;1;;;;;;;;;;2;;;;
14/03/2021;13:22:20;128;ac01 - Acidente com vitima fatal;284,6;BR-050/GO;Sul;Colisão Frontal;2;;;;;;;;;;2;;;;1
14/03/2021;13:35:14;131;ac02 - Acidente com vítima;145;BR-050/MG;Sul;Choque - Sinalização;1;;;;;;;;;;2;;1;;
14/03/2021;13:38:30;132;ac02 - Acidente com vítima;44,2;BR-050/MG;Sul;Capotamento;1;;;;;;;;;;0;1;;;
14/03/2021;14:52:46;148;ac02 - Acidente com vítima;143;BR-050/MG;Sul;Choque - Veiculo parado no acostamento;;;1;;1;;;;;;1;1;;;
14/03/2021;18:40:17;197;ac02 - Acidente com vítima;29,9;BR-050/MG;Sul;Capotamento;;;;;;;;;;1;0;2;;;
14/03/2021;21:42:27;236;ac03 - Acidente com vítima ilesa;38;BR-050/MG;Sul;Choque - Elemento de Drenagem;;;;;;;;;;1;1;;;;
15/03/2021;06:25:46;24;ac02 - Acidente com vítima;151,35;BR-050/MG;Sul;Queda de Moto;;;;1;;;;;;;0;1;;;
15/03/2021;08:01:03;60;ac02 - Acidente com vítima;188,95;BR-050/GO;Sul;Choque - Arvore;1;;;;;;;;;;0;1;;;
15/03/2021;12:32:41;171;ac02 - Acidente com vítima;83,76;BR-050/MG;Norte;Colisão Traseira;;;;;;2;;;;1;0;1;;;
15/03/2021;13:06:31;182;ac02 - Acidente com vítima;111;BR-050/GO;Sul;Choque - Meio fio;;;1;;;;;;;;0;1;;;
15/03/2021;14:25:41;209;ac03 - Acidente com vítima ilesa;51;BR-050/MG;Norte;Colisão lateral no mesmo sentido;1;;;;;1;;;;;2;;;;
15/03/2021;15:47:51;229;ac03 - Acidente com vítima ilesa;164,3;BR-050/MG;Sul;Queda de veículo em ribanceira, ponte ou viaduto;1;;;;;;;;;;2;;;;
15/03/2021;17:26:23;254;ac03 - Acidente com vítima ilesa;7;Contorno;Sul;Choque - Elemento de Drenagem;1;;;;;;;;;;1;;;;
15/03/2021;19:00:39;285;ac02 - Acidente com vítima;179;BR-050/MG;Norte;Queda de Moto;;;;1;;;;;;;0;;1;;
15/03/2021;19:39:25;294;ac03 - Acidente com vítima ilesa;48,3;BR-050/MG;Sul;Choque - Elemento de Drenagem;;;;;;;;;;1;1;;;;
15/03/2021;20:41:18;306;ac03 - Acidente com vítima ilesa;179;BR-050/MG;Norte;Choque - Elemento de Drenagem;;;1;;;;;;;;1;;;;
16/03/2021;07:16:46;58;ac02 - Acidente com vítima;191;BR-050/MG;Sul;Choque - Sinalização;;;1;;;;;;;;0;;1;;
16/03/2021;15:12:26;216;ac03 - Acidente com vítima ilesa;27,8;BR-050/MG;Sul;Choque - Defensa metálica;;;1;;;;;;;;1;;;;
16/03/2021;17:49:31;270;ac02 - Acidente com vítima;37,5;BR-050/MG;Norte;Colisão Frontal;1;1;;;;;;;;;1;;;1;
16/03/2021;20:33:40;308;ac03 - Acidente com vítima ilesa;157,3;BR-050/MG;Sul;Choque - Elemento de Drenagem;1;;;;;;;;;;2;;;;
17/03/2021;00:02:56;4;ac03 - Acidente com vítima ilesa;157,38;BR-050/GO;Norte;Choque - Elemento de Drenagem;;;;;;;;;;1;1;;;;
17/03/2021;11:40:13;157;ac01 - Acidente com vitima fatal;54,26;BR-050/MG;Sul;Choque - New jersey;;;1;;;;;;;;0;;;;1
17/03/2021;11:41:06;158;ac02 - Acidente com vítima;41,7;BR-050/MG;Sul;Queda de Moto;;;;1;;;;;;;0;;1;;
17/03/2021;13:54:47;191;ac03 - Acidente com vítima ilesa;229,4;BR-050/GO;Sul;Choque - Elemento de Drenagem;1;;;;;;;;;;1;;;;
17/03/2021;17:48:50;257;ac03 - Acidente com vítima ilesa;180;BR-050/MG;Sul;Colisão Traseira;1;;;;;;;;;1;3;;;;
18/03/2021;06:43:23;25;ac02 - Acidente com vítima;108,63;BR-050/MG;Norte;Capotamento;1;;;;;;;;;;0;2;;;
18/03/2021;11:31:43;139;ac03 - Acidente com vítima ilesa;151,25;BR-050/MG;Sul;Colisão lateral no mesmo sentido;1;;1;;;;;;;;3;;;;
18/03/2021;11:52:50;145;ac03 - Acidente com vítima ilesa;205,15;BR-050/MG;Sul;Choque - Talude ou Barranco;1;;;;;;;;;;4;;;;
18/03/2021;15:18:15;194;ac03 - Acidente com vítima ilesa;198;BR-050/MG;Sul;Choque - Veiculo parado na pista;1;;1;;;;;;;;3;;;;
18/03/2021;21:33:37;295;ac03 - Acidente com vítima ilesa;137,9;BR-050/MG;Sul;Colisão Traseira;;;2;;;;;;;;3;;;;
19/03/2021;10:59:34;157;ac03 - Acidente com vítima ilesa;174,2;BR-050/MG;Sul;Tombamento;;;1;;;;;;;;1;;;;
19/03/2021;13:12:54;208;ac02 - Acidente com vítima;312,3;BR-050/GO;Norte;Choque - Meio fio;;;;1;;;;;;;0;;1;1;
19/03/2021;13:41:52;213;ac02 - Acidente com vítima;22,95;BR-050/MG;Norte;Colisão Traseira;;;2;;;;;;;;1;;;1;
19/03/2021;14:08:35;219;ac02 - Acidente com vítima;160,75;BR-050/MG;Sul;Choque - Elemento de Drenagem;;;1;;;;;;;;0;;1;;
19/03/2021;15:14:05;233;ac03 - Acidente com vítima ilesa;22,9;BR-050/MG;Sul;Colisão Traseira;;;;;;;;;;2;2;;;;
19/03/2021;17:25:11;289;ac02 - Acidente com vítima;164;BR-050/MG;Sul;Choque - Defensa metálica;;;1;;;;;;;;0;1;;;
19/03/2021;19:02:15;321;ac02 - Acidente com vítima;51,15;BR-050/MG;Norte;Choque - Meio fio;1;;;;;1;;;;;2;1;;;
19/03/2021;20:07:58;335;ac03 - Acidente com vítima ilesa;178,8;BR-050/MG;Norte;Colisão lateral no mesmo sentido;1;;1;;;;;;;;2;;;;
20/03/2021;00:59:37;9;ac02 - Acidente com vítima;173,9;BR-050/MG;Sul;Atropelamento - Pedestre;;;;;;1;;;;;0;;;1;
20/03/2021;09:49:59;122;ac02 - Acidente com vítima;39,6;BR-050/MG;Norte;Queda de Moto;;;;1;;;;;;;0;1;;;
21/03/2021;03:31:47;16;ac02 - Acidente com vítima;198;BR-050/GO;Norte;Choque - Elemento de Drenagem;1;;;;;;;;;;0;2;;;
21/03/2021;16:43:05;181;ac02 - Acidente com vítima;52,8;BR-050/MG;Norte;Choque - Elemento de Drenagem;;;;;;;;;;1;0;2;2;;
21/03/2021;17:51:13;197;ac02 - Acidente com vítima;17,03;BR-050/MG;Sul;Choque - Defensa metálica;1;;;;;;;;;;0;1;;;
21/03/2021;18:22:20;205;ac03 - Acidente com vítima ilesa;50,75;BR-050/MG;Sul;Choque - Sinalização;1;;;;;;;;;;1;;;;
22/03/2021;08:24:21;62;ac02 - Acidente com vítima;169,7;BR-050/MG;Sul;Choque - Defensa metálica;;;1;;;;;;;;0;1;;;
22/03/2021;10:12:56;100;ac03 - Acidente com vítima ilesa;105;BR-050/MG;Sul;Choque - Veiculo parado na pista;1;;1;;;;;;;;2;;;;
22/03/2021;11:01:36;130;ac02 - Acidente com vítima;115,62;BR-050/GO;Norte;Capotamento;1;;;;;;;;;;3;1;;;
23/03/2021;07:54:30;44;ac03 - Acidente com vítima ilesa;129,4;BR-050/MG;Norte;Colisão lateral no mesmo sentido;;;1;;;;;;;1;2;;;;
23/03/2021;10:11:02;102;ac03 - Acidente com vítima ilesa;152,9;BR-050/GO;Norte;Capotamento;1;;;;;1;;;;;2;;;;
23/03/2021;18:28:59;267;ac02 - Acidente com vítima;77,3;BR-050/MG;Sul;Colisão Frontal;1;;;;;;;;;1;4;1;;;
24/03/2021;17:40:46;282;ac03 - Acidente com vítima ilesa;206;BR-050/MG;Norte;Colisão Traseira;;;1;;;;;;;1;3;;;;
25/03/2021;14:47:18;216;ac03 - Acidente com vítima ilesa;193,95;BR-050/MG;Norte;Colisão Traseira;1;;1;;;;;;;;1;;;;
25/03/2021;21:37:22;336;ac03 - Acidente com vítima ilesa;201,1;BR-050/GO;Sul;Choque - Outros;;;1;;;;;;;;1;;;;
26/03/2021;15:35:52;229;ac02 - Acidente com vítima;280,3;BR-050/GO;Sul;Colisão Transversal;;;;1;;;;;;1;1;;1;;
27/03/2021;07:34:10;59;ac02 - Acidente com vítima;236,5;BR-050/GO;Norte;Colisão Traseira;1;;1;;;;;;;;3;2;;;
27/03/2021;20:34:22;303;ac03 - Acidente com vítima ilesa;280,005;BR-050/GO;Norte;Colisão Transversal;2;;;;;;;;;;4;;;;
28/03/2021;10:05:04;91;ac01 - Acidente com vitima fatal;226,3;BR-050/GO;Sul;Choque na praça ? submarino;2;;2;;;;;;;;4;7;1;;4
28/03/2021;16:04:25;185;ac03 - Acidente com vítima ilesa;172,42;BR-050/MG;Sul;Choque - New jersey;1;;;;;1;;;;;2;;;;
28/03/2021;17:21:25;221;ac02 - Acidente com vítima;147,4;BR-050/MG;Sul;Choque - Meio fio;;;1;;;;;;;;0;1;;;
29/03/2021;01:42:19;4;ac02 - Acidente com vítima;294,88;BR-050/GO;Sul;Tombamento;;;1;;;;;;;;0;1;;;
29/03/2021;11:27:19;144;ac02 - Acidente com vítima;33,94;BR-050/MG;Sul;Capotamento;1;;;;;;;;;;0;1;;;
29/03/2021;14:33:38;194;ac03 - Acidente com vítima ilesa;81,9;BR-050/MG;Norte;Choque - Defensa metálica;1;;;;;;;;;;1;;;;
29/03/2021;22:26:21;308;ac03 - Acidente com vítima ilesa;133;BR-050/GO;Sul;Colisão Traseira;1;;1;;;;;;;;4;;;;
30/03/2021;18:34:12;354;ac02 - Acidente com vítima;179;BR-050/MG;Sul;Colisão lateral no mesmo sentido;1;;;1;;;;;;;4;1;;;
31/03/2021;06:12:45;32;ac03 - Acidente com vítima ilesa;83;BR-050/MG;Sul;Colisão Traseira;1;;;;;;;;;1;2;;;;
31/03/2021;12:13:35;165;ac02 - Acidente com vítima;158;BR-050/MG;Norte;Choque - Sinalização;;;;;;;;;;1;0;1;;;
31/03/2021;14:53:33;203;ac03 - Acidente com vítima ilesa;199;BR-050/MG;Norte;Capotamento;2;;;;;;;;;;3;;;;
31/03/2021;17:20:32;278;ac03 - Acidente com vítima ilesa;36,9;BR-050/MG;Sul;Choque - Defensa metálica;;;;;;1;;;;1;1;;;;
01/04/2021;18:19:47;297;ac03 - Acidente com vítima ilesa;704,35;BR-050/MG;Leste;Colisão Traseira;1;;1;;;;;;;;2;;;;
02/04/2021;11:08:14;119;ac03 - Acidente com vítima ilesa;653,7;BR-050/MG;Leste;Choque - Meio fio;1;;;;;;;;;;2;;;;
03/04/2021;06:25:52;18;ac02 - Acidente com vítima;773;BR-050/MG;Oeste;Colisão Transversal;1;;1;;;;;;;;3;1;1;;
03/04/2021;12:04:01;93;ac02 - Acidente com vítima;667,8;BR-050/MG;Oeste;Capotamento;;;;;;;;;;1;0;1;;;
04/04/2021;13:42:19;103;ac02 - Acidente com vítima;83,4;BR-050/GO;Leste;Colisão lateral no mesmo sentido;;;1;;;;;;;1;1;;1;;
05/04/2021;15:13:22;197;ac02 - Acidente com vítima;663;BR-050/MG;Oeste;Capotamento;1;;;;;;;;;;0;1;;;
06/04/2021;14:52:14;223;ac03 - Acidente com vítima ilesa;147,5;BR-050/GO;Oeste;Choque - Sinalização;;;1;;;;;;;;1;;;;
06/04/2021;15:11:28;233;ac02 - Acidente com vítima;154,5;BR-050/GO;Oeste;Tombamento;;;1;;;;;;;;0;1;;;
07/04/2021;06:29:37;40;ac02 - Acidente com vítima;668,8;BR-050/MG;Oeste;Capotamento;;;;;;;;;;1;0;1;;;
09/04/2021;19:14:15;351;ac02 - Acidente com vítima;686;BR-050/MG;Leste;Atropelamento - Pedestre;1;;;;;;;;;;1;;;1;
10/04/2021;14:33:41;214;ac03 - Acidente com vítima ilesa;659;BR-050/MG;Leste;Choque - Veiculo parado no acostamento;;;1;;;1;;;;;2;;;;
10/04/2021;19:23:52;319;ac02 - Acidente com vítima;109;BR-050/GO;Leste;Queda de Moto;;;;1;;;;;;;0;1;;;
11/04/2021;00:26:24;5;ac03 - Acidente com vítima ilesa;115;BR-050/GO;Leste;Queda de veículo em ribanceira, ponte ou viaduto;;;;;;;;;;1;1;;;;
12/04/2021;19:07:58;311;ac03 - Acidente com vítima ilesa;729;BR-050/MG;Leste;Choque - Elemento de Drenagem;;;1;;;;;;;;1;;;;
13/04/2021;06:40:45;40;ac03 - Acidente com vítima ilesa;627,3;BR-050/MG;Oeste;Tombamento;;;1;;;;;;;;1;;;;
13/04/2021;11:28:20;186;ac02 - Acidente com vítima;853;BR-050/MG;Leste;Capotamento;1;;;;;;;;;;0;2;1;1;
13/04/2021;22:13:14;396;ac03 - Acidente com vítima ilesa;757;BR-050/MG;Leste;Choque - Meio fio;1;;;;;;;;;;1;;;;
15/04/2021;21:11:13;399;ac01 - Acidente com vitima fatal;687,4;BR-050/MG;Oeste;Atropelamento - Pedestre;;;;;;;;;;1;4;;;;1
16/04/2021;02:52:24;15;ac02 - Acidente com vítima;751;BR-050/MG;Oeste;Queda de Moto;;;;1;;;;;;;0;1;;;
16/04/2021;21:27:21;400;ac03 - Acidente com vítima ilesa;706;BR-050/MG;Leste;Choque - Meio fio;1;;;;;;;;;;1;;;;
17/04/2021;07:15:41;53;ac03 - Acidente com vítima ilesa;706;BR-050/MG;Leste;Choque - Meio fio;;;;;;;;;;1;1;;;;
17/04/2021;22:38:05;339;ac02 - Acidente com vítima;4;BR-050/GO;Oeste;Colisão Traseira;1;;1;;;;;;;;1;2;;;
18/04/2021;20:19:57;305;ac02 - Acidente com vítima;96,5;BR-050/GO;Oeste;Colisão lateral no sentido contrário;1;;1;;;;;;;;1;;;1;
22/04/2021;14:18:01;261;ac02 - Acidente com vítima;58,2;BR-050/GO;Leste;Queda de Moto;;;;1;;;;;;;0;1;;;
22/04/2021;17:45:17;354;ac02 - Acidente com vítima;673,5;BR-050/MG;Oeste;Atropelamento de Animal;;;1;;;;;;;1;2;1;;;
23/04/2021;16:32:22;303;ac03 - Acidente com vítima ilesa;824,7;BR-050/MG;Leste;Capotamento;1;;;;;1;;;;;0;;;;
23/04/2021;21:41:56;392;ac02 - Acidente com vítima;719,2;BR-050/MG;Oeste;Colisão lateral no mesmo sentido;;;1;;;;;;;1;0;1;;;
25/04/2021;14:09:45;185;ac02 - Acidente com vítima;175;BR-050/GO;Leste;Colisão lateral no sentido contrário;1;;;1;;;;;;;0;;;1;
25/04/2021;18:56:26;267;ac03 - Acidente com vítima ilesa;716;BR-050/MG;Oeste;Capotamento;1;;;;;;;;;;0;;;;
25/04/2021;19:10:31;269;ac03 - Acidente com vítima ilesa;745;BR-050/MG;Oeste;Capotamento;1;;;;;;;;;;0;;;;
25/04/2021;23:35:40;319;ac03 - Acidente com vítima ilesa;153,4;BR-050/GO;Leste;Atropelamento de Animal;;;;;;;;;;1;2;;;;
26/04/2021;04:47:30;35;ac03 - Acidente com vítima ilesa;689,4;BR-050/MG;Leste;Atropelamento de Animal;;;1;;;;;;;;1;;;;
27/04/2021;15:27:37;269;ac02 - Acidente com vítima;794;BR-050/MG;Leste;Engavetamento;;;1;;;1;;;;1;1;1;;;
27/04/2021;22:21:29;408;ac02 - Acidente com vítima;18;BR-050/GO;Leste;Colisão Traseira;1;;;1;;;;;;;0;1;;;
29/04/2021;19:03:41;354;ac01 - Acidente com vitima fatal;719;BR-050/MG;Oeste;Colisão Traseira;1;;1;;;;;;;;1;;;;2
30/04/2021;14:02:57;245;ac02 - Acidente com vítima;630;BR-050/MG;Oeste;Colisão lateral no mesmo sentido;1;;1;;;;;;;;2;2;;;
30/04/2021;22:58:21;427;ac03 - Acidente com vítima ilesa;788,2;BR-050/MG;Oeste;Atropelamento de Animal;1;;;;;;;;;;3;;;;
01/05/2021;02:12:26;33;ac02 - Acidente com vítima;177,5;BR-050/MG;Sul;Choque - New jersey;1;;;;;;;;;;0;1;;;
01/05/2021;02:28:52;35;ac03 - Acidente com vítima ilesa;254,52;BR-050/GO;Norte;Choque - Elemento de Drenagem;1;;;;;;;;;;2;;;;
01/05/2021;15:38:02;242;ac02 - Acidente com vítima;114,46;BR-050/GO;Sul;Capotamento;1;;;;;;;;;;1;;2;;
01/05/2021;18:40:32;290;ac03 - Acidente com vítima ilesa;17,85;Contorno;Sul;Choque - New jersey;1;;;;;;;;;;2;;;;
01/05/2021;21:42:31;337;ac02 - Acidente com vítima;179,2;BR-050/MG;Norte;Colisão lateral no mesmo sentido;;;;1;;;;;;1;1;1;;;
02/05/2021;07:24:31;39;ac02 - Acidente com vítima;273;BR-050/GO;Norte;Queda de Ciclista;;1;;;;;;;;;0;1;;;
02/05/2021;11:10:53;98;ac03 - Acidente com vítima ilesa;174;BR-050/MG;Sul;Colisão Traseira;;;;;;1;;;;;0;;;;
02/05/2021;17:54:04;208;ac03 - Acidente com vítima ilesa;265;BR-050/GO;Sul;Capotamento;;;;;;1;;;;;0;;;;
02/05/2021;18:00:06;212;ac02 - Acidente com vítima;268,48;BR-050/GO;Sul;Capotamento;;;;;;;;;;1;0;1;;;
02/05/2021;19:27:01;239;ac02 - Acidente com vítima;192,1;BR-050/MG;Norte;Colisão Traseira;1;;;;;1;;;;1;0;;3;;
03/05/2021;15:46:00;262;ac03 - Acidente com vítima ilesa;165,35;BR-050/MG;Norte;Choque - Outros;1;;;;;;;;;;5;;;;
03/05/2021;18:13:57;292;ac02 - Acidente com vítima;27,3;BR-050/MG;Sul;Colisão lateral no mesmo sentido;;;;;;1;;;;1;0;1;;;
03/05/2021;18:31:06;297;ac03 - Acidente com vítima ilesa;198,3;BR-050/MG;Sul;Colisão lateral no mesmo sentido;1;;1;;;1;;;;;4;;;;
04/05/2021;04:54:33;32;ac03 - Acidente com vítima ilesa;95,8;BR-050/MG;Norte;Capotamento;;;1;;;;;;;;1;;;;
04/05/2021;04:58:07;33;ac02 - Acidente com vítima;114,7;BR-050/MG;Sul;Capotamento;1;;;;;;;;;;0;;1;;
04/05/2021;07:07:52;62;ac03 - Acidente com vítima ilesa;179;BR-050/MG;Norte;Engavetamento;2;;;;;;;;;2;8;;;;
04/05/2021;10:34:14;169;ac02 - Acidente com vítima;111,5;BR-050/MG;Norte;Capotamento;1;;;;;;;;;;0;1;;;
04/05/2021;18:45:28;338;ac03 - Acidente com vítima ilesa;100;BR-050/GO;Sul;Queda de Moto;;;;1;;;;;;;0;;;;
05/05/2021;11:50:46;164;ac02 - Acidente com vítima;117;BR-050/MG;Sul;Tombamento;;;1;;;;;;;1;1;1;;;
05/05/2021;21:31:21;325;ac03 - Acidente com vítima ilesa;104,9;BR-050/MG;Norte;Colisão Traseira;2;;;;;;;;;;4;;;;
06/05/2021;00:07:47;1;ac02 - Acidente com vítima;214,8;BR-050/GO;Sul;Colisão Traseira;;;1;;;;;;;;0;1;;;
06/05/2021;06:37:34;53;ac02 - Acidente com vítima;78,9;BR-050/MG;Norte;Choque - Elemento de Drenagem;;;;;;;;;;1;1;;1;;
06/05/2021;06:55:18;60;ac03 - Acidente com vítima ilesa;79;BR-050/MG;Norte;Queda de Moto;;;;1;;;;;;;0;;;;