data;horario;n_da_ocorrencia;tipo_de_ocorrencia;km;trecho;sentido;tipo_de_acidente;automovel;bicicleta;caminhao;moto;onibus;outros;tracao_animal;transporte_de_cargas_especiais;trator_maquinas;utilitarios;ilesos;levemente_feridos;moderadamente_feridos;gravemente_feridos;mortos
13/06/2021;23:07:05;271;ac01 - Acidente com vitima fatal;12,7;Contorno;Norte;Queda de Moto;;;;1;;;;;;;0;;;;1
14/06/2021;02:46:19;17;ac02 - Acidente com vítima;5;BR-050/MG;Norte;Capotamento;1;;;;;;;;;;1;2;;;
14/06/2021;04:28:56;25;ac02 - Acidente com vítima;134,8;BR-050/MG;Norte;Tombamento;;;1;;;;;;;;0;;1;;
14/06/2021;08:49:27;75;ac03 - Acidente com vítima ilesa;176,7;BR-050/MG;Norte;Choque - Elemento de Drenagem;1;;;;;;;;;;1;;;;
14/06/2021;09:08:55;83;ac03 - Acidente com vítima ilesa;42,2;BR-050/MG;Norte;Queda de Moto;;;;1;;;;;;;0;;;;
14/06/2021;16:59:05;244;ac03 - Acidente com vítima ilesa;12,2;Contorno;Sul;Colisão lateral no mesmo sentido;;;2;;;;;;;;2;;;;
14/06/2021;19:50:08;302;ac03 - Acidente com vítima ilesa;178,9;BR-050/MG;Norte;Choque - Defensa metálica;1;;;;;;;;;;1;;;;
14/06/2021;19:54:17;306;ac02 - Acidente com vítima;90,9;BR-050/MG;Norte;Choque - Elemento de Drenagem;1;;;;;;;;;;0;1;;;
15/06/2021;01:52:19;11;ac03 - Acidente com vítima ilesa;78,4;BR-050/MG;Sul;Atropelamento de Animal;;;1;;;;;;;;1;;;;
15/06/2021;08:06:23;53;ac03 - Acidente com vítima ilesa;158,3;BR-050/MG;Norte;Choque - Meio fio;;;1;;;;;;;;1;;;;
15/06/2021;13:26:03;159;ac03 - Acidente com vítima ilesa;26;BR-050/MG;Norte;Choque - Meio fio;;;1;;;;;;;;1;;;;
15/06/2021;19:00:44;258;ac03 - Acidente com vítima ilesa;48,3;BR-050/MG;Sul;Tombamento;;;1;;;;;;;;1;;;;
16/06/2021;10:33:04;118;ac02 - Acidente com vítima;24,51;BR-050/MG;Sul;Queda de Ciclista;;1;;;;;;;;;0;1;;;
16/06/2021;13:33:10;164;ac03 - Acidente com vítima ilesa;138;BR-050/MG;Sul;Colisão lateral no mesmo sentido;;;2;;;;;;;;2;;;;
16/06/2021;19:40:50;305;ac02 - Acidente com vítima;193;BR-050/MG;Sul;Colisão Traseira;1;;1;;;;;;;;1;1;;;
17/06/2021;15:04:29;199;ac03 - Acidente com vítima ilesa;23,4;BR-050/MG;Norte;Choque - Elemento de Drenagem;1;;;;;;;;;;1;;;;
18/06/2021;02:32:08;25;ac02 - Acidente com vítima;259,38;BR-050/GO;Norte;Capotamento;;;;;;;;;;1;0;;1;;
18/06/2021;14:14:26;201;ac02 - Acidente com vítima;267,8;BR-050/GO;Sul;Queda de Moto;;;;1;;;;;;;0;1;1;;
18/06/2021;16:06:19;235;ac02 - Acidente com vítima;176,5;BR-050/MG;Sul;Engavetamento;3;;;;;;;;;;4;1;;;
18/06/2021;22:44:50;347;ac02 - Acidente com vítima;12,7;Contorno;Sul;Queda de Moto;;;;1;;;;;;;0;1;;;
19/06/2021;04:46:58;29;ac03 - Acidente com vítima ilesa;105;BR-050/GO;Sul;Choque - Meio fio;1;;;;;;;;;;4;;;;
19/06/2021;18:37:11;234;ac03 - Acidente com vítima ilesa;122,64;BR-050/MG;Norte;Colisão Traseira;1;;;;;1;;;;1;6;;;;
19/06/2021;21:28:53;280;ac03 - Acidente com vítima ilesa;106,64;BR-050/MG;Norte;Colisão Traseira;;;2;;;;;;;;2;;;;
20/06/2021;11:59:11;110;ac03 - Acidente com vítima ilesa;96,9;BR-050/GO;Norte;Colisão Traseira;1;;;;;1;;;;;5;;;;
20/06/2021;21:58:27;261;ac02 - Acidente com vítima;146,75;BR-050/MG;Sul;Choque - Elemento de Drenagem;1;;;;;;;;;;0;1;;;
21/06/2021;15:32:42;210;ac02 - Acidente com vítima;128,5;BR-050/MG;Norte;Queda de Moto;;;;1;;;;;;;0;;;1;
21/06/2021;19:40:30;281;ac02 - Acidente com vítima;44,8;BR-050/MG;Norte;Queda de Moto;;;;1;;;;;;;0;;1;;
21/06/2021;22:13:30;305;ac02 - Acidente com vítima;169,6;BR-050/MG;Sul;Colisão Traseira;;;1;;;1;;;;;0;1;;;
22/06/2021;22:58:39;352;ac02 - Acidente com vítima;40,6;BR-050/MG;Norte;Atropelamento - Andarilho;;;1;;;;;;;;1;;1;;
23/06/2021;10:47:55;137;ac03 - Acidente com vítima ilesa;105,5;BR-050/GO;Norte;Tombamento;;;1;;;;;;;;1;;;;
23/06/2021;18:51:53;312;ac03 - Acidente com vítima ilesa;131;BR-050/MG;Norte;Colisão Traseira;1;;;;;;;;;1;8;;;;
23/06/2021;23:28:16;370;ac02 - Acidente com vítima;78,64;BR-050/MG;Norte;Colisão Traseira;;;2;;;;;;;;0;3;;;
24/06/2021;07:45:33;48;ac03 - Acidente com vítima ilesa;78,6;BR-050/MG;Norte;Colisão Traseira;2;;;;;;;;;;2;;;;
24/06/2021;14:52:37;247;ac03 - Acidente com vítima ilesa;56,2;BR-050/MG;Sul;Choque - Talude ou Barranco;;;;;;;;;;1;1;;;;
24/06/2021;19:24:41;324;ac03 - Acidente com vítima ilesa;42,5;BR-050/MG;Norte;Engavetamento;3;;;;;;;;;;5;;;;
25/06/2021;04:36:56;25;ac02 - Acidente com vítima;153,3;BR-050/MG;Norte;Colisão Traseira;;;2;;;;;;;;1;1;;;
25/06/2021;06:47:41;38;ac02 - Acidente com vítima;178,6;BR-050/MG;Norte;Queda de Moto;;;;1;;;;;;;0;;1;;
25/06/2021;13:14:04;199;ac03 - Acidente com vítima ilesa;105;BR-050/MG;Sul;Colisão lateral no mesmo sentido;1;;1;;;;;;;;1;;;;
25/06/2021;14:17:25;223;ac03 - Acidente com vítima ilesa;161;BR-050/MG;Norte;Choque - Objeto sobre a pista;1;;;;;;;;;;2;;;;
25/06/2021;22:46:19;360;ac02 - Acidente com vítima;105,5;BR-050/GO;Norte;Tombamento;;;1;;;;;;;;0;;;1;
26/06/2021;00:31:27;3;ac03 - Acidente com vítima ilesa;41,9;BR-050/MG;Norte;Choque - Sinalização;1;;;;;;;;;;1;;;;
26/06/2021;20:07:22;292;ac02 - Acidente com vítima;190,58;BR-050/MG;Sul;Colisão Traseira;1;;;1;;;;;;;1;;;2;
27/06/2021;08:00:27;38;ac03 - Acidente com vítima ilesa;65;BR-050/MG;Sul;Capotamento;1;;;;;;;;;;0;;;;
27/06/2021;08:17:51;43;ac03 - Acidente com vítima ilesa;115;BR-050/MG;Sul;Choque - Talude ou Barranco;;;1;;;;;;;;1;;;;
27/06/2021;11:17:33;91;ac03 - Acidente com vítima ilesa;267,5;BR-050/GO;Norte;Queda de Moto;;;;1;;;;;;;1;;;;
27/06/2021;11:19:17;92;ac02 - Acidente com vítima;6,48;BR-050/MG;Sul;Choque - Elemento de Drenagem;;;;;;;;;;1;0;1;;;
27/06/2021;13:11:08;105;ac02 - Acidente com vítima;62,7;BR-050/MG;Norte;Capotamento;1;;;;;;;;;;0;;1;;
27/06/2021;16:44:42;167;ac03 - Acidente com vítima ilesa;311,5;BR-050/GO;Norte;Colisão Transversal;1;;1;;;;;;;;4;;;;
27/06/2021;18:56:20;201;ac02 - Acidente com vítima;34,5;BR-050/MG;Sul;Queda de Moto;;;;1;;;;;;;1;1;;;
27/06/2021;21:16:11;239;ac02 - Acidente com vítima;179;BR-050/MG;Norte;Queda de Moto;;;;1;;;;;;;0;;1;;
27/06/2021;21:44:28;247;ac03 - Acidente com vítima ilesa;273,3;BR-050/GO;Sul;Queda de Moto;;;;1;;;;;;;0;;;;
28/06/2021;05:50:51;29;ac03 - Acidente com vítima ilesa;6,4;BR-050/MG;Norte;Choque - Elemento de Drenagem;1;;;;;;;;;;1;;;;
28/06/2021;07:18:03;62;ac03 - Acidente com vítima ilesa;51,4;BR-050/MG;Sul;Colisão Traseira;2;;;;;;;;;;5;;;;
29/06/2021;20:34:28;269;ac02 - Acidente com vítima;79,4;BR-050/MG;Norte;Colisão Traseira;2;;;;;;;;;;1;1;;;
30/06/2021;04:49:32;27;ac02 - Acidente com vítima;112,39;BR-050/GO;Norte;Colisão Traseira;;;2;;;;;;;;1;;1;;
01/07/2021;11:08:45;139;ac02 - Acidente com vítima;101,3;BR-050/GO;Sul;Capotamento;1;;;;;;;;;;0;3;;;
01/07/2021;12:30:41;159;ac02 - Acidente com vítima;179;BR-050/MG;Norte;Atropelamento - Pedestre;;;1;;;;;;;;1;;;1;
01/07/2021;16:24:19;237;ac03 - Acidente com vítima ilesa;281,3;BR-050/GO;Norte;Colisão Traseira;2;;;;;;;;;;2;;;;
01/07/2021;17:33:15;254;ac02 - Acidente com vítima;98,1;BR-050/GO;Norte;Colisão Traseira;;;2;;;;;;;;1;1;;;
01/07/2021;17:48:14;259;ac02 - Acidente com vítima;180,99;BR-050/MG;Norte;Queda de Moto;;;;1;;;;;;;0;;1;;
01/07/2021;19:18:33;295;ac03 - Acidente com vítima ilesa;202;BR-050/MG;Norte;Choque - Outros;;;;;;;;;;1;1;;;;
01/07/2021;20:28:23;312;ac03 - Acidente com vítima ilesa;135,8;BR-050/MG;Norte;Atropelamento de Animal;;;1;;;;;;;;1;;;;
02/07/2021;04:53:17;33;ac03 - Acidente com vítima ilesa;58,3;BR-050/MG;Norte;Choque - Outros;1;;;;;;;;;;2;;;;
02/07/2021;06:54:37;62;ac03 - Acidente com vítima ilesa;116,3;BR-050/MG;Sul;Atropelamento de Animal;1;;;;;;;;;;1;;;;
02/07/2021;11:02:28;161;ac03 - Acidente com vítima ilesa;13;BR-050/MG;Norte;Colisão Traseira;1;;1;;;;;;;;6;;;;
02/07/2021;12:49:19;191;ac02 - Acidente com vítima;106;BR-050/GO;Norte;Choque - Elemento de Drenagem;;;;;;;;;;1;0;;1;;
02/07/2021;13:24:06;200;ac03 - Acidente com vítima ilesa;96,1;BR-050/GO;Sul;Colisão Transversal;1;;;;;;;;;1;2;;;;
03/07/2021;02:21:29;24;ac02 - Acidente com vítima;297,8;BR-050/GO;Sul;Choque - Meio fio;;;;;;;;;;1;0;4;;;
03/07/2021;10:14:41;133;ac02 - Acidente com vítima;46,4;BR-050/MG;Sul;Queda de Moto;;;;1;;;;;;;0;;1;;
03/07/2021;14:02:50;197;ac03 - Acidente com vítima ilesa;280,6;BR-050/GO;Norte;Choque - Outros;;;;1;;1;;;;;1;;;;
03/07/2021;19:14:25;297;ac03 - Acidente com vítima ilesa;161,3;BR-050/MG;Sul;Capotamento;1;;;;;;;;;;2;;;;
04/07/2021;01:28:10;12;ac03 - Acidente com vítima ilesa;313;BR-050/GO;Norte;Atropelamento de Animal;1;;;;;;;;;;1;;;;
04/07/2021;06:46:28;34;ac02 - Acidente com vítima;29,83;BR-050/MG;Norte;Tombamento;;;1;;;;;;;;0;;2;;
04/07/2021;11:31:15;108;ac03 - Acidente com vítima ilesa;57,9;BR-050/MG;Sul;Queda de Moto;;;;1;;;;;;;2;;;;
04/07/2021;16:23:01;188;ac02 - Acidente com vítima;180,8;BR-050/GO;Norte;Choque - New jersey;;;1;;;;;;;;0;1;;;
04/07/2021;17:00:15;195;ac03 - Acidente com vítima ilesa;28;BR-050/MG;Sul;Choque - Elemento de Drenagem;1;;;;;;;;;;2;;;;
04/07/2021;17:31:44;203;ac03 - Acidente com vítima ilesa;179,05;BR-050/GO;Norte;Colisão Traseira;;;2;;;;;;;;2;;;;
04/07/2021;21:49:38;254;ac03 - Acidente com vítima ilesa;167,5;BR-050/MG;Norte;Atropelamento de Animal;;;;;;;;;;1;1;;;;
04/07/2021;22:02:17;256;ac03 - Acidente com vítima ilesa;304,5;BR-050/GO;Sul;Choque - Talude ou Barranco;;;1;;;;;;;;1;;;;
05/07/2021;07:31:46;63;ac02 - Acidente com vítima;174,25;BR-050/MG;Norte;Colisão Traseira;;;;1;;1;;;;;0;;1;;
06/07/2021;10:21:01;142;ac02 - Acidente com vítima;220,4;BR-050/GO;Sul;Capotamento;1;;;;;;;;;;0;1;;;
06/07/2021;12:04:14;169;ac03 - Acidente com vítima ilesa;174,2;BR-050/MG;Norte;Colisão Traseira;1;;;;;1;;;;;4;;;;
06/07/2021;19:10:23;282;ac02 - Acidente com vítima;179;BR-050/MG;Sul;Queda de Ciclista;;;;1;;;;;;;0;1;1;;
07/07/2021;05:23:38;28;ac03 - Acidente com vítima ilesa;308,5;BR-050/GO;Sul;Choque - Meio fio;;;;;;;;;;1;1;;;;
07/07/2021;12:15:46;204;ac02 - Acidente com vítima;262;BR-050/GO;Sul;Choque - Elemento de Drenagem;1;;;;;;;;;;0;1;;;
07/07/2021;14:34:01;238;ac02 - Acidente com vítima;115,35;BR-050/MG;Norte;Choque - Defensa metálica;1;;;;;;;;;;1;1;;;
07/07/2021;17:30:46;288;ac02 - Acidente com vítima;79,1;BR-050/MG;Sul;Tombamento;;;;;;1;;;;1;0;1;;;
07/07/2021;19:01:11;314;ac03 - Acidente com vítima ilesa;167;BR-050/GO;Sul;Atropelamento de Animal;1;;;;;;;;;;1;;;;
07/07/2021;20:20:00;339;ac03 - Acidente com vítima ilesa;57,5;BR-050/MG;Norte;Colisão lateral no mesmo sentido;1;;;;;1;;;;;1;;;;
07/07/2021;20:30:48;344;ac03 - Acidente com vítima ilesa;98,5;BR-050/GO;Sul;Choque - Talude ou Barranco;1;;;;;;;;;;1;;;;
08/07/2021;14:25:13;249;ac02 - Acidente com vítima;240,78;BR-050/GO;Norte;Choque - Arvore;;;;;;;;;;1;0;;1;;
09/07/2021;08:49:44;90;ac02 - Acidente com vítima;167,15;BR-050/MG;Sul;Choque - Elemento de Drenagem;1;;;;;;;;;;0;1;;;
09/07/2021;08:51:19;92;ac03 - Acidente com vítima ilesa;27,16;BR-050/MG;Norte;Colisão lateral no mesmo sentido;;;1;;;;;;;1;3;;;;
09/07/2021;13:01:03;181;ac03 - Acidente com vítima ilesa;190,5;BR-050/MG;Norte;Colisão Traseira;1;;;;;;;;;1;10;;;;
11/07/2021;17:04:35;229;ac01 - Acidente com vitima fatal;16,9;Contorno;Norte;Atropelamento - Pedestre;1;;;;;;;;;;1;;;;1
11/07/2021;18:10:41;250;ac03 - Acidente com vítima ilesa;275;BR-050/GO;Sul;Objeto lançado contra veículo;2;;;;;;;;;;4;;;;
11/07/2021;18:54:56;271;ac02 - Acidente com vítima;189,4;BR-050/MG;Norte;Colisão Traseira;1;;1;;;;;;;;0;2;;;
11/07/2021;19:18:05;276;ac02 - Acidente com vítima;179;BR-050/MG;Norte;Choque - Poste;1;;;;;;;;;;0;;;2;
12/07/2021;00:00:58;1;ac03 - Acidente com vítima ilesa;24,8;BR-050/MG;Norte;Choque - Elemento de Drenagem;1;;;;;;;;;;3;;;;
12/07/2021;06:28:41;32;ac02 - Acidente com vítima;60,18;BR-050/MG;Sul;Choque - Meio fio;;;;1;;;;;;;0;1;;;
12/07/2021;10:58:05;161;ac02 - Acidente com vítima;57;BR-050/MG;Sul;Colisão lateral no mesmo sentido;;;1;;;;;;;1;1;1;;;
12/07/2021;18:20:27;292;ac02 - Acidente com vítima;98,4;BR-050/GO;Sul;Colisão lateral no sentido contrário;;;;1;;;;;;1;1;1;;;
13/07/2021;00:51:34;5;ac02 - Acidente com vítima;53,3;BR-050/MG;Sul;Choque - Talude ou Barranco;;;1;;;;;;;;0;1;;;
13/07/2021;00:00:00;6;ac02 - Acidente com vítima;22,64;BR-050/MG;Norte;Tombamento;;;1;;;;;;;;0;1;;;
13/07/2021;03:41:30;21;ac01 - Acidente com vitima fatal;207;BR-050/MG;Norte;Colisão Traseira;;;2;;;;;;;;0;1;;;1
13/07/2021;08:19:28;82;ac03 - Acidente com vítima ilesa;180;BR-050/MG;Norte;Colisão lateral no mesmo sentido;2;;;;;;;;;;2;;;;
13/07/2021;08:59:41;97;ac02 - Acidente com vítima;189,7;BR-050/MG;Norte;Colisão Traseira;2;;;;;;;;;;5;1;;;
13/07/2021;15:16:13;213;ac02 - Acidente com vítima;15,3;Contorno;Norte;Colisão Traseira;1;1;;;;;;;;;3;1;;;
14/07/2021;00:53:28;7;ac03 - Acidente com vítima ilesa;140,4;BR-050/MG;Norte;Tombamento;;;;;;;;;;1;3;;;;
14/07/2021;11:57:15;161;ac03 - Acidente com vítima ilesa;77,3;BR-050/MG;Norte;Colisão Traseira;2;;;;;;;;;;2;;;;
14/07/2021;18:51:30;252;ac03 - Acidente com vítima ilesa;100,5;BR-050/GO;Norte;Colisão Transversal;;1;;1;;;;;;;1;;;;
14/07/2021;19:21:54;262;ac02 - Acidente com vítima;89,28;BR-050/MG;Norte;Colisão Traseira;1;;1;;;;;;;;1;;1;;
15/07/2021;01:53:06;12;ac03 - Acidente com vítima ilesa;97,2;BR-050/GO;Sul;Choque - Meio fio;1;;;;;;;;;;1;;;;
15/07/2021;09:00:37;93;ac02 - Acidente com vítima;190,1;BR-050/MG;Sul;Colisão Traseira;;;3;;;;;;;;2;1;;;
15/07/2021;22:29:13;325;ac03 - Acidente com vítima ilesa;176,08;BR-050/MG;Norte;Choque - Talude ou Barranco;1;;;;;;;;;;1;;;;
17/07/2021;08:45:09;79;ac03 - Acidente com vítima ilesa;180;BR-050/MG;Sul;Colisão Traseira;1;;;;;;;;;1;2;;;;
17/07/2021;08:51:56;85;ac02 - Acidente com vítima;3,4;Contorno;Norte;Queda de Ciclista;;1;;;;;;;;;0;;1;;
17/07/2021;15:50:23;258;ac02 - Acidente com vítima;180;BR-050/MG;Norte;Atropelamento - Pedestre;;1;;;;1;;;;;0;1;;;
17/07/2021;19:25:27;318;ac01 - Acidente com vitima fatal;80;BR-050/MG;Norte;Choque - Defensa metálica;1;;;;;;;;;;0;;;;1
17/07/2021;19:51:20;321;ac03 - Acidente com vítima ilesa;262,8;BR-050/GO;Norte;Colisão lateral no mesmo sentido;1;;;;;1;;;;;2;;;;
17/07/2021;23:40:53;362;ac03 - Acidente com vítima ilesa;49,7;BR-050/MG;Sul;Choque - Meio fio;;;1;;;;;;;;1;;;;
18/07/2021;05:48:57;39;ac03 - Acidente com vítima ilesa;178,7;BR-050/MG;Sul;Choque - Meio fio;;;;;;;;;;1;1;;;;
18/07/2021;13:41:31;154;ac03 - Acidente com vítima ilesa;287,7;BR-050/GO;Norte;Choque - Sinalização;1;;;;;;;;;;2;;;;
18/07/2021;14:53:55;172;ac03 - Acidente com vítima ilesa;80;BR-050/MG;Sul;Choque - Elemento de Drenagem;;;;;;;;;;1;2;;;;
20/07/2021;07:26:40;44;ac03 - Acidente com vítima ilesa;36,1;BR-050/MG;Sul;Queda de Moto;;;;1;;;;;;;1;;;;
20/07/2021;07:37:05;46;ac03 - Acidente com vítima ilesa;151,9;BR-050/MG;Sul;Choque - Sinalização;1;;;;;;;;;;5;;;;
20/07/2021;11:39:07;146;ac02 - Acidente com vítima;99,7;BR-050/MG;Sul;Choque - Outros;1;;;;;;;;;;0;5;;;
20/07/2021;23:15:48;331;ac02 - Acidente com vítima;95,9;BR-050/MG;Norte;Capotamento;1;;;;;;;;;;0;1;;;
21/07/2021;00:36:01;3;ac03 - Acidente com vítima ilesa;109,02;BR-050/MG;Norte;Atropelamento de Animal;;;1;;;;;;;;1;;;;
21/07/2021;06:08:12;28;ac03 - Acidente com vítima ilesa;193,5;BR-050/MG;Sul;Colisão lateral no mesmo sentido;1;;1;;;;;;;;3;;;;
21/07/2021;07:39:37;58;ac02 - Acidente com vítima;40,66;BR-050/MG;Norte;Choque - Meio fio;1;;;;;;;;;;0;2;;;
21/07/2021;09:11:55;103;ac03 - Acidente com vítima ilesa;179,5;BR-050/MG;Sul;Colisão Traseira;;;;;;1;;;;1;1;;;;
22/07/2021;20:25:42;308;ac02 - Acidente com vítima;117,45;BR-050/MG;Norte;Colisão Traseira;;;2;;;;;;;;1;;1;;
23/07/2021;03:43:08;19;ac02 - Acidente com vítima;105,47;BR-050/GO;Norte;Tombamento;;;1;;;;;;;;0;1;;;
23/07/2021;07:32:05;55;ac03 - Acidente com vítima ilesa;6;Contorno;Norte;Capotamento;1;;;;;;;;;;1;;;;
23/07/2021;16:08:57;258;ac03 - Acidente com vítima ilesa;39,99;BR-050/MG;Sul;Choque - New jersey;1;;;;;;;;;;1;;;;
24/07/2021;02:41:28;25;ac03 - Acidente com vítima ilesa;179;BR-050/MG;Norte;Queda de Moto;;;;1;;;;;;;0;;;;
24/07/2021;12:01:05;177;ac03 - Acidente com vítima ilesa;141,85;BR-050/MG;Sul;Colisão lateral no mesmo sentido;1;;1;;;;;;;;2;;;;
24/07/2021;18:55:58;277;ac03 - Acidente com vítima ilesa;100;BR-050/GO;Norte;Choque - Outros;1;;;;;;;;;;0;;;;
24/07/2021;21:02:18;306;ac03 - Acidente com vítima ilesa;21,1;Contorno;Norte;Colisão Traseira;2;;;;;;;;;;4;;;;
25/07/2021;01:08:47;10;ac03 - Acidente com vítima ilesa;36,54;BR-050/MG;Sul;Colisão lateral no mesmo sentido;;;;1;;;;;;1;1;;;;
25/07/2021;04:44:25;36;ac03 - Acidente com vítima ilesa;77,8;BR-050/MG;Norte;Choque - Defensa metálica;1;;;;;;;;;;2;;;;
25/07/2021;04:46:45;37;ac03 - Acidente com vítima ilesa;22;BR-050/MG;Norte;Choque - Elemento de Drenagem;1;;;;;;;;;;1;;;;
25/07/2021;16:41:50;192;ac02 - Acidente com vítima;47;BR-050/MG;Sul;Choque - New jersey;1;;;;;;;;;;0;3;;;
25/07/2021;17:01:54;199;ac02 - Acidente com vítima;0,3;BR-050/MG;Sul;Queda de Moto;;;;1;;;;;;;0;;1;;
25/07/2021;17:09:23;203;ac03 - Acidente com vítima ilesa;192;BR-050/MG;Norte;Choque - New jersey;1;;;;;;;;;;1;;;;
25/07/2021;18:45:53;230;ac03 - Acidente com vítima ilesa;173,7;BR-050/GO;Sul;Choque - Sinalização;1;;;;;;;;;;2;;;;
25/07/2021;19:47:17;250;ac03 - Acidente com vítima ilesa;3,8;BR-050/MG;Sul;Choque - Outros;;;;;1;;;;;;0;;;;
25/07/2021;20:31:35;260;ac03 - Acidente com vítima ilesa;267,5;BR-050/GO;Sul;Atropelamento de Animal;1;;;;;;;;;;2;;;;
26/07/2021;01:01:00;6;ac02 - Acidente com vítima;178,3;BR-050/MG;Norte;Queda de Moto;;;;1;;;;;;;0;1;;;
26/07/2021;10:13:32;96;ac03 - Acidente com vítima ilesa;53,3;BR-050/MG;Norte;Colisão Traseira;1;;;1;;;;;;;2;;;;
26/07/2021;19:07:07;255;ac02 - Acidente com vítima;120,9;BR-050/GO;Norte;Colisão Traseira;;;;1;;1;;;;;1;1;1;;
27/07/2021;13:02:51;182;ac02 - Acidente com vítima;280,5;BR-050/GO;Norte;Colisão Frontal;1;;;1;;;;;;;2;1;;;
28/07/2021;09:27:16;95;ac03 - Acidente com vítima ilesa;261;BR-050/GO;Norte;Choque - Sinalização;;;1;;;;;;;;1;;;;
28/07/2021;15:21:39;231;ac02 - Acidente com vítima;80,8;BR-050/MG;Sul;Choque - Meio fio;;;;1;;;;;;;0;1;;;
29/07/2021;02:28:10;14;ac03 - Acidente com vítima ilesa;124,6;BR-050/MG;Norte;Colisão lateral no mesmo sentido;;;2;;;;;;;;3;;;;
29/07/2021;16:02:29;215;ac03 - Acidente com vítima ilesa;82,6;BR-050/MG;Sul;Colisão Traseira;1;;;;;1;;;;;3;;;;
30/07/2021;01:26:30;14;ac02 - Acidente com vítima;178,35;BR-050/MG;Sul;Choque - Poste;1;;;;;;;;;;0;1;;;
30/07/2021;02:06:10;18;ac02 - Acidente com vítima;170;BR-050/MG;Sul;Colisão Traseira;;;;1;;1;;;;;0;;1;;
30/07/2021;03:26:13;29;ac03 - Acidente com vítima ilesa;51,272;BR-050/MG;Norte;Choque - Outros;;;;;1;;;;;;18;;;;
30/07/2021;07:25:21;64;ac03 - Acidente com vítima ilesa;6,7;BR-050/MG;Norte;Colisão Transversal;;;2;;;;;;;;2;;;;
30/07/2021;10:33:00;157;ac03 - Acidente com vítima ilesa;26,9;BR-050/MG;Norte;Choque - Sinalização;1;;;;;;;;;;1;;;;
30/07/2021;15:02:16;235;ac02 - Acidente com vítima;20;BR-050/MG;Sul;Colisão Traseira;;;2;;;;;;;;1;1;;;
31/07/2021;07:37:15;43;ac02 - Acidente com vítima;179,98;BR-050/MG;Sul;Colisão lateral no mesmo sentido;1;;;1;;;;;;;1;;1;;
31/07/2021;09:07:31;66;ac03 - Acidente com vítima ilesa;54,25;BR-050/MG;Norte;Tombamento;;;1;;;;;;;;1;;;;
31/07/2021;10:44:27;97;ac03 - Acidente com vítima ilesa;60,479;BR-050/MG;Sul;Tombamento;;;1;;;;;;;;1;;;;
31/07/2021;12:34:49;136;ac02 - Acidente com vítima;136,5;BR-050/MG;Sul;Choque - Talude ou Barranco;1;;;;;;;;;;0;1;;;
31/07/2021;16:55:54;201;ac02 - Acidente com vítima;24,93;BR-050/MG;Sul;Choque - Elemento de Drenagem;;;1;;;;;;;;1;1;2;;
01/08/2021;01:32:37;18;ac03 - Acidente com vítima ilesa;248,8;BR-050/GO;Norte;Choque - Meio fio;;;;;;;;;;1;1;;;;
01/08/2021;11:22:35;127;ac02 - Acidente com vítima;58,8;BR-050/MG;Norte;Colisão Traseira;1;;;1;;;;;;;3;1;;;
01/08/2021;15:07:35;193;ac02 - Acidente com vítima;105;BR-050/MG;Norte;Colisão Traseira;1;;;;;;;;;1;2;;1;;
01/08/2021;19:01:35;274;ac02 - Acidente com vítima;179;BR-050/MG;Norte;Colisão Traseira;;;2;;;;;;;;1;;;1;
02/08/2021;10:05:54;114;ac02 - Acidente com vítima;178,8;BR-050/MG;Sul;Queda de Moto;;;;1;;;;;;;0;;1;;
03/08/2021;04:17:11;16;ac02 - Acidente com vítima;255,3;BR-050/GO;Sul;Choque - New jersey;;;;;;;;;;1;0;;;1;
03/08/2021;08:57:01;66;ac02 - Acidente com vítima;20,26;BR-050/MG;Norte;Choque - Sinalização;;;;1;;;;;;;0;1;;;
03/08/2021;09:58:35;91;ac03 - Acidente com vítima ilesa;51,91;BR-050/MG;Sul;Colisão Traseira;;;1;;;;;;;1;3;;;;
04/08/2021;02:05:56;19;ac03 - Acidente com vítima ilesa;132,23;BR-050/MG;Norte;Choque - Elemento de Drenagem;;;1;;;;;;;;1;;;;
04/08/2021;03:21:26;24;ac03 - Acidente com vítima ilesa;141,6;BR-050/GO;Norte;Tombamento;;;1;;;;;;;1;2;;;;
04/08/2021;06:58:11;53;ac03 - Acidente com vítima ilesa;63;BR-050/MG;Norte;Choque - Defensa metálica;1;;;;;;;;;;1;;;;
04/08/2021;16:17:55;228;ac02 - Acidente com vítima;262,54;BR-050/GO;Norte;Choque - Elemento de Drenagem;1;;;;;;;;;;0;3;;;