data;horario;n_da_ocorrencia;tipo_de_ocorrencia;km;trecho;sentido;tipo_de_acidente;automovel;bicicleta;caminhao;moto;onibus;outros;tracao_animal;transporte_de_cargas_especiais;trator_maquinas;utilitarios;ilesos;levemente_feridos;moderadamente_feridos;gravemente_feridos;mortos
04/08/2021;18:29:11;264;ac03 - Acidente com vítima ilesa;281;BR-050/GO;Norte;Colisão lateral no sentido contrário;1;;1;;;;;;;;4;;;;
05/08/2021;10:27:37;110;ac03 - Acidente com vítima ilesa;125,4;BR-050/MG;Sul;Colisão lateral no mesmo sentido;;;1;;;;;;;1;2;;;;
05/08/2021;19:56:20;296;ac03 - Acidente com vítima ilesa;39,5;BR-050/MG;Sul;Choque - New jersey;1;;;;;;;;;;1;;;;
06/08/2021;02:26:25;14;ac03 - Acidente com vítima ilesa;106,1;BR-050/GO;Norte;Choque - Meio fio;;;;;;;;;;1;2;;;;
06/08/2021;11:06:04;141;ac02 - Acidente com vítima;154;BR-050/GO;Norte;Tombamento;;;1;;;;;;;;0;1;;;
06/08/2021;11:23:33;147;ac02 - Acidente com vítima;16,4;Contorno;Sul;Colisão Traseira;;;;1;;;;;;1;1;1;;;
06/08/2021;16:37:54;255;ac03 - Acidente com vítima ilesa;174,2;BR-050/MG;Sul;Colisão Traseira;;;;1;;1;;;;;1;;;;
06/08/2021;19:51:14;301;ac03 - Acidente com vítima ilesa;27,8;BR-050/MG;Sul;Colisão lateral no mesmo sentido;1;;1;;;;;;;;2;;;;
07/08/2021;01:44:00;23;ac02 - Acidente com vítima;80,6;BR-050/MG;Sul;Capotamento;1;;;;;;;;;;0;;;1;
07/08/2021;01:56:20;26;ac03 - Acidente com vítima ilesa;80,6;BR-050/MG;Sul;Choque - Veiculo parado na pista;;;;;;;;;;1;2;;;;
07/08/2021;13:05:12;150;ac03 - Acidente com vítima ilesa;59,3;BR-050/MG;Norte;Choque - Elemento de Drenagem;1;;;;;;;;;;1;;;;
07/08/2021;14:20:23;167;ac03 - Acidente com vítima ilesa;105;BR-050/MG;Sul;Choque - Sinalização;;;1;;;;;;;;1;;;;
07/08/2021;21:46:26;303;ac03 - Acidente com vítima ilesa;173,4;BR-050/MG;Sul;Choque - New jersey;1;;;;;;;;;;0;;;;
08/08/2021;09:49:17;75;ac03 - Acidente com vítima ilesa;18,95;Contorno;Sul;Choque - New jersey;1;;;;;;;;;;2;;;;
08/08/2021;12:38:12;110;ac03 - Acidente com vítima ilesa;44,64;BR-050/MG;Norte;Colisão lateral no mesmo sentido;2;;;;;;;;;;7;;;;
08/08/2021;14:49:00;140;ac03 - Acidente com vítima ilesa;178,9;BR-050/MG;Norte;Choque - Meio fio;;;1;;;;;;;;1;;;;
08/08/2021;14:52:14;143;ac03 - Acidente com vítima ilesa;123,93;BR-050/GO;Sul;Choque - Elemento de Drenagem;;;;1;;;;;;;1;;;;
08/08/2021;16:25:01;173;ac03 - Acidente com vítima ilesa;23,6;BR-050/MG;Norte;Choque - Elemento de Drenagem;;;;;;;;;;1;2;;;;
08/08/2021;16:55:06;187;ac02 - Acidente com vítima;176,7;BR-050/MG;Norte;Capotamento;1;;;;;;;;;;3;2;;;
08/08/2021;17:56:26;203;ac03 - Acidente com vítima ilesa;176,8;BR-050/MG;Sul;Colisão Traseira;1;;;1;;;;;;;4;;;;
08/08/2021;19:22:23;233;ac01 - Acidente com vitima fatal;181,4;BR-050/MG;Norte;Atropelamento - Pedestre;1;;;;;;;;;;4;;;;1
09/08/2021;12:29:43;185;ac03 - Acidente com vítima ilesa;282,8;BR-050/GO;Sul;Colisão Transversal;1;;1;;;;;;;;2;;;;
10/08/2021;07:24:00;69;ac02 - Acidente com vítima;35;BR-050/MG;Norte;Colisão Traseira;;1;;;;1;;;;;0;1;;;
10/08/2021;23:09:36;378;ac01 - Acidente com vitima fatal;82,48;BR-050/MG;Norte;Atropelamento - Andarilho;;;;;;;;;;;0;;;;1
11/08/2021;02:09:03;20;ac02 - Acidente com vítima;81,56;BR-050/MG;Norte;Colisão Traseira;1;;1;;;;;;;;2;;1;;
11/08/2021;08:59:53;85;ac03 - Acidente com vítima ilesa;63,1;BR-050/MG;Norte;Queda de Moto;;;;1;;;;;;;1;;;;
11/08/2021;10:22:16;115;ac03 - Acidente com vítima ilesa;25,1;BR-050/MG;Norte;Choque - Talude ou Barranco;;;;;;;;;;1;1;;;;
11/08/2021;12:24:38;171;ac03 - Acidente com vítima ilesa;26,2;BR-050/MG;Norte;Choque - Sinalização;1;;;;;;;;;;1;;;;
11/08/2021;15:25:56;224;ac03 - Acidente com vítima ilesa;179,9;BR-050/GO;Norte;Choque - New jersey;;;1;;;;;;;;1;;;;
11/08/2021;17:30:55;263;ac02 - Acidente com vítima;174,2;BR-050/MG;Sul;Choque - New jersey;1;;;;;;;;;;1;1;;;
11/08/2021;19:35:57;305;ac02 - Acidente com vítima;179,2;BR-050/MG;Norte;Colisão lateral no mesmo sentido;1;;;1;;;;;;;2;1;;;
12/08/2021;14:04:23;228;ac02 - Acidente com vítima;275,3;BR-050/GO;Sul;Choque - Sinalização;;;;1;;;;;;;0;1;;;
13/08/2021;00:44:03;11;ac02 - Acidente com vítima;140,5;BR-050/MG;Norte;Choque - Arvore;;;1;;;;;;;;0;;1;;
13/08/2021;02:16:37;24;ac02 - Acidente com vítima;189,2;BR-050/MG;Norte;Colisão Traseira;;;2;;;;;;;;1;;3;;
13/08/2021;04:57:34;37;ac02 - Acidente com vítima;278,94;BR-050/GO;Norte;Colisão Traseira;;;;;;1;;;;1;0;1;;;
13/08/2021;06:22:59;40;ac03 - Acidente com vítima ilesa;0,1;Contorno;Norte;Choque - Outros;1;;;;;;;;;;1;;;;
13/08/2021;06:48:12;43;ac02 - Acidente com vítima;22,58;BR-050/MG;Norte;Choque - Elemento de Drenagem;;;1;;;;;;;;0;1;;;
13/08/2021;10:35:34;143;ac03 - Acidente com vítima ilesa;16,9;Contorno;Sul;Choque - New jersey;;;1;;;;;;;;1;;;;
13/08/2021;14:11:45;210;ac02 - Acidente com vítima;254,7;BR-050/GO;Sul;Capotamento;1;;;;;;;;;;0;4;1;;
13/08/2021;15:57:38;243;ac02 - Acidente com vítima;81;BR-050/MG;Sul;Queda de Moto;;;;1;;;;;;;0;1;;;
13/08/2021;17:18:54;268;ac02 - Acidente com vítima;176,5;BR-050/MG;Sul;Queda de Moto;;;;1;;;;;;;0;1;;;
13/08/2021;19:10:48;296;ac03 - Acidente com vítima ilesa;89,5;BR-050/MG;Norte;Choque - Meio fio;;;;1;;;;;;;1;;;;
14/08/2021;09:39:44;100;ac02 - Acidente com vítima;114,6;BR-050/MG;Norte;Tombamento;;;1;;;;;;;;0;1;1;;
14/08/2021;10:01:47;111;ac03 - Acidente com vítima ilesa;122,08;BR-050/GO;Norte;Capotamento;1;;;;;;;;;;1;;;;
14/08/2021;22:09:34;333;ac03 - Acidente com vítima ilesa;33;BR-050/MG;Norte;Colisão Traseira;1;;;;;;;;;;2;;;;
15/08/2021;03:59:21;34;ac03 - Acidente com vítima ilesa;36;BR-050/MG;Sul;Choque - New jersey;1;;;;;;;;;;1;;;;
15/08/2021;06:05:00;44;ac03 - Acidente com vítima ilesa;313;BR-050/GO;Sul;Colisão Traseira;2;;;;;;;;;;6;;;;
15/08/2021;18:02:29;227;ac03 - Acidente com vítima ilesa;112;BR-050/GO;Sul;Choque - Elemento de Drenagem;;;;;;;;;;1;1;;;;
15/08/2021;18:30:42;235;ac03 - Acidente com vítima ilesa;36;BR-050/MG;Sul;Choque - Defensa metálica;1;;;;;;;;;;3;;;;
15/08/2021;21:09:22;272;ac03 - Acidente com vítima ilesa;140;BR-050/MG;Sul;Choque - Elemento de Drenagem;1;;;;;;;;;;1;;;;
17/08/2021;06:09:41;25;ac02 - Acidente com vítima;145,5;BR-050/MG;Norte;Capotamento;;;;;;;;;;1;0;1;;;
17/08/2021;12:42:14;187;ac03 - Acidente com vítima ilesa;287;BR-050/GO;Sul;Queda de Moto;;;;1;;;;;;;1;;;;
18/08/2021;07:34:58;51;ac03 - Acidente com vítima ilesa;282;BR-050/GO;Sul;Choque - Veiculo parado no acostamento;;;2;;;;;;;;2;;;;
18/08/2021;09:05:04;87;ac03 - Acidente com vítima ilesa;96,05;BR-050/GO;Sul;Colisão Traseira;;;;;;1;;;;1;1;;;;
19/08/2021;01:40:41;11;ac03 - Acidente com vítima ilesa;175;BR-050/MG;Norte;Choque - Elemento de Drenagem;1;;;;;;;;;;1;;;;
19/08/2021;03:46:21;21;ac03 - Acidente com vítima ilesa;184,8;BR-050/MG;Norte;Colisão Traseira;1;;1;;;;;;;;2;;;;
19/08/2021;09:58:01;112;ac03 - Acidente com vítima ilesa;96,45;BR-050/MG;Norte;Colisão Traseira;1;;1;;;;;;;;3;;;;
19/08/2021;14:05:49;198;ac03 - Acidente com vítima ilesa;142,7;BR-050/MG;Sul;Colisão lateral no mesmo sentido;1;;1;;;;;;;;2;;;;
19/08/2021;15:20:45;226;ac03 - Acidente com vítima ilesa;283;BR-050/GO;Sul;Colisão lateral no mesmo sentido;;;1;;;1;;;;;1;;;;
19/08/2021;20:02:24;332;ac02 - Acidente com vítima;171,8;BR-050/MG;Norte;Colisão lateral no mesmo sentido;1;;;1;;;;;;;3;1;;;
19/08/2021;20:22:03;336;ac03 - Acidente com vítima ilesa;44,3;BR-050/MG;Sul;Choque - Talude ou Barranco;;;;;;;;;;1;2;;;;
20/08/2021;03:06:50;24;ac02 - Acidente com vítima;52,9;BR-050/MG;Norte;Choque - Defensa metálica;1;;;;;;;;;;0;3;;;
20/08/2021;08:02:19;89;ac03 - Acidente com vítima ilesa;51,475;BR-050/MG;Norte;Colisão lateral no mesmo sentido;;;;;;1;;;;1;1;;;;
21/08/2021;02:27:24;17;ac03 - Acidente com vítima ilesa;179;BR-050/MG;Norte;Capotamento;1;;;;;;;;;;5;;;;
21/08/2021;06:09:59;30;ac02 - Acidente com vítima;141,6;BR-050/GO;Sul;Capotamento;1;;;;;;;;;;0;1;1;;
21/08/2021;12:17:42;150;ac03 - Acidente com vítima ilesa;310,7;BR-050/GO;Sul;Colisão Traseira;;;2;;;;;;;;2;;;;
21/08/2021;22:09:09;319;ac03 - Acidente com vítima ilesa;127,7;BR-050/MG;Norte;Colisão lateral no mesmo sentido;1;;;;;1;;;;;1;;;;
22/08/2021;04:34:48;26;ac03 - Acidente com vítima ilesa;142;BR-050/MG;Norte;Colisão Traseira;;;1;;;1;;;;;1;;;;
22/08/2021;06:22:39;36;ac02 - Acidente com vítima;21;Contorno;Norte;Colisão Traseira;1;;;1;;;;;;;1;1;;;
22/08/2021;07:52:45;56;ac03 - Acidente com vítima ilesa;121,9;BR-050/GO;Norte;Choque - Talude ou Barranco;1;;;;;;;;;;3;;;;
22/08/2021;09:47:54;89;ac03 - Acidente com vítima ilesa;198,17;BR-050/MG;Norte;Colisão Traseira;2;;;;;;;;;;3;;;;
22/08/2021;17:30:17;221;ac03 - Acidente com vítima ilesa;27,7;BR-050/MG;Sul;Choque - Sinalização;1;;;;;;;;;;1;;;;
22/08/2021;18:58:32;247;ac01 - Acidente com vitima fatal;274,11;BR-050/GO;Sul;Atropelamento - Sem Informação;;;;;;1;;;;;0;;;;1
22/08/2021;19:14:25;255;ac03 - Acidente com vítima ilesa;36;BR-050/MG;Sul;Choque - Meio fio;1;;;;;;;;;;3;;;;
23/08/2021;16:43:10;255;ac02 - Acidente com vítima;306,1;BR-050/GO;Sul;Capotamento;;;1;;;;;;;;0;1;;;
24/08/2021;13:07:52;197;ac02 - Acidente com vítima;299;BR-050/GO;Norte;Choque - Elemento de Drenagem;1;;;;;;;;;;1;1;;;
24/08/2021;15:29:06;241;ac03 - Acidente com vítima ilesa;278,1;BR-050/GO;Norte;Colisão Traseira;;;1;;;1;;;;;1;;;;
24/08/2021;20:48:14;365;ac03 - Acidente com vítima ilesa;96,3;BR-050/GO;Norte;Atropelamento - Andarilho;1;;;;;;;;;;2;;;;
25/08/2021;08:56:52;108;ac03 - Acidente com vítima ilesa;53,8;BR-050/MG;Sul;Colisão Traseira;;;1;;;;;;;1;3;;;;
25/08/2021;14:05:54;229;ac02 - Acidente com vítima;18,6;BR-050/MG;Norte;Choque - Elemento de Drenagem;;;1;;;;;;;;0;1;;;
25/08/2021;20:04:55;361;ac02 - Acidente com vítima;125,21;BR-050/GO;Sul;Colisão Traseira;;;;1;;;;;;1;1;;1;;
26/08/2021;03:10:43;18;ac03 - Acidente com vítima ilesa;105,4;BR-050/MG;Norte;Tombamento;;;1;;;;;;;;1;;;;
26/08/2021;16:04:30;257;ac02 - Acidente com vítima;6;Contorno;Norte;Colisão Traseira;;;2;;;;;;;;0;2;;;
26/08/2021;18:28:52;304;ac03 - Acidente com vítima ilesa;11,8;BR-050/MG;Sul;Colisão Traseira;1;;1;;;;;;;;2;;;;
26/08/2021;21:18:54;358;ac02 - Acidente com vítima;172;BR-050/MG;Sul;Choque - New jersey;;;;1;;;;;;;0;;;1;
27/08/2021;12:57:13;192;ac02 - Acidente com vítima;151,07;BR-050/MG;Sul;Choque - Sinalização;1;;;;;;;;;;0;;1;;
27/08/2021;14:25:56;217;ac03 - Acidente com vítima ilesa;112,7;BR-050/GO;Norte;Colisão Traseira;;;1;;;;;;;1;3;;;;
27/08/2021;15:14:59;229;ac03 - Acidente com vítima ilesa;305;BR-050/GO;Sul;Choque - Elemento de Drenagem;;;1;;;;;;;;1;;;;
27/08/2021;19:00:00;313;ac01 - Acidente com vitima fatal;20;Contorno;Norte;Colisão Transversal;2;;1;;;;;;;;5;;;;4
28/08/2021;02:08:12;17;ac02 - Acidente com vítima;94,42;BR-050/MG;Norte;Choque - Elemento de Drenagem;;;1;;;;;;;;1;1;;;
28/08/2021;16:06:34;251;ac03 - Acidente com vítima ilesa;221,8;BR-050/GO;Norte;Choque - Defensa metálica;;;1;;;;;;;;3;;;;
28/08/2021;20:58:17;334;ac02 - Acidente com vítima;181;BR-050/MG;Sul;Queda de Ciclista;;1;;;;;;;;;0;1;;;
28/08/2021;21:46:10;341;ac01 - Acidente com vitima fatal;100,8;BR-050/MG;Norte;Choque - Elemento de Drenagem;1;;;;;;;;;;0;;;;1
28/08/2021;22:16:25;348;ac03 - Acidente com vítima ilesa;58,1;BR-050/MG;Norte;Atropelamento de Animal;1;;;;;;;;;;4;;;;
28/08/2021;23:23:40;356;ac02 - Acidente com vítima;99;BR-050/GO;Norte;Colisão lateral no mesmo sentido;;;;1;;1;;;;;1;1;;;
29/08/2021;03:57:24;23;ac03 - Acidente com vítima ilesa;244;BR-050/GO;Norte;Choque - Elemento de Drenagem;1;;;;;;;;;;2;;;;
29/08/2021;05:01:50;27;ac02 - Acidente com vítima;310,8;BR-050/GO;Sul;Queda de Ciclista;;1;;;;;;;;;0;1;;;
29/08/2021;17:23:22;214;ac03 - Acidente com vítima ilesa;97,05;BR-050/GO;Sul;Colisão Traseira;;;;;;1;;;;1;5;;;;
30/08/2021;04:37:18;18;ac03 - Acidente com vítima ilesa;77,7;BR-050/MG;Norte;Choque - New jersey;1;;;;;;;;;;1;;;;
30/08/2021;06:18:04;28;ac03 - Acidente com vítima ilesa;77,3;BR-050/MG;Norte;Choque - Defensa metálica;1;;;;;;;;;;1;;;;
30/08/2021;06:54:09;34;ac03 - Acidente com vítima ilesa;55,8;BR-050/MG;Sul;Choque - Elemento de Drenagem;1;;;;;;;;;;1;;;;
30/08/2021;09:35:28;90;ac03 - Acidente com vítima ilesa;89;BR-050/MG;Norte;Colisão lateral no mesmo sentido;2;;;;;;;;;;4;;;;
30/08/2021;10:52:05;124;ac03 - Acidente com vítima ilesa;179;BR-050/MG;Sul;Colisão lateral no mesmo sentido;1;;1;;;;;;;;3;;;;
30/08/2021;14:08:25;184;ac02 - Acidente com vítima;158;BR-050/MG;Sul;Choque - Elemento de Drenagem;;;;;;;;;;1;0;2;;;
31/08/2021;05:27:46;23;ac03 - Acidente com vítima ilesa;81;BR-050/MG;Norte;Choque - Defensa metálica;;;;;;;;;;1;1;;;;
31/08/2021;12:31:11;147;ac02 - Acidente com vítima;248;BR-050/GO;Norte;Queda de Moto;;;;1;;;;;;;0;1;;;
31/08/2021;22:41:15;297;ac03 - Acidente com vítima ilesa;27,5;BR-050/MG;Sul;Choque - Defensa metálica;;;1;;;;;;;;1;;;;
01/09/2021;02:54:39;11;ac03 - Acidente com vítima ilesa;206,2;BR-050/MG;Norte;Colisão Traseira;;;2;;;;;;;;2;;;;
01/09/2021;12:48:43;193;ac03 - Acidente com vítima ilesa;278;BR-050/GO;Sul;Colisão Transversal;1;;;;;;;;;1;2;;;;
01/09/2021;12:50:28;194;ac03 - Acidente com vítima ilesa;310;BR-050/GO;Sul;Colisão Traseira;;;1;;;1;;;;;2;;;;
01/09/2021;15:30:42;227;ac03 - Acidente com vítima ilesa;105;BR-050/MG;Norte;Colisão Traseira;1;;1;;;;;;;;3;;;;
02/09/2021;02:29:35;15;ac03 - Acidente com vítima ilesa;54,3;BR-050/MG;Norte;Tombamento;;;1;;;;;;;;2;;;;
02/09/2021;04:28:18;28;ac03 - Acidente com vítima ilesa;52,9;BR-050/MG;Sul;Atropelamento de Animal;;;;;;;;;;1;4;;;;
02/09/2021;09:39:39;113;ac03 - Acidente com vítima ilesa;149,1;BR-050/GO;Norte;Choque - Arvore;;;1;;;;;;;;1;;;;
02/09/2021;23:02:48;324;ac02 - Acidente com vítima;97,97;BR-050/MG;Norte;Capotamento;;;;;;;;;;1;0;;1;;
03/09/2021;10:38:56;151;ac03 - Acidente com vítima ilesa;51,91;BR-050/MG;Norte;Colisão Traseira;;;;;;;;;;1;1;;;;
03/09/2021;15:08:04;233;ac02 - Acidente com vítima;24,4;BR-050/MG;Sul;Capotamento;1;;;;;;;;;;0;1;;;
03/09/2021;15:41:07;247;ac02 - Acidente com vítima;178,3;BR-050/MG;Norte;Engavetamento;1;;;1;1;1;;;;;3;;1;;
03/09/2021;16:25:13;259;ac03 - Acidente com vítima ilesa;79;BR-050/MG;Sul;Atropelamento de Animal;1;;;;;;;;;;5;;;;
03/09/2021;18:06:05;295;ac02 - Acidente com vítima;109;BR-050/MG;Sul;Choque - Elemento de Drenagem;1;;1;;;;;;;;1;1;;;
04/09/2021;02:26:18;18;ac03 - Acidente com vítima ilesa;148,5;BR-050/MG;Sul;Capotamento;1;;;;;;;;;;1;;;;
04/09/2021;07:28:52;62;ac02 - Acidente com vítima;179;BR-050/MG;Norte;Colisão lateral no mesmo sentido;1;;;1;;;;;;;1;1;;;
04/09/2021;11:48:33;155;ac03 - Acidente com vítima ilesa;105;BR-050/MG;Norte;Colisão Traseira;2;;;;;;;;;;5;;;;
04/09/2021;15:56:16;235;ac03 - Acidente com vítima ilesa;184;BR-050/MG;Sul;Choque - New jersey;1;;;;;;;;;;2;;;;
04/09/2021;15:56:51;236;ac02 - Acidente com vítima;133,2;BR-050/GO;Sul;Capotamento;1;;1;;;;;;;;2;1;;;
04/09/2021;18:31:09;277;ac03 - Acidente com vítima ilesa;203,74;BR-050/GO;Sul;Colisão Traseira;1;;;;;;;;;1;2;;;;
04/09/2021;21:14:42;325;ac03 - Acidente com vítima ilesa;254,8;BR-050/GO;Sul;Choque - Elemento de Drenagem;;;1;;;;;;;;1;;;;
05/09/2021;17:51:48;238;ac03 - Acidente com vítima ilesa;150;BR-050/MG;Norte;Choque - Defensa metálica;;;;;1;;;;;;3;;;;
05/09/2021;18:25:48;246;ac02 - Acidente com vítima;119;BR-050/GO;Sul;Choque - Elemento de Drenagem;1;;;;;;;;;;0;5;;;
06/09/2021;02:06:41;11;ac02 - Acidente com vítima;79;BR-050/MG;Sul;Choque - Veiculo parado na pista;;;1;1;;;;;;;1;;;1;
06/09/2021;13:29:13;162;ac02 - Acidente com vítima;178,17;BR-050/MG;Sul;Choque - Defensa metálica;1;;;;;;;;;;0;;1;;
06/09/2021;14:03:50;168;ac02 - Acidente com vítima;111,8;BR-050/GO;Norte;Tombamento;;;;;;;;;;1;1;1;;;
06/09/2021;16:52:44;227;ac03 - Acidente com vítima ilesa;21,6;Contorno;Sul;Tombamento;;;1;;;;;;;;1;;;;
07/09/2021;15:06:06;170;ac02 - Acidente com vítima;47,36;BR-050/MG;Norte;Choque - New jersey;1;;;;;;;;;;0;2;2;;
07/09/2021;17:15:22;205;ac03 - Acidente com vítima ilesa;53,5;BR-050/MG;Sul;Choque - Defensa metálica;;;1;;;;;;;;1;;;;
07/09/2021;18:06:51;220;ac02 - Acidente com vítima;98,5;BR-050/MG;Norte;Queda de Moto;;;;1;;;;;;;0;;;2;
07/09/2021;18:06:51;221;ac02 - Acidente com vítima;280;BR-050/GO;Sul;Colisão Transversal;1;;;1;;;;;;;2;;2;;
08/09/2021;03:47:41;16;ac02 - Acidente com vítima;34;BR-050/MG;Norte;Choque - Meio fio;1;;;;;;;;;;1;;1;;
08/09/2021;06:55:26;47;ac02 - Acidente com vítima;284,9;BR-050/GO;Sul;Queda de Moto;;;;1;;;;;;;1;1;;;
08/09/2021;07:19:15;57;ac02 - Acidente com vítima;179,95;BR-050/MG;Sul;Queda de Moto;;;;1;;;;;;;0;2;;;
08/09/2021;19:46:34;303;ac02 - Acidente com vítima;296,03;BR-050/GO;Sul;Colisão Traseira;;;;;;;;;;2;0;4;;;
08/09/2021;20:10:32;314;ac03 - Acidente com vítima ilesa;82,5;BR-050/MG;Norte;Choque - Meio fio;;;1;;;;;;;;1;;;;
08/09/2021;21:33:54;336;ac02 - Acidente com vítima;20;Contorno;Norte;Colisão Traseira;1;;;1;;1;;;;;1;1;;;
09/09/2021;03:30:29;26;ac03 - Acidente com vítima ilesa;261;BR-050/GO;Norte;Choque - Elemento de Drenagem;1;;1;;;;;;;;1;;;;
09/09/2021;14:19:17;157;ac02 - Acidente com vítima;82;BR-050/MG;Sul;Colisão Traseira;;;2;;;;;;;;2;1;;;
10/09/2021;03:22:57;19;ac03 - Acidente com vítima ilesa;178,3;BR-050/GO;Norte;Tombamento;;;1;;;;;;;;1;;;;
10/09/2021;04:23:08;20;ac03 - Acidente com vítima ilesa;232,4;BR-050/GO;Sul;Choque - Defensa metálica;;;;;;;;;;1;1;;;;
10/09/2021;07:18:33;44;ac02 - Acidente com vítima;179,9;BR-050/MG;Sul;Tombamento;;;1;;;;;;;;0;1;;;
10/09/2021;07:23:37;49;ac03 - Acidente com vítima ilesa;77,3;BR-050/MG;Norte;Colisão Traseira;1;;;;;1;;;;;1;;;;
10/09/2021;10:17:58;111;ac02 - Acidente com vítima;166,2;BR-050/GO;Sul;Choque - Meio fio;;;;;;;;;;1;3;1;;;
10/09/2021;12:32:59;148;ac02 - Acidente com vítima;9,8;Contorno;Sul;Choque - Sinalização;1;;;;;;;;;;0;1;;;
10/09/2021;18:20:18;255;ac02 - Acidente com vítima;280,5;BR-050/GO;Norte;Queda de Moto;;;;1;;;;;;;0;1;;;
11/09/2021;13:47:22;161;ac03 - Acidente com vítima ilesa;280;BR-050/GO;Norte;Colisão Transversal;;;;;;;;;;2;3;;;;
11/09/2021;15:14:48;193;ac02 - Acidente com vítima;278,5;BR-050/GO;Norte;Colisão Transversal;1;;1;;;;;;;;2;;1;;
12/09/2021;06:00:39;25;ac01 - Acidente com vitima fatal;298,44;BR-050/GO;Sul;Choque - Defensa metálica;;;1;;;;;;;;0;;;;1
12/09/2021;09:25:15;68;ac02 - Acidente com vítima;91,7;BR-050/MG;Norte;Choque - Arvore;1;;;;;;;;;;0;2;;;
13/09/2021;06:39:49;49;ac03 - Acidente com vítima ilesa;164,45;BR-050/GO;Sul;Capotamento;1;;;;;;;;;;1;;;;
13/09/2021;21:21:43;312;ac02 - Acidente com vítima;203,8;BR-050/MG;Norte;Colisão Traseira;;;2;;;;;;;;1;;1;;
14/09/2021;08:07:55;74;ac03 - Acidente com vítima ilesa;77,3;BR-050/MG;Norte;Colisão Traseira;1;;;;;;;;;1;4;;;;
14/09/2021;09:12:10;95;ac03 - Acidente com vítima ilesa;180;BR-050/MG;Norte;Choque - Elemento de Drenagem;1;;;;;;;;;;3;;;;
14/09/2021;18:15:16;255;ac03 - Acidente com vítima ilesa;185;BR-050/MG;Sul;Colisão Traseira;2;;;;;;;;;;2;;;;
14/09/2021;19:11:52;269;ac03 - Acidente com vítima ilesa;51,272;BR-050/MG;Norte;Colisão Traseira;;;1;1;;;;;;;2;;;;
15/09/2021;05:08:24;37;ac03 - Acidente com vítima ilesa;27,24;BR-050/MG;Norte;Tombamento;;;1;;;;;;;;1;;;;
15/09/2021;05:17:27;39;ac03 - Acidente com vítima ilesa;243,9;BR-050/GO;Norte;Choque - Elemento de Drenagem;;;;;;;;;;1;2;;;;
15/09/2021;08:00:03;75;ac02 - Acidente com vítima;279;BR-050/GO;Sul;Colisão Transversal;1;;;1;;;;;;;1;;1;;
15/09/2021;18:32:12;339;ac03 - Acidente com vítima ilesa;28,75;BR-050/MG;Sul;Choque - Defensa metálica;;;1;;;;;;;;1;;;;
16/09/2021;07:03:44;65;ac02 - Acidente com vítima;279;BR-050/GO;Norte;Colisão Traseira;1;;;1;;;;;;;1;1;;;
17/09/2021;09:48:39;162;ac02 - Acidente com vítima;84;BR-050/MG;Norte;Atropelamento - Funcionário;;;;;;;;;1;;1;1;;;
17/09/2021;10:41:10;175;ac03 - Acidente com vítima ilesa;31;BR-050/MG;Sul;Choque - Elemento de Drenagem;;;1;;;;;;;;1;;;;
17/09/2021;17:28:39;309;ac03 - Acidente com vítima ilesa;28,1;BR-050/MG;Sul;Colisão Traseira;;;1;;;;;;;1;2;;;;
17/09/2021;19:46:22;344;ac03 - Acidente com vítima ilesa;144,5;BR-050/GO;Norte;Choque - Outros;1;;;;;;;;;;1;;;;
18/09/2021;01:29:07;10;ac03 - Acidente com vítima ilesa;176,9;BR-050/MG;Sul;Tombamento;;;;;;;;;;1;1;;;;
18/09/2021;03:47:23;30;ac03 - Acidente com vítima ilesa;179,8;BR-050/GO;Norte;Choque - Sinalização;;;1;;;;;;;;1;;;;
18/09/2021;08:08:21;76;ac03 - Acidente com vítima ilesa;274,8;BR-050/GO;Sul;Choque - Talude ou Barranco;;;1;;;;;;;;1;;;;
18/09/2021;13:56:52;220;ac02 - Acidente com vítima;170,99;BR-050/MG;Sul;Queda de Moto;;;;1;;;;;;;0;;1;;
18/09/2021;17:13:24;284;ac03 - Acidente com vítima ilesa;307,4;BR-050/GO;Norte;Colisão lateral no mesmo sentido;;;;;;1;;;;1;2;;;;
18/09/2021;21:12:06;351;ac02 - Acidente com vítima;29,8;BR-050/MG;Norte;Choque - Defensa metálica;;;;1;;;;;;;0;;1;;