data;horario;n_da_ocorrencia;tipo_de_ocorrencia;km;trecho;sentido;tipo_de_acidente;automovel;bicicleta;caminhao;moto;onibus;outros;tracao_animal;transporte_de_cargas_especiais;trator_maquinas;utilitarios;ilesos;levemente_feridos;moderadamente_feridos;gravemente_feridos;mortos
18/09/2021;21:37:06;356;ac02 - Acidente com vítima;174,9;BR-050/MG;Norte;Colisão Traseira;;;1;1;;;;;;;1;;;1;
19/09/2021;01:59:55;19;ac02 - Acidente com vítima;130,07;BR-050/GO;Sul;Capotamento;;;1;;;;;;;;0;1;;;
19/09/2021;04:27:32;28;ac03 - Acidente com vítima ilesa;101,32;BR-050/GO;Sul;Capotamento;1;;;;;;;;;;5;;;;
19/09/2021;14:00:56;180;ac03 - Acidente com vítima ilesa;305;BR-050/GO;Sul;Choque - Defensa metálica;;;1;;;;;;;;1;;;;
19/09/2021;16:12:15;233;ac03 - Acidente com vítima ilesa;21,8;BR-050/MG;Sul;Choque - Elemento de Drenagem;1;;;;;1;;;;;3;;;;
19/09/2021;18:02:04;271;ac02 - Acidente com vítima;98,8;BR-050/GO;Sul;Colisão Frontal;1;;;1;;;;;;;1;;1;;
19/09/2021;19:40:28;292;ac02 - Acidente com vítima;175;BR-050/MG;Sul;Tombamento;1;;;;;;;;;;0;2;;;
19/09/2021;21:32:45;322;ac02 - Acidente com vítima;77,8;BR-050/MG;Sul;Queda de Moto;;;;1;;;;;;;0;;1;;
19/09/2021;23:52:42;350;ac01 - Acidente com vitima fatal;126,9;BR-050/MG;Sul;Capotamento;;;1;;;;;;;;0;;;1;1
20/09/2021;00:37:43;5;ac03 - Acidente com vítima ilesa;179;BR-050/GO;Sul;Choque - Sinalização;;;;;;;;;;1;1;;;;
20/09/2021;00:42:20;7;ac02 - Acidente com vítima;269,9;BR-050/GO;Norte;Colisão Traseira;;;1;;;;;;;;0;;1;;
20/09/2021;02:44:58;24;ac03 - Acidente com vítima ilesa;85;BR-050/MG;Sul;Atropelamento de Animal;;;1;;;;;;;;1;;;;
20/09/2021;11:36:43;180;ac03 - Acidente com vítima ilesa;120;BR-050/GO;Sul;Tombamento;;;1;;;;;;;1;3;;;;
21/09/2021;01:18:31;10;ac02 - Acidente com vítima;20,3;BR-050/MG;Sul;Choque - Meio fio;;;;;1;;;;;;24;1;2;;
21/09/2021;02:33:24;17;ac02 - Acidente com vítima;58,7;BR-050/MG;Norte;Colisão Traseira;1;;1;;;;;;;;1;4;;;
22/09/2021;02:22:50;25;ac03 - Acidente com vítima ilesa;255,16;BR-050/GO;Sul;Capotamento;;;;;;;;;;1;1;;;;
22/09/2021;03:44:53;40;ac03 - Acidente com vítima ilesa;62,8;BR-050/MG;Norte;Choque - Elemento de Drenagem;1;;;;;;;;;;1;;;;
22/09/2021;05:57:05;51;ac02 - Acidente com vítima;176;BR-050/MG;Sul;Queda de Moto;;;;1;;;;;;;0;1;;;
22/09/2021;10:50:11;157;ac02 - Acidente com vítima;22,625;BR-050/MG;Sul;Queda de Ciclista;;1;;;;;;;;;0;;;1;
22/09/2021;14:42:50;242;ac02 - Acidente com vítima;280,8;BR-050/GO;Norte;Colisão Transversal;;;;2;;;;;;;0;2;;;
22/09/2021;19:14:08;344;ac03 - Acidente com vítima ilesa;61,3;BR-050/MG;Sul;Choque - Elemento de Drenagem;1;;;;;;;;;;1;;;;
22/09/2021;20:33:19;365;ac02 - Acidente com vítima;53,5;BR-050/MG;Sul;Choque - Elemento de Drenagem;1;;;;;;;;;;0;1;;;
23/09/2021;02:03:18;29;ac03 - Acidente com vítima ilesa;178;BR-050/MG;Norte;Choque - Talude ou Barranco;;;;;;;;;;1;1;;;;
23/09/2021;04:46:03;42;ac02 - Acidente com vítima;16,4;Contorno;Sul;Atropelamento de Animal;;;;1;;;;;;;0;;1;;
24/09/2021;01:57:47;24;ac03 - Acidente com vítima ilesa;101;BR-050/GO;Sul;Atropelamento de Animal;;;;;;;;;;1;1;;;;
24/09/2021;06:36:23;47;ac03 - Acidente com vítima ilesa;83,55;BR-050/MG;Sul;Choque - Elemento de Drenagem;1;;;;;;;;;;2;;;;
24/09/2021;13:05:56;219;ac02 - Acidente com vítima;160,9;BR-050/MG;Norte;Choque - Defensa metálica;;;;;;;;;;1;0;1;;;
24/09/2021;14:40:58;246;ac03 - Acidente com vítima ilesa;306;BR-050/GO;Norte;Choque - Defensa metálica;1;;;;;;;;;;2;;;;
24/09/2021;18:27:33;329;ac02 - Acidente com vítima;58,95;BR-050/MG;Sul;Choque - Meio fio;1;;;;;;;;;;2;2;;;
24/09/2021;22:07:00;388;ac02 - Acidente com vítima;44,1;BR-050/MG;Sul;Choque - Defensa metálica;1;;1;;;;;;;;1;3;;;
24/09/2021;23:56:43;401;ac03 - Acidente com vítima ilesa;8;Contorno;Sul;Choque - Meio fio;;;;;;;;;;1;1;;;;
25/09/2021;07:24:17;42;ac03 - Acidente com vítima ilesa;96;BR-050/GO;Norte;Colisão lateral no mesmo sentido;;1;;;1;;;;;;2;;;;
25/09/2021;08:45:15;76;ac03 - Acidente com vítima ilesa;106,1;BR-050/GO;Norte;Capotamento;1;;;;;;;;;;1;;;;
25/09/2021;14:22:16;222;ac03 - Acidente com vítima ilesa;203,7;BR-050/MG;Sul;Colisão lateral no mesmo sentido;;;1;;;;;;;1;3;;;;
25/09/2021;15:40:09;244;ac03 - Acidente com vítima ilesa;293,9;BR-050/GO;Norte;Choque - Elemento de Drenagem;1;;;;;;;;;;2;;;;
26/09/2021;01:33:49;11;ac03 - Acidente com vítima ilesa;147;BR-050/MG;Norte;Tombamento;;;1;;;;;;;;1;;;;
26/09/2021;08:17:36;66;ac03 - Acidente com vítima ilesa;126,5;BR-050/MG;Sul;Choque - Meio fio;;;;;;;;;;1;2;;;;
26/09/2021;12:12:46;147;ac02 - Acidente com vítima;174,7;BR-050/MG;Sul;Queda de Ciclista;;1;;;;;;;;;0;;1;;
26/09/2021;14:15:09;179;ac03 - Acidente com vítima ilesa;105,15;BR-050/GO;Norte;Capotamento;1;;;;;;;;;;4;;;;
26/09/2021;15:10:00;197;ac03 - Acidente com vítima ilesa;200,53;BR-050/MG;Sul;Choque - New jersey;1;;;;;;;;;;1;;;;
26/09/2021;17:15:45;237;ac02 - Acidente com vítima;198;BR-050/MG;Norte;Choque na praça ? submarino;1;;;;;;;;;;4;1;;;
26/09/2021;17:42:14;244;ac03 - Acidente com vítima ilesa;198;BR-050/MG;Sul;Choque na praça ? submarino;;;1;;;;;;;;1;;;;
26/09/2021;18:16:02;255;ac03 - Acidente com vítima ilesa;207;BR-050/MG;Norte;Queda de veículo em ribanceira, ponte ou viaduto;1;;;;;;;;;;0;;;;
26/09/2021;18:26:04;261;ac03 - Acidente com vítima ilesa;198;BR-050/MG;Sul;Colisão Traseira;1;;;;;1;;;;;1;;;;
26/09/2021;18:34:20;263;ac03 - Acidente com vítima ilesa;32,95;BR-050/MG;Sul;Choque - Elemento de Drenagem;1;;;;;;;;;;1;;;;
26/09/2021;18:37:11;264;ac03 - Acidente com vítima ilesa;283;BR-050/GO;Norte;Colisão lateral no sentido contrário;1;1;;;;;;;;;3;;;;
26/09/2021;20:21:32;307;ac03 - Acidente com vítima ilesa;149;BR-050/MG;Norte;Choque - Elemento de Drenagem;1;;;;;;;;;;2;;;;
27/09/2021;08:16:34;56;ac02 - Acidente com vítima;131;BR-050/MG;Sul;Choque - Defensa metálica;1;;;;;;;;;;0;;1;;
27/09/2021;10:41:22;122;ac03 - Acidente com vítima ilesa;150;BR-050/MG;Sul;Objeto lançado contra veículo;1;;;;;;;;;;4;;;;
27/09/2021;15:45:18;229;ac03 - Acidente com vítima ilesa;201,5;BR-050/MG;Sul;Colisão Traseira;1;;;;;;;;;1;2;;;;
27/09/2021;15:49:39;231;ac03 - Acidente com vítima ilesa;173;BR-050/MG;Norte;Queda de Moto;;;;1;;;;;;;1;;;;
27/09/2021;20:17:16;318;ac02 - Acidente com vítima;18,8;Contorno;Sul;Queda de Moto;;;;1;;;;;;;0;2;;;
28/09/2021;12:45:50;174;ac03 - Acidente com vítima ilesa;61,05;BR-050/MG;Sul;Colisão Traseira;1;;;;;1;;;;;3;;;;
28/09/2021;14:05:43;203;ac03 - Acidente com vítima ilesa;126;BR-050/MG;Sul;Colisão Traseira;1;;;;;;;;;1;3;;;;
28/09/2021;14:34:33;211;ac02 - Acidente com vítima;180;BR-050/MG;Sul;Colisão lateral no mesmo sentido;;;;1;;;;;;1;2;2;;;
29/09/2021;00:32:13;3;ac02 - Acidente com vítima;205;BR-050/MG;Norte;Colisão Traseira;1;;1;;;;;;;;1;1;;;
29/09/2021;06:38:01;41;ac03 - Acidente com vítima ilesa;305,7;BR-050/GO;Sul;Choque - New jersey;1;;;;;;;;;;1;;;;
29/09/2021;07:44:47;75;ac02 - Acidente com vítima;183,6;BR-050/MG;Sul;Queda de Moto;;;;1;;;;;;;0;1;;;
29/09/2021;09:58:31;143;ac02 - Acidente com vítima;179,016;BR-050/GO;Sul;Choque - Elemento de Drenagem;;;1;;;;;;;1;1;1;;;
30/09/2021;01:34:54;14;ac03 - Acidente com vítima ilesa;167,3;BR-050/MG;Sul;Tombamento;;;1;;;;;;;;1;;;;
30/09/2021;12:53:44;189;ac03 - Acidente com vítima ilesa;51;BR-050/MG;Norte;Colisão Transversal;1;;1;;;;;;;;5;;;;
30/09/2021;15:47:00;255;ac02 - Acidente com vítima;37,96;BR-050/MG;Norte;Choque - Poste;;;;;;;;;;1;0;;1;;
30/09/2021;17:44:48;289;ac03 - Acidente com vítima ilesa;179;BR-050/MG;Sul;Colisão Traseira;2;;;;;;;;;;2;;;;
01/10/2021;12:43:50;174;ac03 - Acidente com vítima ilesa;105,1;BR-050/MG;Norte;Choque - Cancela de Pedagio;;;1;;;;;;;;1;;;;
01/10/2021;13:29:12;189;ac03 - Acidente com vítima ilesa;118,15;BR-050/GO;Sul;Tombamento;;;;;;1;;;;1;2;;;;
01/10/2021;16:44:35;266;ac03 - Acidente com vítima ilesa;163,5;BR-050/MG;Sul;Queda de veículo em ribanceira, ponte ou viaduto;1;;;;;;;;;;1;;;;
01/10/2021;17:15:50;285;ac02 - Acidente com vítima;179;BR-050/MG;Norte;Queda de Moto;;;;1;;;;;;;0;1;;;
01/10/2021;21:02:34;345;ac03 - Acidente com vítima ilesa;313;BR-050/GO;Sul;Colisão Traseira;1;;;;;1;;;;;3;;;;
02/10/2021;13:53:15;195;ac03 - Acidente com vítima ilesa;52;BR-050/MG;Norte;Colisão Transversal;1;;1;;;;;;;;4;;;;
02/10/2021;18:46:13;293;ac03 - Acidente com vítima ilesa;252,96;BR-050/GO;Sul;Choque - Sinalização;1;;;;;;;;;;2;;;;
02/10/2021;20:31:38;324;ac02 - Acidente com vítima;172,2;BR-050/MG;Sul;Choque - New jersey;1;;;;;;;;;;0;;1;;
02/10/2021;21:25:37;342;ac03 - Acidente com vítima ilesa;165,3;BR-050/MG;Sul;Choque - Objeto sobre a pista;1;;;;;;;;;;4;;;;
02/10/2021;21:31:15;344;ac03 - Acidente com vítima ilesa;165,5;BR-050/MG;Sul;Choque - Veiculo parado na pista;1;;;;;;;;;;2;;;;
02/10/2021;21:39:43;347;ac03 - Acidente com vítima ilesa;14;Contorno;Sul;Colisão Traseira;1;;;;;1;;;;;4;;;;
03/10/2021;10:39:01;103;ac03 - Acidente com vítima ilesa;27,88;BR-050/MG;Sul;Queda de Moto;;;;1;;;;;;;0;;;;
03/10/2021;11:22:58;120;ac03 - Acidente com vítima ilesa;97,1;BR-050/MG;Norte;Queda de Carro;1;;;;;1;;;;;1;;;;
03/10/2021;11:27:34;122;ac03 - Acidente com vítima ilesa;206;BR-050/MG;Norte;Choque - Meio fio;;;;;;;;;;1;1;;;;
03/10/2021;14:31:11;178;ac02 - Acidente com vítima;17,8;Contorno;Sul;Choque - New jersey;1;;;;;;;;;;2;1;;;
03/10/2021;17:49:39;263;ac02 - Acidente com vítima;196,5;BR-050/MG;Norte;Colisão Traseira;1;;1;;;;;;;;1;1;;;
03/10/2021;18:11:38;268;ac02 - Acidente com vítima;205;BR-050/MG;Norte;Colisão lateral no mesmo sentido;1;;1;;;;;;;;1;;1;;
03/10/2021;18:46:47;278;ac03 - Acidente com vítima ilesa;198;BR-050/MG;Norte;Colisão Traseira;2;;;;;;;;;;0;;;;
04/10/2021;10:39:39;138;ac03 - Acidente com vítima ilesa;279,1;BR-050/GO;Sul;Colisão Traseira;1;;;;;;;;;1;5;;;;
04/10/2021;13:06:32;195;ac02 - Acidente com vítima;41,16;BR-050/MG;Sul;Colisão Traseira;1;;;1;;;;;;;2;2;;;
04/10/2021;14:37:38;218;ac03 - Acidente com vítima ilesa;133,25;BR-050/MG;Sul;Choque - Elemento de Drenagem;1;;;;;;;;;;1;;;;
04/10/2021;16:18:35;257;ac03 - Acidente com vítima ilesa;204,35;BR-050/MG;Sul;Choque - New jersey;;;1;;;;;;;;1;;;;
04/10/2021;16:27:24;260;ac03 - Acidente com vítima ilesa;204,3;BR-050/MG;Norte;Choque - Objeto sobre a pista;;;;;;;;;;1;2;;;;
04/10/2021;16:30:42;264;ac03 - Acidente com vítima ilesa;204,8;BR-050/MG;Sul;Choque - New jersey;;;;;;;;;;1;1;;;;
04/10/2021;20:09:26;311;ac03 - Acidente com vítima ilesa;77,7;BR-050/MG;Sul;Queda de veículo em ribanceira, ponte ou viaduto;;;1;;;;;;;;1;;;;
05/10/2021;06:17:44;30;ac02 - Acidente com vítima;176;BR-050/MG;Norte;Capotamento;;;1;;;;;;;;0;1;;;
05/10/2021;15:17:18;231;ac03 - Acidente com vítima ilesa;121,2;BR-050/MG;Norte;Colisão lateral no mesmo sentido;;;1;;;;;;;1;2;;;;
06/10/2021;05:49:06;44;ac03 - Acidente com vítima ilesa;265;BR-050/GO;Norte;Choque - Defensa metálica;;;;;;;;;;1;1;;;;
06/10/2021;11:29:52;174;ac03 - Acidente com vítima ilesa;104,9;BR-050/MG;Norte;Colisão Traseira;;;2;;;;;;;;2;;;;
06/10/2021;13:10:36;202;ac03 - Acidente com vítima ilesa;18,5;Contorno;Sul;Choque - Meio fio;1;;;;;;;;;;0;;;;
06/10/2021;17:34:12;305;ac03 - Acidente com vítima ilesa;203,03;BR-050/MG;Sul;Choque - New jersey;;;1;;;;;;;;1;;;;
07/10/2021;09:42:29;124;ac03 - Acidente com vítima ilesa;125,7;BR-050/MG;Norte;Tombamento;;;1;;;;;;;;1;;;;
07/10/2021;18:47:10;315;ac03 - Acidente com vítima ilesa;101,5;BR-050/GO;Sul;Atropelamento de Animal;1;;;;;;;;;;1;;;;
08/10/2021;07:01:00;55;ac02 - Acidente com vítima;44,7;BR-050/MG;Sul;Choque - Talude ou Barranco;;;;;;;;;;1;0;;1;;
08/10/2021;09:25:47;103;ac03 - Acidente com vítima ilesa;29,586;BR-050/MG;Norte;Choque - Elemento de Drenagem;1;;;;;;;;;;4;;;;
09/10/2021;02:48:55;29;ac02 - Acidente com vítima;61,36;BR-050/MG;Norte;Choque - Elemento de Drenagem;;;;;;;;;;1;0;1;;;
09/10/2021;05:16:51;45;ac03 - Acidente com vítima ilesa;174;BR-050/MG;Sul;Colisão Traseira;2;;;;;;;;;;5;;;;
09/10/2021;06:53:33;62;ac03 - Acidente com vítima ilesa;27,46;BR-050/MG;Norte;Colisão lateral no mesmo sentido;;;2;;;;;;;;3;;;;
09/10/2021;09:32:21;130;ac03 - Acidente com vítima ilesa;179;BR-050/MG;Norte;Choque - Meio fio;1;;;;;;;;;;1;;;;
09/10/2021;15:36:17;258;ac03 - Acidente com vítima ilesa;59,9;BR-050/MG;Sul;Colisão Traseira;1;;;;;;;;;1;3;;;;
10/10/2021;00:19:22;2;ac02 - Acidente com vítima;133;BR-050/GO;Norte;Queda de Moto;;;;1;;;;;;;0;;1;;
10/10/2021;01:40:12;10;ac03 - Acidente com vítima ilesa;103,3;BR-050/GO;Norte;Colisão Traseira;1;;;;;;;;;1;2;;;;
10/10/2021;02:35:00;21;ac02 - Acidente com vítima;35,9;BR-050/MG;Sul;Atropelamento - Pedestre;;;;;;;;;;;0;;1;;
10/10/2021;03:56:48;28;ac02 - Acidente com vítima;22,8;BR-050/MG;Norte;Choque - Elemento de Drenagem;1;;;;;;;;;;0;1;;;
10/10/2021;04:48:06;38;ac03 - Acidente com vítima ilesa;272,3;BR-050/GO;Norte;Choque - Outros;;;;;;;;;;1;1;;;;
10/10/2021;05:58:26;50;ac03 - Acidente com vítima ilesa;175;BR-050/MG;Sul;Choque - Meio fio;1;;;;;;;;;;2;;;;
10/10/2021;07:16:47;66;ac03 - Acidente com vítima ilesa;125,7;BR-050/MG;Norte;Choque - Defensa metálica;;;;;;;;;;1;1;;;;
10/10/2021;07:57:01;78;ac02 - Acidente com vítima;119,5;BR-050/MG;Sul;Choque - Sinalização;;;;;;;;;;1;0;1;;;
10/10/2021;11:05:44;131;ac02 - Acidente com vítima;111,46;BR-050/MG;Norte;Capotamento;1;;;;;;;;;;0;;1;;
10/10/2021;14:47:42;176;ac03 - Acidente com vítima ilesa;205,5;BR-050/MG;Norte;Choque - New jersey;;;;;;;;;;1;1;;;;
10/10/2021;16:00:14;198;ac03 - Acidente com vítima ilesa;29,8;BR-050/MG;Norte;Choque - Defensa metálica;1;;;;;;;;;;5;;;;
10/10/2021;16:25:54;207;ac03 - Acidente com vítima ilesa;47,7;BR-050/MG;Sul;Choque - New jersey;1;;;;;;;;;;2;;;;
10/10/2021;21:09:28;296;ac03 - Acidente com vítima ilesa;179,1;BR-050/MG;Sul;Colisão lateral no mesmo sentido;;;2;;;;;;;;2;;;;
11/10/2021;01:16:49;17;ac03 - Acidente com vítima ilesa;33,85;BR-050/MG;Norte;Choque - Elemento de Drenagem;1;;;;;;;;;;2;;;;
11/10/2021;05:27:34;25;ac03 - Acidente com vítima ilesa;31,3;BR-050/MG;Norte;Capotamento;1;;;;;;;;;;2;;;;
11/10/2021;09:02:18;83;ac03 - Acidente com vítima ilesa;177,65;BR-050/MG;Sul;Colisão Traseira;2;;;;;;;;;;2;;;;
11/10/2021;16:58:25;251;ac02 - Acidente com vítima;196,8;BR-050/GO;Sul;Choque - Sinalização;1;;;;;;;;;;0;1;;;
11/10/2021;18:12:05;263;ac03 - Acidente com vítima ilesa;51,272;BR-050/MG;Sul;Colisão Traseira;2;;;;;;;;;;8;;;;
11/10/2021;23:28:18;330;ac02 - Acidente com vítima;17,9;Contorno;Norte;Colisão Traseira;;1;;1;;;;;;;2;;;1;
12/10/2021;04:41:42;21;ac02 - Acidente com vítima;198;BR-050/GO;Sul;Capotamento;1;;;;;;;;;;0;2;;;
12/10/2021;07:02:19;41;ac03 - Acidente com vítima ilesa;105;BR-050/MG;Sul;Choque - Sinalização;;;1;;;;;;;;1;;;;
12/10/2021;07:17:56;47;ac03 - Acidente com vítima ilesa;119,06;BR-050/GO;Norte;Queda de veículo em ribanceira, ponte ou viaduto;1;;;;;;;;;;0;;;;
12/10/2021;08:43:34;71;ac03 - Acidente com vítima ilesa;157,4;BR-050/MG;Sul;Choque - Talude ou Barranco;;;;;;1;;;;;0;;;;
12/10/2021;09:17:18;83;ac02 - Acidente com vítima;53,34;BR-050/MG;Norte;Choque - Elemento de Drenagem;;;;1;;;;;;;0;1;;;
12/10/2021;14:26:14;167;ac03 - Acidente com vítima ilesa;5,8;Contorno;Sul;Choque - Elemento de Drenagem;1;;;;;;;;;;4;;;;
12/10/2021;18:31:54;245;ac02 - Acidente com vítima;16,5;Contorno;Sul;Choque - New jersey;1;;;;;;;;;;2;1;;;
13/10/2021;13:02:07;178;ac03 - Acidente com vítima ilesa;175,15;BR-050/MG;Sul;Choque - New jersey;1;;;;;;;;;;1;;;;
14/10/2021;06:15:33;27;ac03 - Acidente com vítima ilesa;162;BR-050/MG;Norte;Tombamento;;;1;;;;;;;;1;;;;
14/10/2021;09:35:22;101;ac03 - Acidente com vítima ilesa;58,1;BR-050/MG;Norte;Choque - Meio fio;;;;;;;;;;1;3;;;;
14/10/2021;12:58:44;156;ac03 - Acidente com vítima ilesa;265;BR-050/GO;Norte;Choque - Outros;1;;;;;;;;;;1;;;;
14/10/2021;14:15:22;170;ac02 - Acidente com vítima;275,92;BR-050/GO;Sul;Choque - Defensa metálica;;;;1;;;;;;;0;1;;;
14/10/2021;14:26:40;172;ac03 - Acidente com vítima ilesa;219,1;BR-050/GO;Norte;Choque - Talude ou Barranco;;;1;;;;;;;;1;;;;
14/10/2021;17:31:15;219;ac03 - Acidente com vítima ilesa;47,285;BR-050/MG;Sul;Choque - New jersey;;;1;;;;;;;;1;;;;
15/10/2021;09:48:20;113;ac03 - Acidente com vítima ilesa;119,8;BR-050/MG;Sul;Atropelamento de Animal;;;;;;;;;;1;1;;;;
15/10/2021;13:17:44;198;ac03 - Acidente com vítima ilesa;196;BR-050/MG;Sul;Colisão Transversal;;;1;;;;;;;1;3;;;;
15/10/2021;14:22:38;216;ac03 - Acidente com vítima ilesa;27,82;BR-050/MG;Sul;Choque - Meio fio;1;;;;;;;;;;1;;;;
15/10/2021;19:31:34;312;ac02 - Acidente com vítima;207,001;BR-050/MG;Norte;Colisão Traseira;1;;;;;;;;;1;0;4;1;;
16/10/2021;01:39:14;12;ac03 - Acidente com vítima ilesa;278,7;BR-050/GO;Sul;Colisão Traseira;2;;;;;;;;;;4;;;;
16/10/2021;06:06:31;28;ac03 - Acidente com vítima ilesa;272,1;BR-050/GO;Sul;Choque - Meio fio;1;;;;;;;;;;2;;;;
16/10/2021;07:37:11;58;ac02 - Acidente com vítima;2,41;BR-050/MG;Norte;Colisão lateral no mesmo sentido;;;2;;;;;;;;2;1;;;
16/10/2021;10:51:14;126;ac02 - Acidente com vítima;78,95;BR-050/MG;Sul;Choque - Defensa metálica;1;;;;;;;;;;0;1;;;
16/10/2021;13:14:32;163;ac02 - Acidente com vítima;16,92;BR-050/MG;Norte;Tombamento;;;1;;;;;;;;0;;1;;
16/10/2021;15:56:20;218;ac02 - Acidente com vítima;180,95;BR-050/MG;Norte;Engavetamento;2;;;;;;;;;1;10;;2;;
16/10/2021;17:01:40;237;ac02 - Acidente com vítima;52,8;BR-050/MG;Sul;Capotamento;1;;;;;;;;;;2;1;;;
17/10/2021;00:07:38;1;ac02 - Acidente com vítima;179;BR-050/MG;Sul;Queda de Moto;;;;1;;;;;;;0;;1;;
17/10/2021;05:25:06;34;ac02 - Acidente com vítima;281;BR-050/GO;Sul;Queda de Moto;;;;;;1;;;;;0;;1;;
17/10/2021;07:14:17;40;ac02 - Acidente com vítima;192,4;BR-050/MG;Sul;Choque - Elemento de Drenagem;1;;;;;;;;;;0;1;;;
17/10/2021;16:16:35;184;ac03 - Acidente com vítima ilesa;18,85;Contorno;Norte;Choque - Arvore;1;;;;;;;;;;1;;;;
17/10/2021;21:19:16;255;ac03 - Acidente com vítima ilesa;239,78;BR-050/GO;Norte;Colisão lateral no mesmo sentido;1;;1;;;;;;;;3;;;;
18/10/2021;04:44:52;25;ac03 - Acidente com vítima ilesa;113,68;BR-050/MG;Norte;Choque - Elemento de Drenagem;1;;;;;;;;;;3;;;;
18/10/2021;06:08:23;32;ac02 - Acidente com vítima;189;BR-050/MG;Sul;Capotamento;1;;;;;;;;;;0;1;;;
18/10/2021;07:54:43;63;ac03 - Acidente com vítima ilesa;180;BR-050/MG;Norte;Colisão lateral no mesmo sentido;1;;1;;;1;;;;;3;;;;
18/10/2021;08:06:51;72;ac03 - Acidente com vítima ilesa;241,64;BR-050/GO;Norte;Capotamento;;;;;;;;;;1;1;;;;
18/10/2021;15:14:17;220;ac03 - Acidente com vítima ilesa;35,7;BR-050/MG;Sul;Capotamento;1;;;;;;;;;;1;;;;
19/10/2021;12:38:46;173;ac03 - Acidente com vítima ilesa;175,6;BR-050/MG;Sul;Choque - Sinalização;1;;;;;;;;;;1;;;;
19/10/2021;15:27:27;218;ac03 - Acidente com vítima ilesa;79,05;BR-050/MG;Sul;Choque - Sinalização;1;;;;;;;;;;1;;;;
19/10/2021;17:12:29;254;ac03 - Acidente com vítima ilesa;47,74;BR-050/MG;Norte;Choque - Defensa metálica;1;;;;;;;;;;1;;;;
20/10/2021;00:41:53;8;ac02 - Acidente com vítima;128,7;BR-050/MG;Norte;Colisão Traseira;;;2;;;;;;;;1;1;;;
20/10/2021;01:55:51;11;ac02 - Acidente com vítima;283;BR-050/GO;Sul;Colisão Transversal;1;;;;1;;;;;;1;;1;;
20/10/2021;07:28:01;60;ac03 - Acidente com vítima ilesa;81,5;BR-050/MG;Sul;Colisão Transversal;2;;;;;;;;;;2;;;;
20/10/2021;08:11:04;65;ac02 - Acidente com vítima;180;BR-050/MG;Sul;Colisão lateral no mesmo sentido;;;;1;;1;;;;;0;2;;;
20/10/2021;17:32:55;282;ac02 - Acidente com vítima;172,2;BR-050/MG;Sul;Queda de Moto;;;;1;;;;;;;0;2;;;
21/10/2021;03:23:46;22;ac03 - Acidente com vítima ilesa;63,55;BR-050/MG;Sul;Colisão Traseira;1;;;;;1;;;;;1;;;;
21/10/2021;07:13:37;52;ac02 - Acidente com vítima;178,3;BR-050/MG;Sul;Queda de Moto;;;;1;;;;;;;0;1;1;;
22/10/2021;00:10:42;1;ac02 - Acidente com vítima;149,3;BR-050/MG;Sul;Choque - Arvore;;;1;;;;;;;;1;1;;;
22/10/2021;01:53:23;19;ac03 - Acidente com vítima ilesa;2,82;BR-050/MG;Sul;Choque - Elemento de Drenagem;1;;;;;;;;;;1;;;;
22/10/2021;07:35:57;73;ac03 - Acidente com vítima ilesa;272,26;BR-050/GO;Norte;Choque - Outros;1;;;;;;;;;;4;;;;
22/10/2021;10:25:21;141;ac03 - Acidente com vítima ilesa;0,5;BR-050/MG;Sul;Choque - Defensa metálica;1;;;;;;;;;;4;;;;
22/10/2021;15:15:35;229;ac03 - Acidente com vítima ilesa;31,94;BR-050/MG;Norte;Choque - Meio fio;1;;;;;;;;;;1;;;;
22/10/2021;17:58:19;292;ac02 - Acidente com vítima;107,3;BR-050/MG;Norte;Capotamento;;;1;;;;;;;1;1;1;;;
22/10/2021;19:56:33;327;ac02 - Acidente com vítima;44;BR-050/MG;Sul;Engavetamento;1;;;1;;1;;;;;1;2;;;
22/10/2021;22:10:32;359;ac03 - Acidente com vítima ilesa;80;BR-050/MG;Norte;Choque - Meio fio;1;;;;;;;;;;1;;;;
23/10/2021;05:24:26;33;ac03 - Acidente com vítima ilesa;40;BR-050/MG;Sul;Choque - New jersey;1;;;;;;;;;;2;;;;
23/10/2021;10:38:04;131;ac02 - Acidente com vítima;11;Contorno;Norte;Objeto lançado contra veículo;;1;;;;;;;;;0;1;;;
23/10/2021;10:56:08;141;ac03 - Acidente com vítima ilesa;14,8;Contorno;Sul;Colisão Traseira;;;;;;1;;;;1;2;;;;