data;horario;n_da_ocorrencia;tipo_de_ocorrencia;km;trecho;sentido;tipo_de_acidente;automovel;bicicleta;caminhao;moto;onibus;outros;tracao_animal;transporte_de_cargas_especiais;trator_maquinas;utilitarios;ilesos;levemente_feridos;moderadamente_feridos;gravemente_feridos;mortos
23/10/2021;13:07:53;178;ac02 - Acidente com vítima;220,1;BR-050/GO;Norte;Capotamento;1;;;;;;;;;;0;;1;;
23/10/2021;14:57:13;221;ac03 - Acidente com vítima ilesa;179,9;BR-050/MG;Norte;Tombamento;;;1;;;;;;;;1;;;;
24/10/2021;02:09:03;16;ac03 - Acidente com vítima ilesa;20,1;BR-050/MG;Norte;Choque - Elemento de Drenagem;1;;;;;;;;;;2;;;;
24/10/2021;06:16:32;42;ac03 - Acidente com vítima ilesa;208,82;BR-050/GO;Norte;Colisão lateral no mesmo sentido;1;;;;;1;;;;;1;;;;
25/10/2021;06:17:28;34;ac02 - Acidente com vítima;39;BR-050/MG;Sul;Queda de Moto;;;;1;;;;;;;0;1;;;
25/10/2021;07:15:17;48;ac03 - Acidente com vítima ilesa;44,787;BR-050/MG;Norte;Colisão Traseira;1;;;1;;;;;;;2;;;;
25/10/2021;11:28:00;142;ac03 - Acidente com vítima ilesa;54,9;BR-050/MG;Norte;Objeto lançado contra veículo;1;;;;;;;;;;1;;;;
25/10/2021;15:04:12;208;ac03 - Acidente com vítima ilesa;176,1;BR-050/MG;Norte;Colisão lateral no mesmo sentido;;;1;;;;;;;1;4;;;;
26/10/2021;13:03:24;162;ac02 - Acidente com vítima;65;BR-050/MG;Norte;Tombamento;;;1;;;;;;;;0;1;;;
27/10/2021;05:10:02;19;ac02 - Acidente com vítima;18,05;Contorno;Norte;Choque - Veiculo parado no acostamento;1;;1;;;;;;;;1;1;;;
27/10/2021;11:03:50;149;ac02 - Acidente com vítima;177,8;BR-050/MG;Sul;Colisão lateral no mesmo sentido;;;1;1;;;;;;;1;1;;;
27/10/2021;14:54:56;216;ac02 - Acidente com vítima;170;BR-050/MG;Norte;Colisão Traseira;;;2;;;;;;;1;2;5;;;
27/10/2021;15:02:16;220;ac03 - Acidente com vítima ilesa;177;BR-050/MG;Norte;Choque - New jersey;;;1;;;;;;;;0;;;;
27/10/2021;16:58:08;257;ac02 - Acidente com vítima;141;BR-050/MG;Sul;Queda de Moto;;;;1;;;;;;;0;1;;;
27/10/2021;18:15:46;284;ac03 - Acidente com vítima ilesa;114,8;BR-050/GO;Norte;Choque - Talude ou Barranco;;;1;;;;;;;;2;;;;
27/10/2021;22:33:36;352;ac02 - Acidente com vítima;15;Contorno;Sul;Choque - Defensa metálica;;;1;;;;;;;;0;1;;;
28/10/2021;19:07:18;294;ac03 - Acidente com vítima ilesa;54;BR-050/MG;Sul;Choque - Talude ou Barranco;;;1;;;;;;;;1;;;;
29/10/2021;03:02:41;20;ac03 - Acidente com vítima ilesa;204,5;BR-050/GO;Norte;Choque - Outros;;;;;;;;;;1;1;;;;
29/10/2021;08:38:06;96;ac03 - Acidente com vítima ilesa;157,41;BR-050/GO;Norte;Choque - Sinalização;;;;;;;;;;1;1;;;;
29/10/2021;10:00:50;146;ac03 - Acidente com vítima ilesa;122,5;BR-050/MG;Norte;Choque - Elemento de Drenagem;;;1;;;;;;;;1;;;;
29/10/2021;12:39:03;204;ac02 - Acidente com vítima;179,05;BR-050/MG;Sul;Choque - Talude ou Barranco;;;;1;;;;;;;0;;1;;
29/10/2021;13:50:28;222;ac02 - Acidente com vítima;90,03;BR-050/MG;Norte;Queda de Moto;;;;1;;;;;;;0;1;;;
29/10/2021;15:45:17;270;ac03 - Acidente com vítima ilesa;96,2;BR-050/MG;Norte;Colisão Traseira;;;2;;;;;;;;2;;;;
29/10/2021;18:14:06;316;ac02 - Acidente com vítima;280,6;BR-050/GO;Sul;Colisão Transversal;2;;;;;;;;;;4;1;;;
29/10/2021;21:32:59;390;ac03 - Acidente com vítima ilesa;31,8;BR-050/MG;Sul;Colisão Traseira;1;;1;;;;;;;;2;;;;
29/10/2021;23:38:25;408;ac03 - Acidente com vítima ilesa;167,6;BR-050/MG;Norte;Choque - Meio fio;1;;;;;;;;;;1;;;;
29/10/2021;23:56:36;411;ac03 - Acidente com vítima ilesa;55,8;BR-050/MG;Sul;Choque - Meio fio;1;;;;;;;;;;1;;;;
30/10/2021;02:23:08;12;ac03 - Acidente com vítima ilesa;106,1;BR-050/GO;Norte;Choque - Meio fio;1;;;;;;;;;;1;;;;
30/10/2021;03:59:07;20;ac03 - Acidente com vítima ilesa;177;BR-050/MG;Norte;Choque - Objeto sobre a pista;1;;;;;;;;;;1;;;;
30/10/2021;12:18:19;173;ac02 - Acidente com vítima;260,8;BR-050/GO;Sul;Choque - Sinalização;;;;1;;;;;;;0;;;1;
30/10/2021;21:26:44;304;ac02 - Acidente com vítima;36;BR-050/MG;Norte;Choque - New jersey;1;;;;;;;;;;0;;1;;
31/10/2021;01:38:32;13;ac03 - Acidente com vítima ilesa;239,12;BR-050/GO;Sul;Atropelamento de Animal;1;;;;;;;;;;5;;;;
31/10/2021;04:11:38;23;ac02 - Acidente com vítima;100,5;BR-050/GO;Norte;Tombamento;1;;1;;;;;;;;1;2;;;
31/10/2021;12:28:47;138;ac02 - Acidente com vítima;130,64;BR-050/GO;Sul;Capotamento;1;;;;;;;;;;0;;4;;
31/10/2021;17:43:38;230;ac03 - Acidente com vítima ilesa;18,8;BR-050/MG;Sul;Choque - Defensa metálica;;;;;;;;;;1;2;;;;
31/10/2021;20:27:31;253;ac02 - Acidente com vítima;77,6;BR-050/MG;Sul;Colisão Traseira;;;;1;;1;;;;;0;;1;;
31/10/2021;21:42:07;265;ac03 - Acidente com vítima ilesa;109,1;BR-050/MG;Sul;Colisão Traseira;2;;;;;;;;;;3;;;;
01/11/2021;04:13:00;17;Com vítima;269.000;1588;Decrescente;Choque;1;0;0;0;0;0;0;0;0;0;0;2;0;0;0
01/11/2021;08:27:00;67;Sem vítima;13.730;1572;Decrescente;Colisão traseira;0;0;0;0;0;1;0;0;0;1;3;0;0;0;0
01/11/2021;14:22:00;161;Sem vítima;106.490;1564;Crescente;Choque;1;0;0;0;0;0;0;0;0;0;1;0;0;0;0
01/11/2021;17:48:00;232;Sem vítima;179.000;1583;Crescente;Capotamento;1;0;0;0;0;0;0;0;0;0;1;0;0;0;0
02/11/2021;06:58:00;44;Sem vítima;56.760;1574;Decrescente;Choque;1;0;0;0;0;0;0;0;0;0;2;0;0;0;0
02/11/2021;13:38:00;151;Sem vítima;122.500;1585;Crescente;Choque;1;0;0;0;0;0;0;0;0;0;1;0;0;0;0
02/11/2021;19:03:00;249;Com vítima;127.380;1576;Decrescente;Atropelamento de animal;0;0;0;0;0;0;0;0;0;1;0;0;1;0;0
03/11/2021;06:54:00;26;Sem vítima;253.900;1588;Decrescente;Choque;0;0;0;0;0;1;0;0;0;0;1;0;0;0;0
03/11/2021;16:23:00;238;Sem vítima;62.440;1562;Crescente;Choque;1;0;0;0;0;0;0;0;0;0;1;0;0;0;0
03/11/2021;17:25:00;257;Sem vítima;98.500;1584;Crescente;Colisão transversal;0;0;0;0;0;0;0;0;0;2;3;0;0;0;0
03/11/2021;23:33:00;318;Com vítima;98.150;1584;Crescente;Atropelamento de pedestre;0;0;0;0;0;0;0;0;0;0;0;0;0;0;1
04/11/2021;07:54:00;79;Com vítima;177.760;1576;Decrescente;Queda de moto;0;0;0;1;0;0;0;0;0;0;0;1;0;0;0
04/11/2021;08:35:00;101;Com vítima;177.760;1576;Decrescente;Queda de moto;0;0;0;1;0;0;0;0;0;0;0;1;0;0;0
04/11/2021;08:55:00;114;Sem vítima;15.800;1563;Crescente;Choque;1;0;0;0;0;0;0;0;0;0;5;0;0;0;0
04/11/2021;11:16:00;191;Sem vítima;99.120;1564;Crescente;Tombamento;0;0;0;0;0;0;0;0;1;0;1;0;0;0;0
04/11/2021;15:40:00;275;Sem vítima;40.000;1578;Crescente;Colisão traseira;1;0;0;0;0;0;0;0;0;0;1;0;0;0;0
04/11/2021;19:08:00;319;Com vítima;143.000;1588;Decrescente;Tombamento;0;0;0;0;0;1;0;0;0;0;0;0;1;0;0
05/11/2021;04:41:00;28;Sem vítima;177.900;1564;Crescente;Choque;1;0;0;0;0;0;0;0;0;0;1;0;0;0;0
06/11/2021;04:46:00;21;Com vítima;44.500;1562;Crescente;Queda de bicicleta;0;1;0;0;0;0;0;0;0;0;0;1;0;0;0
06/11/2021;05:36:00;25;Com vítima;92.200;1576;Decrescente;Colisão transversal;1;0;0;0;0;1;0;0;0;0;1;0;1;1;0
06/11/2021;09:57:00;104;Sem vítima;236.850;1588;Decrescente;Choque;0;0;1;0;0;0;0;0;0;0;1;0;0;0;0
06/11/2021;13:00:00;160;Sem vítima;281.000;1566;Decrescente;Colisão transversal;1;0;0;0;0;0;0;0;0;0;3;0;0;0;0
06/11/2021;14:56:00;188;Sem vítima;240.000;1585;Crescente;Colisão traseira;0;0;0;0;0;2;0;0;0;0;2;0;0;0;0
06/11/2021;17:52:00;240;Sem vítima;275.500;1566;Decrescente;Colisão lateral no mesmo sentido;1;0;0;0;0;0;0;0;0;0;3;0;0;0;0
07/11/2021;12:49:00;136;Sem vítima;79.900;1564;Crescente;Choque;1;0;0;0;0;0;0;0;0;0;2;0;0;0;0
07/11/2021;22:01:00;274;Com vítima;81.100;1576;Decrescente;Choque;0;0;0;1;0;0;0;0;0;0;0;0;1;0;0
07/11/2021;23:06:00;282;Sem vítima;100.150;1588;Decrescente;Atropelamento de animal;1;0;0;0;0;0;0;0;0;0;1;0;0;0;0
08/11/2021;00:08:00;1;Sem vítima;142.400;1585;Crescente;Choque;1;0;0;0;0;0;0;0;0;0;1;0;0;0;0
08/11/2021;10:43:00;144;Sem vítima;97.950;1587;Decrescente;Colisão traseira;1;0;0;0;0;0;0;0;0;1;5;0;0;0;0
08/11/2021;15:21:00;233;Sem vítima;280.500;1560;Crescente;Colisão traseira;1;0;0;0;0;0;0;0;0;1;3;0;0;0;0
10/11/2021;10:54:00;145;Sem vítima;19.680;1562;Crescente;Tombamento;0;0;0;0;0;1;0;0;0;0;2;0;0;0;0
10/11/2021;11:47:00;161;Com vítima;149.950;1564;Crescente;Choque;1;0;0;0;0;0;0;0;0;0;0;0;1;0;0
10/11/2021;13:42:00;189;Sem vítima;117.900;1564;Crescente;Choque;1;0;0;0;0;0;0;0;0;0;1;0;0;0;0
10/11/2021;20:58:00;300;Sem vítima;44.800;1562;Crescente;Choque;1;0;0;0;0;0;0;0;0;0;3;0;0;0;0
11/11/2021;00:55:00;3;Sem vítima;192.500;1565;Crescente;Colisão traseira;0;0;1;0;1;0;0;0;0;0;39;0;0;0;0
11/11/2021;05:16:00;14;Sem vítima;129.000;1564;Crescente;Choque;0;0;1;0;0;0;0;0;0;0;2;0;0;0;0
11/11/2021;07:41:00;40;Sem vítima;4.530;1575;Decrescente;Choque;1;0;0;0;0;0;0;0;0;0;3;0;0;0;0
11/11/2021;07:52:00;46;Sem vítima;3.800;1575;Decrescente;Choque;1;0;0;0;0;0;0;0;0;0;1;0;0;0;0
11/11/2021;10:02:00;87;Com vítima;211.000;1588;Decrescente;Tombamento;0;0;0;0;0;1;0;0;0;0;0;1;0;0;0
11/11/2021;10:39:00;105;Sem vítima;174.600;1564;Crescente;Colisão traseira;1;0;0;0;1;0;0;0;0;0;11;0;0;0;0
11/11/2021;16:30:00;186;Com vítima;49.260;1574;Decrescente;Choque;0;0;0;0;0;1;0;0;0;0;0;1;0;0;0
11/11/2021;17:34:00;203;Com vítima;57.300;1574;Decrescente;Tombamento;0;0;1;0;0;0;0;0;0;0;0;1;0;0;0
11/11/2021;18:21:00;211;Sem vítima;302.400;1568;Decrescente;Choque;1;0;0;0;0;0;0;0;0;0;2;0;0;0;0
12/11/2021;09:32:00;129;Com vítima;172.000;1564;Crescente;Colisão traseira;1;0;0;1;0;0;0;0;0;0;1;0;2;0;0
12/11/2021;13:01:00;211;Sem vítima;232.610;1588;Decrescente;Choque;1;0;0;0;0;0;0;0;0;0;5;0;0;0;0
12/11/2021;14:23:00;233;Sem vítima;162.500;1564;Crescente;Choque;1;0;0;0;0;0;0;0;0;0;1;0;0;0;0
12/11/2021;15:13:00;252;Sem vítima;60.100;1562;Crescente;Colisão traseira;1;0;0;0;0;0;0;0;0;1;2;0;0;0;0
12/11/2021;16:19:00;271;Com vítima;280.300;1566;Decrescente;Colisão transversal;1;0;0;1;0;0;0;0;0;0;1;0;1;0;0
12/11/2021;21:50:00;370;Sem vítima;204.800;1588;Decrescente;Atropelamento de animal;0;0;0;0;0;0;0;0;0;1;2;0;0;0;0
13/11/2021;09:40:00;99;Com vítima;45.040;1562;Crescente;Queda de bicicleta;0;1;0;0;0;0;0;0;0;0;0;0;1;0;0
13/11/2021;10:21:00;117;Com vítima;45.040;1562;Crescente;Queda de moto;0;0;0;1;0;0;0;0;0;0;0;0;1;0;0
13/11/2021;14:02:00;195;Com vítima;102.580;1564;Crescente;Choque;1;0;0;0;0;0;0;0;0;0;0;0;3;0;0
14/11/2021;04:50:00;26;Com vítima;164.820;1585;Crescente;Atropelamento de animal;0;0;0;1;0;0;0;0;0;0;0;0;1;0;0
14/11/2021;13:36:00;150;Sem vítima;264.550;1588;Decrescente;Choque;1;0;0;0;0;0;0;0;0;0;2;0;0;0;0
14/11/2021;13:44:00;152;Sem vítima;64.100;1562;Crescente;Choque;1;0;0;0;0;0;0;0;0;0;1;0;0;0;0
14/11/2021;16:53:00;207;Com vítima;206.610;1588;Decrescente;Colisão lateral no mesmo sentido;0;0;0;1;0;0;0;0;0;0;0;0;1;0;0
15/11/2021;10:32:00;94;Sem vítima;109.700;1576;Decrescente;Choque;0;0;0;0;0;0;0;0;0;1;3;0;0;0;0
16/11/2021;00:42:00;6;Com vítima;149.750;1564;Crescente;Capotamento;1;0;0;0;0;0;0;0;0;0;0;1;0;0;0
16/11/2021;07:30:00;69;Com vítima;193.100;1565;Crescente;Colisão traseira;0;0;1;0;0;1;0;0;0;0;1;2;0;0;0
16/11/2021;16:14:00;263;Sem vítima;127.600;1588;Decrescente;Choque;0;0;0;0;0;1;0;0;0;0;2;0;0;0;0
16/11/2021;21:28:00;328;Com vítima;111.800;1588;Decrescente;Atropelamento de pedestre;0;0;1;0;0;0;0;0;0;0;0;0;1;0;0
17/11/2021;01:22:00;11;Com vítima;193.000;1565;Crescente;Colisão traseira;0;0;1;0;0;1;0;0;0;0;2;1;0;0;0
17/11/2021;09:53:00;132;Sem vítima;169.950;1564;Crescente;Colisão lateral no mesmo sentido;0;0;0;0;0;2;0;0;0;0;2;0;0;0;0
17/11/2021;15:39:00;231;Sem vítima;105.900;1588;Decrescente;Tombamento;0;0;0;0;0;1;0;0;0;0;1;0;0;0;0
17/11/2021;17:09:00;262;Sem vítima;201.270;1585;Crescente;Capotamento;0;0;0;0;0;0;0;0;0;1;1;0;0;0;0
17/11/2021;18:11:00;276;Sem vítima;175.150;1576;Decrescente;Colisão traseira;2;0;0;0;0;0;0;0;0;0;4;0;0;0;0
18/11/2021;04:05:00;15;Com vítima;304.000;1569;Decrescente;Colisão lateral no mesmo sentido;0;0;0;0;0;1;0;0;0;1;1;1;0;0;0
18/11/2021;12:50:00;157;Com vítima;152.170;1564;Crescente;Queda de moto;0;0;0;1;0;0;0;0;0;0;0;1;0;0;0
18/11/2021;15:02:00;196;Sem vítima;98.000;1584;Crescente;Choque;0;0;0;0;0;1;0;0;0;0;1;0;0;0;0
18/11/2021;15:27:00;208;Sem vítima;43.100;1562;Crescente;Choque;0;0;0;0;0;1;0;0;0;0;1;0;0;0;0
18/11/2021;18:15:00;249;Sem vítima;225.700;1588;Decrescente;Choque;0;0;0;0;0;1;0;0;0;0;1;0;0;0;0
19/11/2021;06:13:00;26;Sem vítima;29.880;1574;Decrescente;Choque;1;0;0;0;0;0;0;0;0;0;3;0;0;0;0
19/11/2021;12:42:00;157;Sem vítima;242.650;1588;Decrescente;Choque;0;0;0;0;0;0;0;0;0;1;1;0;0;0;0
19/11/2021;17:53:00;267;Sem vítima;174.000;1576;Decrescente;Engavetamento;2;0;1;0;0;0;0;0;0;0;4;0;0;0;0
19/11/2021;18:39:00;283;Sem vítima;9.950;1575;Decrescente;Choque;1;0;0;0;0;0;0;0;0;0;1;0;0;0;0
19/11/2021;22:04:00;331;Sem vítima;154.000;1564;Crescente;Choque;0;0;1;0;0;0;0;0;0;0;1;0;0;0;0
20/11/2021;07:15:00;52;Sem vítima;179.000;1576;Decrescente;Choque;0;0;0;0;0;1;0;0;0;0;2;0;0;0;0
20/11/2021;08:37:00;72;Sem vítima;143.500;1564;Crescente;Choque;0;0;0;0;0;0;0;0;0;1;1;0;0;0;0
20/11/2021;11:19:00;142;Sem vítima;114.500;1576;Decrescente;Choque;1;0;0;0;0;0;0;0;0;0;3;0;0;0;0
20/11/2021;19:58:00;289;Sem vítima;98.000;1587;Decrescente;Colisão traseira;1;0;0;0;0;0;0;0;0;1;3;0;0;0;0
20/11/2021;20:35:00;299;Com vítima;275.100;1585;Crescente;Queda de moto;0;0;0;1;0;0;0;0;0;0;0;1;0;0;0
20/11/2021;21:08:00;303;Sem vítima;179.800;1565;Crescente;Colisão lateral no mesmo sentido;1;0;0;0;0;1;0;0;0;0;3;0;0;0;0
20/11/2021;23:41:00;324;Sem vítima;95.900;1587;Decrescente;Colisão frontal;0;0;0;0;0;0;0;0;0;1;1;0;0;0;0
21/11/2021;16:20:00;206;Sem vítima;195.350;1585;Crescente;Choque;1;0;0;0;0;0;0;0;0;0;1;0;0;0;0
22/11/2021;04:50:00;22;Com vítima;81.200;1576;Decrescente;Acidentes de outra natureza;1;0;0;0;0;0;0;0;0;0;0;2;0;0;0
22/11/2021;16:00:00;250;Com vítima;206.000;1576;Decrescente;Colisão traseira;2;0;0;0;0;0;0;0;0;0;2;0;1;0;0
23/11/2021;01:51:00;10;Sem vítima;133.400;1585;Crescente;Choque;1;0;0;0;0;0;0;0;0;0;2;0;0;0;0
23/11/2021;08:29:00;70;Com vítima;283.000;1560;Crescente;Colisão transversal;1;0;0;0;0;1;0;0;0;0;1;0;1;0;0
23/11/2021;17:52:00;300;Sem vítima;156.300;1588;Decrescente;Choque;0;0;0;0;0;0;0;0;0;1;1;0;0;0;0
24/11/2021;02:28:00;16;Sem vítima;263.000;1585;Crescente;Choque;1;0;0;0;0;0;0;0;0;0;2;0;0;0;0
24/11/2021;07:18:00;70;Com vítima;275.000;1588;Decrescente;Choque;0;0;0;0;0;0;0;0;0;1;1;1;0;0;0
24/11/2021;07:19:00;71;Sem vítima;138.000;1576;Decrescente;Choque;1;0;0;0;0;0;0;0;0;0;1;0;0;0;0
24/11/2021;12:18:00;212;Sem vítima;278.950;1560;Crescente;Colisão traseira;0;0;1;0;1;0;0;0;0;0;2;0;0;0;0
24/11/2021;12:55:00;223;Sem vítima;25.780;1573;Decrescente;Choque;0;0;0;0;0;0;0;0;0;1;1;0;0;0;0
24/11/2021;13:11:00;231;Sem vítima;26.000;1573;Decrescente;Choque;0;0;2;0;0;0;0;0;0;0;2;0;0;0;0
25/11/2021;02:32:00;24;Com vítima;132.100;1576;Decrescente;Colisão traseira;0;0;1;0;0;1;0;0;0;0;2;1;0;0;0
25/11/2021;05:34:00;35;Sem vítima;106.050;1588;Decrescente;Choque;0;0;0;0;0;0;0;0;0;1;1;0;0;0;0
25/11/2021;09:25:00;115;Sem vítima;187.000;1588;Decrescente;Acidentes de outra natureza;1;0;0;0;0;0;0;0;0;0;1;0;0;0;0
25/11/2021;10:43:00;155;Sem vítima;81.000;1576;Decrescente;Choque;1;0;0;0;0;0;0;0;0;0;3;0;0;0;0
25/11/2021;13:21:00;220;Com vítima;98.400;1587;Decrescente;Colisão traseira;1;0;0;1;0;0;0;0;0;0;2;1;0;0;0
25/11/2021;15:52:00;288;Com vítima;273.500;1585;Crescente;Tombamento;0;0;0;0;0;1;0;0;0;0;0;1;0;0;0
25/11/2021;19:03:00;343;Com vítima;277.000;1560;Crescente;Colisão traseira;0;0;0;1;0;0;0;0;0;1;1;0;2;0;0
26/11/2021;05:56:00;20;Sem vítima;124.000;1576;Decrescente;Choque;0;0;0;0;0;0;0;0;0;1;2;0;0;0;0
26/11/2021;11:11:00;153;Com vítima;163.900;1564;Crescente;Capotamento;1;0;0;0;0;0;0;0;0;0;0;0;1;0;0
26/11/2021;17:17:00;296;Sem vítima;20.500;1563;Crescente;Colisão traseira;0;0;0;0;0;0;0;0;0;1;2;0;0;0;0
26/11/2021;20:19:00;342;Com vítima;207.000;1565;Crescente;Choque;1;0;0;0;0;0;0;0;0;0;0;0;1;0;0
26/11/2021;23:09:00;373;Sem vítima;126.000;1576;Decrescente;Choque;0;0;1;0;0;0;0;0;0;0;1;0;0;0;0
27/11/2021;02:15:00;15;Sem vítima;149.800;1564;Crescente;Acidentes de outra natureza;0;0;0;0;0;1;0;0;0;0;1;0;0;0;0
27/11/2021;05:27:00;32;Sem vítima;230.000;1585;Crescente;Choque;0;0;0;0;0;0;0;0;0;1;5;0;0;0;0
27/11/2021;07:36:00;55;Sem vítima;62.460;1574;Decrescente;Choque;0;0;0;0;0;0;0;0;0;1;1;0;0;0;0
27/11/2021;07:43:00;57;Sem vítima;29.860;1562;Crescente;Choque;0;0;0;0;0;0;0;0;0;1;1;0;0;0;0
27/11/2021;08:39:00;79;Com vítima;18.900;1562;Crescente;Colisão lateral no mesmo sentido;1;0;0;0;0;0;0;0;0;0;0;3;0;0;0
27/11/2021;09:59:00;116;Com vítima;273.000;1585;Crescente;Choque;0;0;0;0;0;1;0;0;0;1;1;1;0;1;0
27/11/2021;17:29:00;254;Sem vítima;243.500;1588;Decrescente;Choque;0;0;0;0;0;0;0;0;0;1;1;0;0;0;0
29/11/2021;02:05:00;18;Sem vítima;130.300;1576;Decrescente;Choque;1;0;0;0;0;0;0;0;0;0;1;0;0;0;0
29/11/2021;10:41:00;144;Sem vítima;206.400;1565;Crescente;Choque;1;0;0;0;0;0;0;0;0;0;3;0;0;0;0
30/11/2021;01:09:00;6;Sem vítima;20.000;1562;Crescente;Colisão traseira;0;0;0;0;0;2;0;0;0;0;2;0;0;0;0
30/11/2021;09:30:00;108;Com vítima;111.050;1588;Decrescente;Colisão traseira;0;0;1;0;0;0;0;0;0;1;3;0;1;0;0
30/11/2021;14:27:00;209;Sem vítima;148.500;1564;Crescente;Tombamento;0;0;1;0;0;0;0;0;0;0;1;0;0;0;0
30/11/2021;17:41:00;282;Com vítima;25.120;1562;Crescente;Choque;2;0;0;0;0;0;0;0;0;0;0;1;3;0;0
30/11/2021;19:13:00;309;Com vítima;97.500;1584;Crescente;Colisão lateral no mesmo sentido;1;0;0;1;0;0;0;0;0;0;1;0;1;0;0
01/12/2021;08:06:00;45;Com vítima;56.000;1574;Decrescente;Tombamento;0;0;1;0;0;0;0;0;0;0;0;0;0;1;0
01/12/2021;19:17:00;294;Com vítima;207.000;1565;Crescente;Choque;0;0;0;1;0;0;0;0;0;0;0;0;1;0;0
02/12/2021;00:20:00;7;Com vítima;187.000;1565;Crescente;Choque;0;0;0;1;0;0;0;0;0;0;0;1;0;0;0
02/12/2021;02:03:00;18;Com vítima;172.300;1576;Decrescente;Choque;0;0;1;0;0;0;0;0;0;0;0;1;0;0;0
02/12/2021;10:16:00;151;Sem vítima;180.000;1565;Crescente;Colisão lateral no mesmo sentido;1;0;0;0;0;0;0;0;0;0;1;0;0;0;0
02/12/2021;15:23:00;262;Sem vítima;169.500;1576;Decrescente;Choque;0;0;0;0;0;1;0;0;0;0;1;0;0;0;0
02/12/2021;21:30:00;370;Com vítima;175.050;1581;Decrescente;Colisão frontal;1;0;0;1;0;0;0;0;0;0;1;1;1;0;0
03/12/2021;05:56:00;29;Com vítima;152.350;1576;Decrescente;Choque;0;0;0;0;0;0;0;0;0;1;0;2;0;0;0
03/12/2021;18:18:00;275;Sem vítima;62.700;1562;Crescente;Choque;1;0;0;0;0;0;0;0;0;0;1;0;0;0;0
03/12/2021;19:07:00;288;Com vítima;198.900;1576;Decrescente;Colisão traseira;1;0;1;0;0;0;0;0;0;0;1;1;0;0;0
04/12/2021;01:55:00;13;Com vítima;236.570;1585;Crescente;Choque;0;0;0;0;0;0;0;0;0;1;0;0;2;0;0
04/12/2021;02:50:00;17;Sem vítima;52.900;1574;Decrescente;Choque;1;0;0;0;0;0;0;0;0;0;1;0;0;0;0
04/12/2021;08:15:00;70;Com vítima;171.880;1564;Crescente;Atropelamento de pedestre;0;0;0;1;0;0;0;0;0;0;1;0;1;0;0
04/12/2021;09:00:00;89;Sem vítima;160.800;1564;Crescente;Choque;0;0;0;0;0;0;0;0;0;1;4;0;0;0;0
04/12/2021;12:23:00;184;Com vítima;176.000;1576;Decrescente;Queda de moto;0;0;0;1;0;0;0;0;0;0;0;0;2;0;0
04/12/2021;15:16:00;226;Sem vítima;243.000;1585;Crescente;Choque;0;0;0;0;0;0;0;0;0;1;6;0;0;0;0
04/12/2021;17:39:00;269;Sem vítima;44.000;1562;Crescente;Choque;1;0;0;0;0;0;0;0;0;0;1;0;0;0;0
04/12/2021;23:31:00;322;Sem vítima;221.925;1585;Crescente;Choque;1;0;0;0;0;0;0;0;0;0;1;0;0;0;0
05/12/2021;00:40:00;9;Com vítima;275.000;1588;Decrescente;Queda de moto;0;0;0;1;0;0;0;0;0;0;0;1;0;0;0
05/12/2021;02:54:00;24;Com vítima;179.000;1565;Crescente;Choque;0;0;0;1;0;0;0;0;0;0;1;1;0;0;0
05/12/2021;04:49:00;29;Sem vítima;95.700;1584;Crescente;Choque;1;0;0;0;0;0;0;0;0;0;3;0;0;0;0
05/12/2021;18:19:00;242;Com vítima;156.300;1564;Crescente;Choque;1;0;0;0;0;0;0;0;0;0;4;0;1;0;0
05/12/2021;21:30:00;296;Com vítima;185.950;1565;Crescente;Colisão traseira;0;0;0;1;0;0;0;0;0;1;1;0;1;0;0
06/12/2021;10:02:00;131;Sem vítima;101.720;1564;Crescente;Colisão traseira;0;0;0;0;0;2;0;0;0;0;2;0;0;0;0
06/12/2021;11:21:00;177;Com vítima;230.040;1588;Decrescente;Choque;0;0;0;0;0;0;0;0;0;1;0;2;0;0;0
06/12/2021;14:50:00;239;Sem vítima;23.500;1562;Crescente;Colisão traseira;0;0;1;0;0;1;0;0;0;0;2;0;0;0;0
06/12/2021;22:31:00;336;Com vítima;20.240;1562;Crescente;Colisão traseira;0;0;1;0;0;1;0;0;0;0;1;0;0;1;0
07/12/2021;04:42:00;27;Sem vítima;38.000;1579;Decrescente;Atropelamento de animal;0;0;0;0;0;0;0;0;0;1;1;0;0;0;0
07/12/2021;07:38:00;82;Sem vítima;133.190;1588;Decrescente;Choque;1;0;0;0;0;0;0;0;0;0;3;0;0;0;0
07/12/2021;08:59:00;87;Sem vítima;150.800;1576;Decrescente;Colisão lateral no mesmo sentido;1;0;0;0;0;0;0;0;0;0;1;0;0;0;0
07/12/2021;13:47:00;213;Com vítima;312.960;1586;Crescente;Choque;1;0;0;0;0;0;0;0;0;0;0;1;0;0;0
07/12/2021;14:08:00;218;Com vítima;181.680;1588;Decrescente;Choque;0;0;1;0;0;0;0;0;0;0;0;0;1;0;0
07/12/2021;16:48:00;272;Sem vítima;174.000;1576;Decrescente;Colisão lateral no mesmo sentido;0;0;2;0;0;0;0;0;0;0;2;0;0;0;0
07/12/2021;17:08:00;281;Com vítima;282.800;1560;Crescente;Colisão transversal;0;0;0;0;1;1;0;0;0;0;1;0;1;0;0
08/12/2021;00:54:00;7;Com vítima;144.560;1576;Decrescente;Capotamento;1;0;0;0;0;0;0;0;0;0;0;2;0;0;0
08/12/2021;10:13:00;144;Sem vítima;197.000;1565;Crescente;Choque;1;0;0;0;0;0;0;0;0;0;2;0;0;0;0