data;horario;n_da_ocorrencia;tipo_de_ocorrencia;km;trecho;sentido;tipo_de_acidente;automovel;bicicleta;caminhao;moto;onibus;outros;tracao_animal;transporte_de_cargas_especiais;trator_maquinas;utilitarios;ilesos;levemente_feridos;moderadamente_feridos;gravemente_feridos;mortos
08/12/2021;14:44:00;228;Sem vítima;140.800;1564;Crescente;Tombamento;0;0;1;0;0;0;0;0;0;0;1;0;0;0;0
08/12/2021;14:58:00;233;Sem vítima;90.070;1564;Crescente;Colisão traseira;0;0;0;0;0;0;0;0;0;2;13;0;0;0;0
08/12/2021;18:22:00;298;Com vítima;275.900;1560;Crescente;Colisão frontal;2;0;1;1;0;0;0;0;0;0;3;1;0;0;1
08/12/2021;23:44:00;364;Com vítima;110.980;1585;Crescente;Atropelamento de animal;1;0;0;0;0;0;0;0;0;0;1;0;1;0;0
09/12/2021;14:16:00;204;Com vítima;53.450;1574;Decrescente;Choque;0;0;0;0;0;1;0;0;0;0;0;1;0;0;0
09/12/2021;19:48:00;305;Com vítima;206.000;1576;Decrescente;Colisão traseira;0;0;0;1;0;0;0;0;0;0;0;1;0;0;0
09/12/2021;22:09:00;339;Com vítima;211.510;1585;Crescente;Choque;0;0;0;0;0;0;0;0;0;1;0;1;0;0;0
09/12/2021;22:21:00;341;Com vítima;2.520;1562;Crescente;Colisão traseira;0;0;0;0;0;2;0;0;0;0;1;1;0;0;0
10/12/2021;05:32:00;43;Sem vítima;133.860;1588;Decrescente;Choque;0;0;0;0;0;0;0;0;0;1;1;0;0;0;0
10/12/2021;12:52:00;198;Com vítima;54.480;1562;Crescente;Tombamento;0;0;0;0;0;1;0;0;0;0;0;0;0;1;0
10/12/2021;19:52:00;327;Sem vítima;90.000;1564;Crescente;Choque;0;0;0;0;0;0;0;0;0;1;1;0;0;0;0
10/12/2021;20:15:00;331;Com vítima;35.700;1574;Decrescente;Colisão traseira;1;0;0;1;0;0;0;0;0;0;1;1;0;0;0
11/12/2021;10:39:00;120;Sem vítima;303.700;1561;Crescente;Choque;0;0;0;0;0;0;0;0;0;1;2;0;0;0;0
11/12/2021;20:21:00;311;Com vítima;200.000;1576;Decrescente;Choque;1;0;0;0;0;0;0;0;0;0;0;2;0;0;0
11/12/2021;23:46:00;353;Com vítima;148.600;1564;Crescente;Capotamento;0;0;0;0;0;0;0;0;0;1;0;2;0;0;0
12/12/2021;03:28:00;20;Com vítima;20.000;1562;Crescente;Choque;0;0;1;0;0;0;0;0;0;0;0;1;0;0;0
13/12/2021;00:47:00;8;Sem vítima;111.450;1585;Crescente;Choque;1;0;0;0;0;0;0;0;0;0;3;0;0;0;0
13/12/2021;01:17:00;11;Sem vítima;133.000;1585;Crescente;Choque;0;0;0;0;0;1;0;0;0;0;1;0;0;0;0
13/12/2021;09:14:00;73;Sem vítima;16.980;1572;Decrescente;Choque;1;0;0;0;0;0;0;0;0;0;2;0;0;0;0
13/12/2021;15:55:00;195;Sem vítima;86.610;1564;Crescente;Colisão lateral no mesmo sentido;1;0;0;0;0;1;0;0;0;0;5;0;0;0;0
13/12/2021;16:14:00;201;Com vítima;124.300;1564;Crescente;Capotamento;0;0;0;0;0;0;0;0;0;1;0;0;1;0;0
13/12/2021;17:16:00;216;Com vítima;96.100;1587;Decrescente;Colisão transversal;0;0;0;0;0;1;0;0;0;1;1;1;0;0;0
14/12/2021;07:22:00;48;Sem vítima;8.800;1563;Crescente;Atropelamento de animal;0;0;0;0;0;0;0;0;0;1;1;0;0;0;0
14/12/2021;11:34:00;145;Com vítima;38.700;1562;Crescente;Colisão lateral no mesmo sentido;1;0;1;0;0;0;0;0;0;0;2;0;1;0;0
15/12/2021;08:48:00;82;Com vítima;51.000;1562;Crescente;Colisão traseira;1;0;0;0;0;0;0;0;0;0;1;2;0;0;0
15/12/2021;19:15:00;294;Com vítima;169.800;1564;Crescente;Choque;2;0;0;0;0;0;0;0;0;1;3;2;1;0;0
16/12/2021;00:34:00;7;Sem vítima;141.800;1564;Crescente;Choque;0;0;1;0;0;0;0;0;0;0;2;0;0;0;0
16/12/2021;00:42:00;11;Sem vítima;101.000;1564;Crescente;Choque;1;0;0;0;0;0;0;0;0;0;2;0;0;0;0
16/12/2021;02:16:00;25;Sem vítima;78.500;1576;Decrescente;Colisão traseira;0;0;1;0;0;1;0;0;0;0;2;0;0;0;0
16/12/2021;09:37:00;123;Sem vítima;29.820;1574;Decrescente;Tombamento;1;0;0;0;0;0;0;0;0;0;1;0;0;0;0
16/12/2021;13:25:00;202;Sem vítima;132.300;1576;Decrescente;Colisão traseira;0;0;2;0;0;0;0;0;0;0;5;0;0;0;0
16/12/2021;14:21:00;220;Sem vítima;115.000;1588;Decrescente;Choque;1;0;0;0;0;0;0;0;0;0;1;0;0;0;0
16/12/2021;15:02:00;233;Sem vítima;116.000;1585;Crescente;Choque;1;0;0;0;0;0;0;0;0;0;2;0;0;0;0
17/12/2021;08:36:00;75;Com vítima;110.480;1576;Decrescente;Choque;0;0;0;0;0;0;0;0;0;1;0;0;1;0;0
17/12/2021;11:25:00;130;Com vítima;53.500;1562;Crescente;Choque;0;0;1;0;0;0;0;0;0;0;0;1;0;0;0
17/12/2021;16:53:00;236;Sem vítima;136.000;1564;Crescente;Colisão traseira;1;0;0;0;0;1;0;0;0;0;4;0;0;0;0
17/12/2021;17:06:00;242;Sem vítima;294.900;1567;Decrescente;Choque;1;0;0;0;0;0;0;0;0;0;5;0;0;0;0
17/12/2021;18:00:00;262;Sem vítima;135.000;1564;Crescente;Choque;0;0;0;0;0;0;0;0;0;1;1;0;0;0;0
17/12/2021;18:11:00;268;Sem vítima;134.500;1564;Crescente;Engavetamento;2;0;0;0;0;0;0;0;0;2;4;0;0;0;0
18/12/2021;02:23:00;23;Sem vítima;297.410;1567;Decrescente;Choque;0;0;1;0;0;0;0;0;0;0;1;0;0;0;0
18/12/2021;05:56:00;44;Com vítima;81.900;1576;Decrescente;Choque;1;0;1;0;0;0;0;0;0;0;2;1;0;0;0
18/12/2021;12:20:00;202;Sem vítima;172.040;1585;Crescente;Choque;1;0;0;0;0;0;0;0;0;0;1;0;0;0;0
18/12/2021;14:54:00;242;Sem vítima;173.500;1564;Crescente;Colisão lateral no mesmo sentido;1;0;0;0;0;0;0;0;0;0;1;0;0;0;0
18/12/2021;17:51:00;302;Sem vítima;152.900;1564;Crescente;Choque;0;0;0;0;0;0;0;0;0;1;2;0;0;0;0
18/12/2021;20:33:00;345;Com vítima;105.900;1588;Decrescente;Capotamento;0;0;0;0;0;0;0;0;0;1;2;1;0;0;0
18/12/2021;20:41:00;347;Sem vítima;273.000;1588;Decrescente;Queda de moto;0;0;0;1;0;0;0;0;0;0;2;0;0;0;0
18/12/2021;21:09:00;353;Sem vítima;172.000;1576;Decrescente;Choque;1;0;0;0;0;0;0;0;0;0;4;0;0;0;0
19/12/2021;00:02:00;1;Sem vítima;59.500;1574;Decrescente;Choque;1;0;0;0;0;0;0;0;0;0;1;0;0;0;0
19/12/2021;07:53:00;69;Sem vítima;175.000;1580;Crescente;Choque;1;0;0;0;0;0;0;0;0;0;1;0;0;0;0
19/12/2021;12:34:00;158;Com vítima;196.600;1585;Crescente;Choque;1;0;0;0;0;0;0;0;0;0;0;2;0;0;0
19/12/2021;17:39:00;244;Com vítima;134.900;1564;Crescente;Capotamento;1;0;0;0;0;0;0;0;0;0;0;2;2;0;0
19/12/2021;17:42:00;245;Sem vítima;136.000;1585;Crescente;Choque;1;0;0;0;0;0;0;0;0;0;3;0;0;0;0
19/12/2021;21:11:00;294;Sem vítima;56.900;1562;Crescente;Choque;1;0;0;0;0;0;0;0;0;0;3;0;0;0;0
19/12/2021;22:56:00;318;Sem vítima;174.000;1564;Crescente;Choque;1;0;0;0;0;0;0;0;0;0;1;0;0;0;0
20/12/2021;08:29:00;88;Sem vítima;165.900;1585;Crescente;Tombamento;0;0;1;0;0;0;0;0;0;0;1;0;0;0;0
20/12/2021;08:51:00;96;Sem vítima;21.040;1562;Crescente;Choque;0;0;0;0;0;0;0;0;0;1;1;0;0;0;0
20/12/2021;10:58:00;154;Com vítima;95.800;1576;Decrescente;Colisão traseira;1;0;1;0;0;1;0;0;0;0;2;2;1;0;0
20/12/2021;12:35:00;193;Sem vítima;40.900;1562;Crescente;Choque;1;0;0;0;0;0;0;0;0;0;3;0;0;0;0
20/12/2021;13:25:00;205;Com vítima;280.400;1566;Decrescente;Colisão transversal;0;0;0;1;1;0;0;0;0;0;5;0;1;0;0
20/12/2021;16:03:00;258;Sem vítima;58.120;1574;Decrescente;Choque;1;0;0;0;0;0;0;0;0;0;1;0;0;0;0
20/12/2021;17:11:00;277;Com vítima;165.500;1585;Crescente;Choque;0;0;0;0;0;0;0;0;0;1;0;1;0;0;0
20/12/2021;19:42:00;312;Com vítima;184.000;1576;Decrescente;Colisão lateral no mesmo sentido;1;0;0;0;0;1;0;0;0;1;3;2;0;0;0
20/12/2021;22:38:00;344;Com vítima;111.300;1588;Decrescente;Tombamento;0;0;0;0;0;1;0;0;0;0;0;0;0;1;0
21/12/2021;13:14:00;178;Com vítima;197.750;1565;Crescente;Choque;1;0;0;0;1;0;0;0;0;0;20;1;1;0;0
21/12/2021;14:31:00;206;Com vítima;255.000;1585;Crescente;Engavetamento;0;0;0;0;0;1;0;0;0;2;4;1;1;0;0
21/12/2021;17:33:00;253;Sem vítima;28.820;1562;Crescente;Colisão traseira;0;0;1;0;0;0;0;0;0;1;5;0;0;0;0
21/12/2021;23:44:00;324;Com vítima;118.900;1576;Decrescente;Colisão traseira;0;0;0;0;1;1;0;0;0;0;22;1;1;0;0
22/12/2021;00:18:00;2;Com vítima;36.700;1574;Decrescente;Atropelamento de animal;0;0;0;0;0;0;0;0;0;1;3;0;1;0;0
22/12/2021;00:28:00;4;Sem vítima;4.520;1562;Crescente;Colisão traseira;0;0;0;0;0;1;0;0;0;1;2;0;0;0;0
22/12/2021;01:20:00;8;Sem vítima;278.000;1566;Decrescente;Colisão lateral no mesmo sentido;0;0;0;0;0;0;0;0;0;1;4;0;0;0;0
22/12/2021;07:39:00;56;Sem vítima;99.080;1584;Crescente;Engavetamento;1;0;0;0;0;0;0;0;0;1;5;0;0;0;0
22/12/2021;09:41:00;100;Sem vítima;46.180;1562;Crescente;Colisão lateral no mesmo sentido;1;0;0;0;0;1;0;0;0;0;2;0;0;0;0
22/12/2021;12:20:00;169;Sem vítima;77.300;1576;Decrescente;Colisão lateral no mesmo sentido;1;0;1;0;0;0;0;0;0;0;2;0;0;0;0
22/12/2021;23:30:00;333;Sem vítima;4.250;1562;Crescente;Tombamento;0;0;0;0;0;1;0;0;0;0;1;0;0;0;0
23/12/2021;06:14:00;43;Com vítima;171.220;1585;Crescente;Colisão traseira;2;0;0;0;0;0;0;0;0;0;3;1;0;0;0
23/12/2021;08:44:00;98;Sem vítima;137.500;1576;Decrescente;Choque;1;0;0;0;0;0;0;0;0;0;5;0;0;0;0
23/12/2021;11:21:00;171;Sem vítima;81.200;1564;Crescente;Choque;1;0;0;0;0;0;0;0;0;0;1;0;0;0;0
23/12/2021;11:50:00;185;Com vítima;11.700;1575;Decrescente;Queda de moto;0;0;0;1;0;0;0;0;0;0;0;0;1;0;0
23/12/2021;12:16:00;196;Com vítima;1.400;1572;Decrescente;Choque;0;0;0;0;0;0;0;0;0;1;0;0;1;0;0
23/12/2021;13:00:00;214;Sem vítima;53.000;1574;Decrescente;Choque;0;0;1;0;0;0;0;0;0;0;1;0;0;0;0
23/12/2021;15:58:00;272;Sem vítima;9.340;1575;Decrescente;Choque;0;0;0;0;0;1;0;0;0;0;1;0;0;0;0
23/12/2021;17:43:00;312;Sem vítima;91.000;1576;Decrescente;Capotamento;1;0;0;0;0;0;0;0;0;0;1;0;0;0;0
23/12/2021;17:44:00;314;Sem vítima;280.500;1566;Decrescente;Colisão transversal;0;0;0;1;0;0;0;0;0;1;3;0;0;0;0
23/12/2021;18:11:00;325;Com vítima;105.000;1576;Decrescente;Engavetamento;3;0;0;0;0;0;0;0;0;0;0;4;0;0;0
23/12/2021;21:12:00;363;Sem vítima;185.000;1585;Crescente;Choque;1;0;0;0;0;0;0;0;0;0;2;0;0;0;0
24/12/2021;04:25:00;32;Sem vítima;274.800;1585;Crescente;Acidentes de outra natureza;0;0;0;0;0;0;0;0;0;1;1;0;0;0;0
24/12/2021;08:38:00;92;Sem vítima;252.380;1588;Decrescente;Capotamento;0;0;0;0;0;0;0;0;0;1;1;0;0;0;0
24/12/2021;10:21:00;125;Sem vítima;151.440;1576;Decrescente;Choque;0;0;0;0;0;0;0;0;0;1;2;0;0;0;0
24/12/2021;11:03:00;143;Com vítima;195.600;1585;Crescente;Choque;1;0;0;0;0;0;0;0;0;0;1;2;1;0;0
24/12/2021;17:19:00;274;Sem vítima;60.000;1574;Decrescente;Choque;1;0;0;0;0;0;0;0;0;0;5;0;0;0;0
24/12/2021;17:25:00;277;Sem vítima;6.000;1572;Decrescente;Choque;0;0;0;0;0;1;0;0;0;0;1;0;0;0;0
25/12/2021;14:15:00;105;Com vítima;100.000;1576;Decrescente;Queda de moto;0;0;0;1;0;0;0;0;0;0;0;1;1;0;0
25/12/2021;16:04:00;133;Sem vítima;79.850;1576;Decrescente;Atropelamento de animal;0;0;0;0;0;0;0;0;0;1;4;0;0;0;0
25/12/2021;22:33:00;201;Com vítima;180.000;1565;Crescente;Colisão traseira;2;0;0;0;0;0;0;0;0;0;5;2;1;0;0
26/12/2021;04:32:00;21;Com vítima;140.420;1576;Decrescente;Tombamento;1;0;0;0;0;0;0;0;0;0;2;0;1;0;0
26/12/2021;14:12:00;166;Sem vítima;202.300;1565;Crescente;Choque;1;0;0;0;0;0;0;0;0;0;4;0;0;0;0
26/12/2021;18:21:00;269;Sem vítima;7.100;1562;Crescente;Choque;0;0;0;0;0;1;0;0;0;0;2;0;0;0;0
26/12/2021;21:30:00;329;Com vítima;193.700;1576;Decrescente;Choque;1;0;0;0;0;0;0;0;0;0;0;0;8;0;0
26/12/2021;23:25:00;356;Com vítima;270.000;1585;Crescente;Choque;0;0;0;1;0;0;0;0;0;0;2;0;2;0;0
27/12/2021;01:59:00;15;Sem vítima;100.470;1588;Decrescente;Atropelamento de animal;0;0;0;0;0;1;0;0;0;0;2;0;0;0;0
27/12/2021;06:10:00;33;Sem vítima;186.100;1576;Decrescente;Colisão traseira;0;0;0;0;0;0;0;0;0;1;2;0;0;0;0
27/12/2021;06:56:00;43;Com vítima;178.300;1564;Crescente;Queda de moto;0;0;0;1;0;0;0;0;0;0;0;4;0;0;0
27/12/2021;09:14:00;105;Com vítima;265.960;1585;Crescente;Choque;0;0;0;0;0;0;0;0;0;1;0;4;0;0;0
27/12/2021;10:54:00;152;Sem vítima;35.250;1574;Decrescente;Colisão lateral no mesmo sentido;0;0;0;0;0;0;0;0;0;1;4;0;0;0;0
27/12/2021;11:24:00;171;Com vítima;50.940;1574;Decrescente;Choque;1;0;0;0;0;0;0;0;0;0;0;2;0;0;0
27/12/2021;23:02:00;364;Com vítima;55.000;1562;Crescente;Capotamento;0;0;1;0;0;0;0;0;0;0;0;0;1;0;0
28/12/2021;08:36:00;72;Sem vítima;43.100;1574;Decrescente;Colisão lateral no mesmo sentido;1;0;0;0;0;0;0;0;0;1;2;0;0;0;0
28/12/2021;16:23:00;256;Sem vítima;246.400;1585;Crescente;Choque;0;0;0;0;0;0;0;0;0;1;2;0;0;0;0
28/12/2021;18:25:00;277;Com vítima;57.000;1574;Decrescente;Queda de moto;0;0;0;1;0;0;0;0;0;0;0;1;0;0;0
28/12/2021;20:00:00;301;Sem vítima;287.600;1561;Crescente;Choque;1;0;0;0;0;0;0;0;0;0;5;0;0;0;0
28/12/2021;20:36:00;309;Com vítima;203.000;1565;Crescente;Queda de moto;0;0;0;1;0;0;0;0;0;0;0;1;0;0;0
29/12/2021;09:54:00;108;Com vítima;137.000;1576;Decrescente;Capotamento;1;0;0;0;0;0;0;0;0;0;0;2;0;0;0
29/12/2021;14:57:00;203;Sem vítima;170.000;1576;Decrescente;Colisão traseira;0;0;0;0;0;2;0;0;0;0;2;0;0;0;0
29/12/2021;16:18:00;225;Com vítima;149.900;1576;Decrescente;Tombamento;0;0;1;0;0;0;0;0;0;0;1;1;0;0;0
29/12/2021;17:09:00;240;Sem vítima;62.000;1562;Crescente;Acidentes de outra natureza;1;0;0;0;0;0;0;0;0;0;5;0;0;0;0
29/12/2021;21:44:00;295;Sem vítima;156.800;1576;Decrescente;Choque;1;0;0;0;0;0;0;0;0;0;1;0;0;0;0
30/12/2021;13:39:00;172;Com vítima;18.800;1562;Crescente;Choque;1;0;0;0;0;0;0;0;0;0;0;0;1;0;0
30/12/2021;13:57:00;180;Sem vítima;235.000;1585;Crescente;Choque;1;0;0;0;0;0;0;0;0;0;2;0;0;0;0
30/12/2021;17:26:00;231;Sem vítima;29.800;1574;Decrescente;Choque;1;0;0;0;0;0;0;0;0;0;3;0;0;0;0
31/12/2021;08:02:00;55;Sem vítima;58.100;1574;Decrescente;Choque;1;0;0;0;0;0;0;0;0;0;5;0;0;0;0
31/12/2021;12:07:00;130;Sem vítima;144.700;1564;Crescente;Choque;1;0;0;0;0;0;0;0;0;0;2;0;0;0;0
31/12/2021;18:41:00;234;Sem vítima;173.300;1564;Crescente;Colisão lateral no mesmo sentido;1;0;0;0;0;0;0;0;0;1;4;0;0;0;0
01/01/2022;10:56:00;67;Sem vítima;235.970;1588;Decrescente;Choque;1;0;0;0;0;0;0;0;0;0;1;0;0;0;0
01/01/2022;12:29:00;81;Sem vítima;101.350;1585;Crescente;Choque;0;0;0;0;0;0;0;0;0;2;6;0;0;0;0
01/01/2022;15:35:00;111;Sem vítima;195.500;1585;Crescente;Choque;1;0;0;0;0;0;0;0;0;0;3;0;0;0;0
02/01/2022;07:37:00;37;Sem vítima;17.100;1572;Decrescente;Choque;1;0;0;0;0;0;0;0;0;0;2;0;0;0;0
02/01/2022;10:33:00;74;Sem vítima;125.500;1576;Decrescente;Choque;1;0;0;0;0;0;0;0;0;0;2;0;0;0;0
02/01/2022;10:38:00;79;Com vítima;226.000;1585;Crescente;Choque;0;0;0;1;0;0;0;0;0;0;0;1;0;0;0
02/01/2022;10:48:00;83;Sem vítima;29.800;1562;Crescente;Choque;0;0;0;0;0;0;0;0;0;1;2;0;0;0;0
02/01/2022;13:08:00;115;Sem vítima;273.000;1585;Crescente;Choque;1;0;0;0;0;0;0;0;0;0;1;0;0;0;0
02/01/2022;15:08:00;142;Com vítima;97.700;1584;Crescente;Colisão transversal;2;0;0;0;0;0;0;0;0;0;3;2;0;0;0
02/01/2022;16:37:00;182;Sem vítima;119.800;1588;Decrescente;Colisão transversal;1;0;0;0;0;1;0;0;0;0;2;0;0;0;0
02/01/2022;18:12:00;206;Com vítima;118.840;1564;Crescente;Capotamento;1;0;0;0;0;0;0;0;0;0;1;0;1;1;0
02/01/2022;18:29:00;212;Com vítima;151.000;1585;Crescente;Capotamento;1;0;0;0;0;0;0;0;0;0;0;1;2;0;0
02/01/2022;19:47:00;234;Com vítima;99.150;1584;Crescente;Atropelamento de animal;1;0;0;0;0;0;0;0;0;0;2;0;1;0;0
03/01/2022;00:39:00;10;Sem vítima;64.740;1574;Decrescente;Choque;1;0;0;0;0;0;0;0;0;0;4;0;0;0;0
03/01/2022;02:12:00;22;Sem vítima;32.000;1562;Crescente;Acidentes de outra natureza;0;0;1;0;0;1;0;0;0;0;2;0;0;0;0
03/01/2022;22:47:00;321;Sem vítima;272.730;1588;Decrescente;Choque;0;0;0;0;1;0;0;0;0;0;1;0;0;0;0
03/01/2022;23:43:00;332;Com vítima;127.900;1576;Decrescente;Colisão traseira;0;0;0;0;0;2;0;0;0;0;1;0;1;0;0
04/01/2022;10:04:00;148;Sem vítima;34.540;1574;Decrescente;Choque;1;0;0;0;0;0;0;0;0;0;1;0;0;0;0
04/01/2022;12:42:00;209;Sem vítima;16.520;1562;Crescente;Choque;0;0;1;0;0;0;0;0;0;0;1;0;0;0;0
04/01/2022;12:52:00;214;Sem vítima;272.200;1588;Decrescente;Choque;0;0;0;0;0;0;0;0;0;1;1;0;0;0;0
04/01/2022;13:39:00;228;Com vítima;192.990;1565;Crescente;Queda de moto;0;0;0;1;0;0;0;0;0;0;0;1;0;0;0
04/01/2022;16:51:00;282;Sem vítima;53.280;1562;Crescente;Choque;0;0;0;0;0;0;0;0;0;1;1;0;0;0;0
05/01/2022;01:52:00;9;Sem vítima;82.700;1564;Crescente;Choque;1;0;0;0;0;0;0;0;0;0;3;0;0;0;0
05/01/2022;07:40:00;44;Sem vítima;204.300;1565;Crescente;Choque;1;0;0;0;0;0;0;0;0;0;1;0;0;0;0
05/01/2022;11:34:00;149;Com vítima;233.380;1585;Crescente;Capotamento;0;0;0;0;0;0;0;0;0;1;0;1;4;0;0
06/01/2022;03:36:00;16;Sem vítima;203.800;1576;Decrescente;Colisão traseira;0;0;0;0;0;0;0;0;0;1;1;0;0;0;0
06/01/2022;10:45:00;123;Sem vítima;165.500;1576;Decrescente;Choque;1;0;0;0;0;0;0;0;0;0;3;0;0;0;0
06/01/2022;11:09:00;128;Sem vítima;132.500;1564;Crescente;Choque;0;0;0;0;0;0;0;0;0;1;2;0;0;0;0
06/01/2022;14:17:00;177;Com vítima;1.500;1572;Decrescente;Atropelamento de animal;1;0;0;0;0;0;0;0;0;0;0;0;1;0;0
07/01/2022;06:50:00;24;Com vítima;18.800;1562;Crescente;Choque;1;0;0;0;0;0;0;0;0;0;0;4;0;0;0
07/01/2022;08:10:00;54;Sem vítima;102.480;1576;Decrescente;Atropelamento de animal;1;0;0;0;0;0;0;0;0;0;2;0;0;0;0
07/01/2022;10:38:00;110;Sem vítima;128.150;1576;Decrescente;Choque;1;0;0;0;0;0;0;0;0;0;1;0;0;0;0
07/01/2022;13:06:00;157;Com vítima;140.300;1564;Crescente;Capotamento;1;0;0;0;0;0;0;0;0;0;0;0;4;0;0
08/01/2022;08:01:00;70;Com vítima;182.750;1576;Decrescente;Queda de moto;0;0;0;1;0;0;0;0;0;0;0;1;0;0;0
08/01/2022;13:23:00;200;Sem vítima;64.580;1574;Decrescente;Choque;1;0;0;0;0;0;0;0;0;0;1;0;0;0;0
08/01/2022;13:57:00;210;Sem vítima;58.060;1562;Crescente;Choque;1;0;0;0;0;0;0;0;0;0;1;0;0;0;0
08/01/2022;14:24:00;217;Com vítima;11.600;1563;Crescente;Capotamento;1;0;0;0;0;0;0;0;0;0;0;0;1;0;0
08/01/2022;14:25:00;218;Com vítima;7.800;1563;Crescente;Capotamento;1;0;0;0;0;0;0;0;0;0;0;0;1;0;0
08/01/2022;16:53:00;268;Sem vítima;10.100;1572;Decrescente;Choque;1;0;0;0;0;0;0;0;0;0;3;0;0;0;0
08/01/2022;17:06:00;270;Sem vítima;287.480;1561;Crescente;Choque;1;0;0;0;0;0;0;0;0;0;3;0;0;0;0
09/01/2022;02:24:00;9;Com vítima;36.200;1578;Crescente;Choque;1;0;0;0;0;0;0;0;0;0;0;2;0;0;0
09/01/2022;08:51:00;64;Sem vítima;195.027;1585;Crescente;Choque;0;0;0;0;0;0;0;0;0;1;4;0;0;0;0
09/01/2022;11:27:00;132;Com vítima;1.800;1572;Decrescente;Choque;0;0;0;0;0;0;0;0;0;1;0;1;2;0;0
09/01/2022;19:25:00;244;Com vítima;171.200;1564;Crescente;Choque;0;0;0;1;0;0;0;0;0;0;0;1;1;0;0
10/01/2022;02:04:00;9;Com vítima;242.000;1588;Decrescente;Tombamento;0;0;0;0;0;1;0;0;0;0;0;1;0;0;0
10/01/2022;02:20:00;11;Sem vítima;123.800;1585;Crescente;Choque;1;0;0;0;0;0;0;0;0;0;1;0;0;0;0
10/01/2022;03:27:00;14;Sem vítima;178.000;1588;Decrescente;Choque;0;0;0;0;0;0;0;0;0;1;4;0;0;0;0
10/01/2022;15:12:00;235;Sem vítima;62.200;1562;Crescente;Choque;0;0;0;0;0;0;0;0;0;1;1;0;0;0;0
10/01/2022;15:27:00;239;Com vítima;105.000;1564;Crescente;Colisão traseira;0;0;1;0;0;0;0;0;0;1;4;1;0;0;0
10/01/2022;19:26:00;281;Com vítima;9.900;1563;Crescente;Choque;1;0;0;0;0;0;0;0;0;0;0;1;0;0;0
10/01/2022;19:57:00;289;Sem vítima;230.700;1588;Decrescente;Choque;1;0;0;0;0;0;0;0;0;0;3;0;0;0;0
11/01/2022;06:04:00;31;Sem vítima;195.000;1585;Crescente;Capotamento;1;0;0;0;0;0;0;0;0;0;2;0;0;0;0
11/01/2022;09:30:00;117;Sem vítima;178.700;1588;Decrescente;Choque;1;0;0;0;0;0;0;0;0;0;1;0;0;0;0
11/01/2022;09:30:00;123;Sem vítima;178.780;1588;Decrescente;Choque;0;0;0;0;0;1;0;0;0;0;1;0;0;0;0
11/01/2022;12:23:00;189;Sem vítima;54.000;1562;Crescente;Choque;0;0;1;0;0;0;0;0;0;0;1;0;0;0;0
11/01/2022;13:25:00;205;Sem vítima;195.200;1565;Crescente;Choque;0;0;0;0;0;1;0;0;0;0;2;0;0;0;0
11/01/2022;14:20:00;217;Sem vítima;198.600;1565;Crescente;Colisão transversal;0;0;1;0;0;1;0;0;0;0;2;0;0;0;0
11/01/2022;15:25:00;250;Sem vítima;206.970;1576;Decrescente;Choque;0;0;0;0;0;1;0;0;0;0;1;0;0;0;0
12/01/2022;10:07:00;144;Sem vítima;198.000;1565;Crescente;Choque;0;0;1;0;0;0;0;0;0;0;1;0;0;0;0
12/01/2022;18:57:00;317;Sem vítima;114.300;1588;Decrescente;Choque;0;0;0;0;0;0;0;0;0;1;1;0;0;0;0
13/01/2022;04:43:00;24;Com vítima;133.900;1588;Decrescente;Choque;0;0;1;0;0;0;0;0;0;0;0;1;0;0;0
13/01/2022;08:13:00;62;Com vítima;169.350;1564;Crescente;Colisão traseira;1;0;0;0;0;2;0;0;0;0;2;1;0;0;0
13/01/2022;09:21:00;87;Sem vítima;117.550;1576;Decrescente;Atropelamento de animal;0;0;0;0;0;0;0;0;0;1;1;0;0;0;0
13/01/2022;11:36:00;155;Com vítima;153.400;1576;Decrescente;Capotamento;1;0;0;0;0;0;0;0;0;0;0;4;0;0;0
13/01/2022;14:05:00;186;Sem vítima;31.120;1574;Decrescente;Choque;1;0;0;0;0;0;0;0;0;0;4;0;0;0;0
13/01/2022;16:16:00;234;Sem vítima;178.950;1588;Decrescente;Choque;0;0;0;0;0;0;0;0;0;1;2;0;0;0;0
14/01/2022;21:41:00;372;Sem vítima;172.000;1564;Crescente;Atropelamento de animal;1;0;0;0;0;0;0;0;0;0;2;0;0;0;0
15/01/2022;00:02:00;1;Sem vítima;119.000;1585;Crescente;Choque;1;0;0;0;0;0;0;0;0;0;1;0;0;0;0
15/01/2022;00:53:00;5;Com vítima;198.970;1585;Crescente;Choque;0;0;0;0;1;0;0;0;0;0;26;3;11;0;1
15/01/2022;03:34:00;17;Com vítima;96.900;1587;Decrescente;Atropelamento de pedestre;0;0;0;0;0;0;0;0;0;0;0;0;0;0;1
15/01/2022;13:13:00;168;Sem vítima;174.000;1576;Decrescente;Queda de bicicleta;0;1;0;0;0;0;0;0;0;0;1;0;0;0;0
15/01/2022;13:52:00;180;Sem vítima;58.000;1574;Decrescente;Colisão lateral no mesmo sentido;1;0;0;0;0;1;0;0;0;0;5;0;0;0;0
15/01/2022;17:26:00;250;Sem vítima;176.850;1576;Decrescente;Colisão traseira;1;0;0;0;0;1;0;0;0;0;3;0;0;0;0
16/01/2022;05:59:00;21;Sem vítima;174.000;1564;Crescente;Choque;1;0;0;0;0;0;0;0;0;0;1;0;0;0;0
16/01/2022;16:43:00;213;Com vítima;204.700;1576;Decrescente;Capotamento;1;0;0;0;0;0;0;0;0;0;3;1;0;0;0
16/01/2022;20:31:00;283;Sem vítima;62.200;1562;Crescente;Tombamento;0;0;1;0;0;0;0;0;0;0;1;0;0;0;0
16/01/2022;22:43:00;312;Sem vítima;305.500;1561;Crescente;Choque;1;0;0;0;0;0;0;0;0;0;1;0;0;0;0
17/01/2022;07:50:00;51;Sem vítima;179.500;1565;Crescente;Colisão traseira;0;0;2;0;0;1;0;0;0;0;3;0;0;0;0
17/01/2022;15:31:00;215;Sem vítima;53.100;1562;Crescente;Choque;0;0;0;0;0;1;0;0;0;0;1;0;0;0;0