data;horario;n_da_ocorrencia;tipo_de_ocorrencia;km;trecho;sentido;tipo_de_acidente;automovel;bicicleta;caminhao;moto;onibus;outros;tracao_animal;transporte_de_cargas_especiais;trator_maquinas;utilitarios;ilesos;levemente_feridos;moderadamente_feridos;gravemente_feridos;mortos
17/01/2022;16:56:00;253;Sem vítima;287.800;1561;Crescente;Choque;1;0;0;0;0;0;0;0;0;0;1;0;0;0;0
18/01/2022;07:23:00;50;Com vítima;205.500;1576;Decrescente;Atropelamento de pedestre;0;0;2;0;0;0;0;0;0;0;1;1;0;0;0
18/01/2022;11:32:00;130;Sem vítima;209.560;1585;Crescente;Choque;0;0;0;0;0;0;0;0;0;1;1;0;0;0;0
18/01/2022;14:07:00;171;Sem vítima;190.900;1565;Crescente;Choque;0;0;0;0;0;1;0;0;0;0;1;0;0;0;0
18/01/2022;19:52:00;255;Com vítima;98.600;1564;Crescente;Colisão frontal;1;0;0;0;0;1;0;0;0;0;1;0;3;0;2
19/01/2022;01:31:00;12;Sem vítima;142.000;1564;Crescente;Choque;0;0;1;0;0;0;0;0;0;0;1;0;0;0;0
19/01/2022;08:50:00;88;Sem vítima;178.100;1576;Decrescente;Choque;1;0;0;0;0;0;0;0;0;0;1;0;0;0;0
19/01/2022;16:37:00;302;Sem vítima;192.900;1576;Decrescente;Choque;0;0;1;0;0;0;0;0;0;0;1;0;0;0;0
19/01/2022;19:53:00;358;Sem vítima;168.200;1576;Decrescente;Choque;0;0;1;0;0;0;0;0;0;0;2;0;0;0;0
19/01/2022;20:39:00;366;Sem vítima;175.700;1576;Decrescente;Colisão lateral no mesmo sentido;1;0;0;0;0;1;0;0;0;0;3;0;0;0;0
20/01/2022;05:43:00;23;Sem vítima;206.670;1565;Crescente;Choque;0;0;1;0;0;0;0;0;0;0;3;0;0;0;0
20/01/2022;08:09:00;61;Sem vítima;282.800;1560;Crescente;Colisão transversal;0;0;1;0;0;0;0;0;0;0;2;0;0;0;0
20/01/2022;17:09:00;268;Com vítima;90.190;1564;Crescente;Tombamento;0;0;0;0;0;1;0;0;0;0;0;1;0;0;0
20/01/2022;19:49:00;311;Sem vítima;100.500;1588;Decrescente;Atropelamento de animal;0;0;0;0;0;0;0;0;0;1;1;0;0;0;0
21/01/2022;04:11:00;30;Sem vítima;6.800;1562;Crescente;Choque;1;0;0;0;0;0;0;0;0;0;3;0;0;0;0
21/01/2022;05:31:00;36;Com vítima;113.950;1576;Decrescente;Colisão traseira;0;0;1;0;1;0;0;0;0;0;9;0;1;0;0
21/01/2022;17:36:00;303;Sem vítima;169.500;1564;Crescente;Colisão traseira;1;0;0;0;0;0;0;0;0;0;3;0;0;0;0
22/01/2022;14:29:00;172;Sem vítima;62.400;1562;Crescente;Choque;0;0;0;0;0;0;0;0;0;1;1;0;0;0;0
22/01/2022;14:34:00;174;Com vítima;29.700;1574;Decrescente;Choque;0;0;0;1;0;0;0;0;0;0;1;0;1;0;0
22/01/2022;14:40:00;178;Sem vítima;81.000;1576;Decrescente;Choque;0;0;1;0;0;0;0;0;0;0;1;0;0;0;0
22/01/2022;15:39:00;190;Com vítima;17.000;1572;Decrescente;Tombamento;0;0;1;0;0;0;0;0;0;0;0;0;1;0;0
22/01/2022;16:39:00;211;Com vítima;279.600;1566;Decrescente;Atropelamento de pedestre;0;0;1;0;0;0;0;0;0;0;2;0;0;0;1
23/01/2022;08:20:00;75;Com vítima;29.740;1574;Decrescente;Choque;0;0;0;1;0;0;0;0;0;0;0;0;0;0;1
23/01/2022;08:57:00;84;Sem vítima;179.250;1576;Decrescente;Colisão traseira;1;0;1;0;0;0;0;0;0;0;5;0;0;0;0
23/01/2022;16:40:00;223;Sem vítima;27.800;1562;Crescente;Choque;1;0;0;0;0;0;0;0;0;0;3;0;0;0;0
23/01/2022;17:07:00;235;Sem vítima;62.640;1574;Decrescente;Colisão lateral no mesmo sentido;1;0;0;0;1;0;0;0;0;0;2;0;0;0;0
23/01/2022;18:20:00;256;Sem vítima;278.900;1560;Crescente;Colisão traseira;2;0;0;0;0;0;0;0;0;0;5;0;0;0;0
24/01/2022;02:25:00;20;Sem vítima;192.500;1565;Crescente;Choque;0;0;0;0;0;0;0;0;0;1;1;0;0;0;0
24/01/2022;06:30:00;34;Sem vítima;196.900;1576;Decrescente;Choque;1;0;0;0;0;0;0;0;0;0;1;0;0;0;0
25/01/2022;00:31:00;1;Sem vítima;41.260;1562;Crescente;Choque;1;0;0;0;0;0;0;0;0;0;1;0;0;0;0
25/01/2022;09:26:00;77;Sem vítima;104.900;1576;Decrescente;Colisão traseira;2;0;0;0;0;0;0;0;0;0;2;0;0;0;0
25/01/2022;12:40:00;145;Sem vítima;18.050;1563;Crescente;Colisão traseira;0;0;0;1;0;0;0;0;0;0;1;0;0;0;0
25/01/2022;12:47:00;148;Sem vítima;27.680;1562;Crescente;Choque;0;0;0;0;0;0;0;0;0;1;1;0;0;0;0
25/01/2022;13:19:00;155;Sem vítima;38.400;1562;Crescente;Choque;1;0;0;0;0;0;0;0;0;0;1;0;0;0;0
25/01/2022;17:28:00;243;Sem vítima;148.500;1588;Decrescente;Tombamento;1;0;0;0;0;0;0;0;0;0;1;0;0;0;0
25/01/2022;17:37:00;245;Com vítima;81.850;1576;Decrescente;Colisão traseira;2;0;0;0;0;0;0;0;0;0;5;1;0;0;0
26/01/2022;04:57:00;21;Sem vítima;229.600;1588;Decrescente;Choque;0;0;0;0;0;0;0;0;0;1;1;0;0;0;0
26/01/2022;07:34:00;48;Com vítima;53.800;1562;Crescente;Choque;1;0;0;0;0;0;0;0;0;0;2;2;0;0;0
27/01/2022;03:09:00;21;Com vítima;150.600;1564;Crescente;Choque;0;0;1;0;0;0;0;0;0;0;0;1;0;0;0
27/01/2022;05:55:00;33;Sem vítima;168.250;1585;Crescente;Choque;0;0;0;0;0;0;0;0;0;1;1;0;0;0;0
27/01/2022;07:41:00;70;Sem vítima;88.700;1576;Decrescente;Tombamento;0;0;0;0;0;0;0;0;0;1;1;0;0;0;0
27/01/2022;09:12:00;118;Sem vítima;8.000;1562;Crescente;Choque;1;0;0;0;0;0;0;0;0;0;3;0;0;0;0
27/01/2022;11:48:00;200;Com vítima;51.000;1574;Decrescente;Colisão traseira;1;0;1;0;0;0;0;0;0;0;2;2;0;0;0
27/01/2022;20:40:00;354;Com vítima;283.000;1566;Decrescente;Colisão transversal;1;0;0;1;0;0;0;0;0;0;4;0;1;0;0
27/01/2022;20:45:00;356;Com vítima;170.250;1564;Crescente;Queda de moto;0;0;0;1;0;0;0;0;0;0;0;1;0;0;0
27/01/2022;22:25:00;383;Com vítima;170.000;1576;Decrescente;Queda de moto;0;0;0;1;0;0;0;0;0;0;0;2;0;0;0
28/01/2022;00:17:00;4;Sem vítima;58.900;1562;Crescente;Choque;1;0;0;0;0;0;0;0;0;0;2;0;0;0;0
28/01/2022;01:25:00;13;Sem vítima;61.500;1574;Decrescente;Choque;1;0;0;0;0;0;0;0;0;0;1;0;0;0;0
28/01/2022;13:08:00;184;Com vítima;262.950;1585;Crescente;Capotamento;1;0;0;0;0;0;0;0;0;0;0;2;0;0;0
28/01/2022;13:38:00;199;Com vítima;46.800;1562;Crescente;Capotamento;1;0;0;0;0;0;0;0;0;0;0;1;0;0;0
28/01/2022;17:33:00;277;Sem vítima;29.700;1574;Decrescente;Tombamento;0;0;0;0;0;1;0;0;0;0;1;0;0;0;0
28/01/2022;17:56:00;280;Sem vítima;50.080;1562;Crescente;Colisão traseira;1;0;0;0;0;0;0;0;0;1;4;0;0;0;0
28/01/2022;18:44:00;291;Sem vítima;130.850;1564;Crescente;Choque;1;0;0;0;0;0;0;0;0;0;1;0;0;0;0
28/01/2022;22:17:00;330;Com vítima;201.200;1565;Crescente;Colisão traseira;0;0;0;0;0;0;0;0;0;2;4;1;0;0;0
29/01/2022;08:20:00;65;Sem vítima;173.500;1564;Crescente;Choque;1;0;0;0;0;0;0;0;0;0;1;0;0;0;0
29/01/2022;20:02:00;252;Sem vítima;84.900;1576;Decrescente;Choque;1;0;0;0;0;0;0;0;0;0;1;0;0;0;0
29/01/2022;21:16:00;263;Com vítima;170.500;1564;Crescente;Queda de moto;0;0;0;1;0;0;0;0;0;0;0;0;1;0;0
30/01/2022;04:06:00;17;Sem vítima;117.750;1564;Crescente;Choque;0;0;0;0;0;1;0;0;0;0;1;0;0;0;0
30/01/2022;12:50:00;135;Sem vítima;268.310;1588;Decrescente;Choque;1;0;0;0;0;0;0;0;0;0;1;0;0;0;0
30/01/2022;13:59:00;149;Com vítima;167.800;1588;Decrescente;Capotamento;0;0;0;0;0;0;0;0;0;1;2;2;0;0;0
30/01/2022;16:32:00;194;Com vítima;174.450;1576;Decrescente;Queda de moto;0;0;0;1;0;0;0;0;0;0;0;0;1;0;0
30/01/2022;21:01:00;268;Sem vítima;174.300;1564;Crescente;Colisão traseira;1;0;0;0;0;0;0;0;0;0;3;0;0;0;0
31/01/2022;10:55:00;119;Sem vítima;51.470;1562;Crescente;Colisão traseira;0;0;1;0;0;1;0;0;0;0;2;0;0;0;0
31/01/2022;11:16:00;123;Sem vítima;16.480;1575;Decrescente;Capotamento;1;0;0;0;0;0;0;0;0;0;3;0;0;0;0
31/01/2022;19:35:00;277;Sem vítima;1.500;1572;Decrescente;Choque;1;0;0;0;0;0;0;0;0;0;3;0;0;0;0
31/01/2022;19:38:00;280;Sem vítima;105.800;1585;Crescente;Tombamento;0;0;0;0;0;1;0;0;0;0;1;0;0;0;0
31/01/2022;21:37:00;305;Com vítima;180.000;1565;Crescente;Queda de moto;0;0;0;1;0;0;0;0;0;0;0;0;0;1;0
01/02/2022;08:13:00;52;Sem vítima;56.000;1574;Decrescente;Colisão traseira;0;0;1;0;0;0;0;0;0;1;2;0;0;0;0
01/02/2022;08:44:00;63;Com vítima;248.130;1585;Crescente;Colisão lateral no mesmo sentido;2;0;0;0;0;0;0;0;0;0;2;2;0;0;0
01/02/2022;10:33:00;104;Com vítima;185.300;1565;Crescente;Colisão lateral no mesmo sentido;0;0;0;0;0;1;0;0;0;1;3;1;0;0;0
01/02/2022;13:22:00;148;Sem vítima;198.000;1565;Crescente;Acidentes de outra natureza;0;0;0;0;0;0;0;0;0;1;1;0;0;0;0
01/02/2022;19:34:00;247;Sem vítima;189.500;1585;Crescente;Tombamento;0;0;0;0;0;1;0;0;0;0;1;0;0;0;0
01/02/2022;22:53:00;276;Com vítima;55.500;1574;Decrescente;Tombamento;0;0;0;0;0;1;0;0;0;0;0;0;0;1;0
02/02/2022;00:05:00;1;Sem vítima;55.800;1574;Decrescente;Colisão lateral no mesmo sentido;0;0;0;0;0;2;0;0;0;0;2;0;0;0;0
02/02/2022;06:44:00;31;Sem vítima;14.900;1575;Decrescente;Colisão lateral no mesmo sentido;0;0;0;0;0;0;0;0;0;1;1;0;0;0;0
02/02/2022;10:30:00;126;Sem vítima;177.000;1564;Crescente;Choque;0;0;0;0;0;1;0;0;0;0;1;0;0;0;0
02/02/2022;12:35:00;171;Com vítima;102.400;1585;Crescente;Choque;1;0;0;0;0;0;0;0;0;0;0;1;0;0;0
02/02/2022;12:35:00;172;Sem vítima;101.950;1585;Crescente;Choque;0;0;0;0;0;0;0;0;0;1;1;0;0;0;0
02/02/2022;16:50:00;238;Com vítima;84.900;1576;Decrescente;Colisão frontal;1;0;0;0;0;1;0;0;0;0;1;1;1;0;0
02/02/2022;18:28:00;261;Com vítima;127.990;1588;Decrescente;Atropelamento de animal;1;0;0;0;0;0;0;0;0;0;1;0;1;0;0
02/02/2022;19:08:00;276;Sem vítima;51.000;1562;Crescente;Colisão lateral no mesmo sentido;1;0;0;0;0;0;0;0;0;0;2;0;0;0;0
02/02/2022;23:28:00;321;Sem vítima;195.200;1565;Crescente;Choque;1;0;0;0;0;0;0;0;0;0;1;0;0;0;0
03/02/2022;08:44:00;95;Com vítima;160.650;1576;Decrescente;Queda de moto;0;0;0;1;0;0;0;0;0;0;0;1;0;0;0
03/02/2022;10:37:00;142;Sem vítima;25.860;1562;Crescente;Acidentes de outra natureza;1;0;0;0;0;0;0;0;0;1;2;0;0;0;0
03/02/2022;12:32:00;189;Com vítima;79.800;1576;Decrescente;Choque;0;0;0;0;0;1;0;0;0;0;0;0;0;0;1
03/02/2022;13:17:00;202;Sem vítima;136.000;1564;Crescente;Choque;0;0;1;0;0;0;0;0;0;0;1;0;0;0;0
03/02/2022;14:13:00;220;Sem vítima;257.000;1588;Decrescente;Choque;1;0;0;0;0;0;0;0;0;0;1;0;0;0;0
03/02/2022;19:14:00;322;Com vítima;275.000;1588;Decrescente;Colisão lateral no mesmo sentido;0;0;0;1;0;1;0;0;0;0;1;1;0;0;0
03/02/2022;19:24:00;324;Sem vítima;81.200;1564;Crescente;Colisão traseira;0;0;1;0;0;1;0;0;0;0;4;0;0;0;0
04/02/2022;07:01:00;50;Sem vítima;2.470;1562;Crescente;Choque;1;0;0;0;0;0;0;0;0;0;2;0;0;0;0
04/02/2022;08:26:00;80;Com vítima;95.700;1587;Decrescente;Choque;1;0;0;0;0;0;0;0;0;0;1;0;1;0;0
04/02/2022;12:16:00;200;Com vítima;194.100;1565;Crescente;Capotamento;1;0;0;0;0;0;0;0;0;0;0;1;0;0;0
04/02/2022;17:16:00;310;Sem vítima;246.400;1585;Crescente;Colisão lateral no mesmo sentido;1;0;0;0;0;0;0;0;0;1;3;0;0;0;0
04/02/2022;17:33:00;320;Com vítima;266.750;1585;Crescente;Choque;1;0;0;0;0;0;0;0;0;0;0;1;0;0;0
04/02/2022;17:52:00;325;Com vítima;113.000;1588;Decrescente;Capotamento;1;0;0;0;0;0;0;0;0;0;0;0;2;0;0
04/02/2022;22:35:00;408;Com vítima;119.000;1564;Crescente;Colisão traseira;1;0;0;0;0;1;0;0;0;0;1;1;0;0;0
05/02/2022;00:38:00;4;Com vítima;119.900;1564;Crescente;Choque;1;0;0;0;0;0;0;0;0;0;0;1;0;0;0
05/02/2022;03:59:00;25;Sem vítima;151.850;1588;Decrescente;Capotamento;0;0;0;0;0;0;0;0;0;1;1;0;0;0;0
05/02/2022;07:29:00;67;Com vítima;133.760;1585;Crescente;Capotamento;1;0;0;0;0;0;0;0;0;0;0;0;2;0;0
05/02/2022;12:12:00;185;Sem vítima;198.000;1565;Crescente;Choque;0;0;0;0;0;0;0;0;0;1;1;0;0;0;0
05/02/2022;15:32:00;251;Sem vítima;148.960;1576;Decrescente;Choque;1;0;0;0;0;0;0;0;0;0;1;0;0;0;0
05/02/2022;21:49:00;348;Sem vítima;96.600;1587;Decrescente;Atropelamento de animal;1;0;0;0;0;0;0;0;0;0;10;0;0;0;0
05/02/2022;22:19:00;352;Sem vítima;36.000;1562;Crescente;Choque;1;0;0;0;0;0;0;0;0;0;4;0;0;0;0
05/02/2022;23:01:00;356;Sem vítima;18.000;1575;Decrescente;Choque;1;0;0;0;0;0;0;0;0;1;6;0;0;0;0
06/02/2022;04:22:00;25;Sem vítima;45.000;1562;Crescente;Choque;0;0;0;0;0;0;0;0;0;1;2;0;0;0;0
06/02/2022;05:17:00;34;Com vítima;96.050;1576;Decrescente;Colisão traseira;1;0;0;0;0;1;0;0;0;0;2;2;2;4;0
06/02/2022;06:40:00;41;Sem vítima;198.320;1585;Crescente;Choque;1;0;0;0;0;0;0;0;0;0;2;0;0;0;0
06/02/2022;12:49:00;152;Sem vítima;29.740;1562;Crescente;Choque;1;0;0;0;0;0;0;0;0;0;4;0;0;0;0
06/02/2022;15:53:00;219;Com vítima;282.900;1560;Crescente;Colisão transversal;1;0;0;1;0;0;0;0;0;0;6;2;0;0;0
07/02/2022;10:27:00;119;Com vítima;197.000;1588;Decrescente;Choque;0;0;0;0;0;0;0;0;0;1;3;0;1;0;0
07/02/2022;14:55:00;203;Com vítima;100.250;1588;Decrescente;Choque;1;0;0;0;0;0;0;0;0;0;0;1;0;0;0
07/02/2022;16:44:00;236;Com vítima;260.000;1588;Decrescente;Colisão transversal;2;0;0;0;0;0;0;0;0;0;0;1;3;0;0
07/02/2022;17:12:00;245;Com vítima;134.600;1585;Crescente;Capotamento;1;0;0;0;0;0;0;0;0;0;2;0;3;0;0
07/02/2022;19:37:00;284;Sem vítima;50.400;1562;Crescente;Capotamento;1;0;0;0;0;0;0;0;0;0;1;0;0;0;0
07/02/2022;20:48:00;299;Sem vítima;264.400;1585;Crescente;Choque;1;0;0;0;0;0;0;0;0;0;1;0;0;0;0
07/02/2022;22:36:00;313;Com vítima;118.990;1576;Decrescente;Colisão traseira;1;0;0;0;0;1;0;0;0;0;2;2;0;0;0
08/02/2022;10:21:00;105;Com vítima;78.800;1564;Crescente;Capotamento;0;0;0;0;0;0;0;0;0;1;0;3;0;0;0
08/02/2022;16:16:00;214;Com vítima;116.700;1588;Decrescente;Colisão lateral no mesmo sentido;1;0;0;0;0;1;0;0;0;0;4;0;1;0;0
09/02/2022;12:58:00;239;Sem vítima;130.410;1576;Decrescente;Choque;0;0;0;0;0;0;0;0;0;1;2;0;0;0;0
09/02/2022;17:42:00;319;Sem vítima;190.500;1585;Crescente;Choque;1;0;0;0;0;0;0;0;0;0;3;0;0;0;0
09/02/2022;20:12:00;365;Com vítima;174.400;1576;Decrescente;Atropelamento de pedestre;1;0;0;0;0;0;0;0;0;0;2;0;0;0;1
09/02/2022;21:04:00;373;Sem vítima;83.000;1576;Decrescente;Choque;0;0;0;0;0;1;0;0;0;0;1;0;0;0;0
10/02/2022;10:51:00;149;Sem vítima;115.180;1576;Decrescente;Choque;1;0;0;0;0;0;0;0;0;0;2;0;0;0;0
10/02/2022;16:38:00;249;Com vítima;189.650;1565;Crescente;Capotamento;0;0;0;0;0;0;0;0;0;1;3;1;0;0;0
10/02/2022;19:27:00;300;Com vítima;179.000;1565;Crescente;Queda de moto;0;0;0;1;0;0;0;0;0;0;1;1;0;0;0
10/02/2022;22:07:00;333;Com vítima;50.700;1562;Crescente;Queda de moto;0;0;0;1;0;0;0;0;0;0;0;1;0;0;0
11/02/2022;09:56:00;115;Com vítima;261.930;1588;Decrescente;Capotamento;0;0;0;0;0;0;0;0;0;1;1;0;2;0;0
11/02/2022;14:13:00;203;Sem vítima;18.860;1562;Crescente;Colisão lateral no mesmo sentido;1;0;1;0;0;0;0;0;0;0;4;0;0;0;0
11/02/2022;17:57:00;270;Com vítima;61.350;1562;Crescente;Queda de moto;0;0;0;1;0;0;0;0;0;0;0;1;0;0;0
12/02/2022;13:59:00;184;Sem vítima;126.600;1576;Decrescente;Choque;0;0;0;0;0;0;0;0;0;1;2;0;0;0;0
12/02/2022;15:46:00;213;Sem vítima;190.500;1565;Crescente;Choque;0;0;1;0;0;0;0;0;0;0;1;0;0;0;0
12/02/2022;16:31:00;231;Sem vítima;62.710;1574;Decrescente;Choque;1;0;0;0;0;0;0;0;0;0;4;0;0;0;0
12/02/2022;16:33:00;232;Com vítima;53.700;1562;Crescente;Choque;1;0;0;0;0;0;0;0;0;0;1;1;0;0;0
12/02/2022;16:58:00;240;Com vítima;179.050;1565;Crescente;Colisão frontal;1;0;0;0;0;0;0;0;0;1;0;1;0;2;0
12/02/2022;17:00:00;241;Sem vítima;179.950;1576;Decrescente;Choque;1;0;0;0;0;0;0;0;0;0;4;0;0;0;0
12/02/2022;17:31:00;248;Sem vítima;6.900;1563;Crescente;Choque;1;0;0;0;0;0;0;0;0;0;3;0;0;0;0
12/02/2022;17:59:00;254;Sem vítima;26.900;1562;Crescente;Choque;1;0;0;0;0;0;0;0;0;0;2;0;0;0;0
12/02/2022;18:47:00;269;Sem vítima;119.000;1564;Crescente;Choque;1;0;0;0;0;0;0;0;0;0;1;0;0;0;0
12/02/2022;19:53:00;283;Com vítima;180.000;1576;Decrescente;Queda de moto;0;0;0;1;0;0;0;0;0;0;0;1;0;0;0
12/02/2022;21:12:00;305;Sem vítima;104.400;1585;Crescente;Choque;0;0;0;0;0;0;0;0;0;1;3;0;0;0;0
12/02/2022;21:35:00;311;Sem vítima;104.200;1585;Crescente;Choque;1;0;0;0;0;0;0;0;0;0;2;0;0;0;0
12/02/2022;22:03:00;321;Sem vítima;205.300;1565;Crescente;Choque;1;0;0;0;0;0;0;0;0;0;1;0;0;0;0
12/02/2022;22:36:00;325;Sem vítima;46.000;1562;Crescente;Choque;1;0;0;0;0;0;0;0;0;0;1;0;0;0;0
12/02/2022;22:36:00;330;Sem vítima;46.000;1562;Crescente;Choque;1;0;0;0;0;0;0;0;0;0;2;0;0;0;0
13/02/2022;04:33:00;17;Sem vítima;96.600;1587;Decrescente;Colisão frontal;1;0;1;0;0;0;0;0;0;0;3;0;0;0;0
13/02/2022;06:01:00;24;Sem vítima;189.280;1565;Crescente;Colisão lateral no mesmo sentido;1;0;1;0;0;0;0;0;0;0;2;0;0;0;0
13/02/2022;07:13:00;47;Sem vítima;169.400;1576;Decrescente;Choque;0;0;0;0;0;1;0;0;0;0;1;0;0;0;0
13/02/2022;09:18:00;91;Com vítima;43.000;1574;Decrescente;Choque;1;0;0;0;0;0;0;0;0;0;0;1;0;0;0
13/02/2022;09:55:00;102;Com vítima;174.500;1564;Crescente;Colisão traseira;0;0;0;1;0;0;1;0;0;0;1;1;0;0;0
13/02/2022;11:32:00;125;Sem vítima;174.250;1576;Decrescente;Choque;1;0;0;0;0;0;0;0;0;0;1;0;0;0;0
13/02/2022;13:38:00;157;Sem vítima;290.050;1561;Crescente;Choque;0;0;0;0;0;0;0;0;0;1;3;0;0;0;0
13/02/2022;17:37:00;223;Sem vítima;146.650;1564;Crescente;Choque;1;0;0;0;0;0;0;0;0;0;2;0;0;0;0
13/02/2022;18:43:00;236;Com vítima;77.300;1564;Crescente;Queda de moto;0;0;0;1;0;0;0;0;0;0;0;1;0;0;0
13/02/2022;20:19:00;259;Com vítima;202.300;1576;Decrescente;Colisão lateral no mesmo sentido;0;0;0;1;0;0;0;0;0;0;0;2;0;0;0
13/02/2022;22:48:00;291;Com vítima;203.950;1565;Crescente;Colisão traseira;2;0;0;0;0;0;0;0;0;0;2;2;0;0;0
14/02/2022;00:29:00;2;Sem vítima;44.500;1562;Crescente;Choque;1;0;0;0;0;0;0;0;0;0;1;0;0;0;0
14/02/2022;05:40:00;17;Sem vítima;141.850;1585;Crescente;Choque;0;0;0;0;0;1;0;0;0;0;1;0;0;0;0
14/02/2022;08:08:00;65;Sem vítima;53.800;1562;Crescente;Choque;0;0;1;0;0;0;0;0;0;0;1;0;0;0;0
15/02/2022;02:33:00;19;Com vítima;81.100;1564;Crescente;Atropelamento de animal;0;0;1;0;0;0;0;0;0;0;0;0;1;0;0
15/02/2022;02:59:00;21;Sem vítima;150.900;1585;Crescente;Tombamento;0;0;1;0;0;0;0;0;0;0;2;0;0;0;0
15/02/2022;07:06:00;66;Sem vítima;279.000;1560;Crescente;Colisão transversal;0;0;0;0;0;0;0;0;0;1;1;0;0;0;0
15/02/2022;10:01:00;132;Com vítima;133.600;1585;Crescente;Colisão lateral no mesmo sentido;0;0;1;0;0;1;0;0;0;0;1;0;1;0;0
15/02/2022;11:52:00;170;Sem vítima;177.100;1576;Decrescente;Tombamento;0;0;0;0;0;0;0;0;0;1;2;0;0;0;0
15/02/2022;11:55:00;171;Sem vítima;153.500;1576;Decrescente;Choque;0;0;0;0;0;0;0;0;0;1;1;0;0;0;0
16/02/2022;05:06:00;31;Sem vítima;46.000;1562;Crescente;Choque;1;0;0;0;0;0;0;0;0;0;2;0;0;0;0
16/02/2022;18:43:00;317;Sem vítima;105.000;1564;Crescente;Colisão traseira;1;0;1;0;0;0;0;0;0;0;5;0;0;0;0
17/02/2022;01:02:00;8;Sem vítima;46.500;1562;Crescente;Choque;0;0;0;0;0;1;0;0;0;0;1;0;0;0;0
17/02/2022;02:02:00;15;Sem vítima;275.225;1588;Decrescente;Choque;1;0;0;0;0;0;0;0;0;0;2;0;0;0;0
17/02/2022;07:16:00;52;Sem vítima;27.760;1562;Crescente;Choque;1;0;0;0;0;0;0;0;0;0;2;0;0;0;0
17/02/2022;16:48:00;289;Sem vítima;110.400;1564;Crescente;Choque;1;0;0;0;0;0;0;0;0;0;1;0;0;0;0
17/02/2022;17:03:00;298;Sem vítima;23.310;1573;Decrescente;Choque;1;0;0;0;0;0;0;0;0;0;1;0;0;0;0
18/02/2022;06:43:00;61;Sem vítima;16.300;1575;Decrescente;Choque;0;0;0;0;0;0;0;0;0;1;1;0;0;0;0
18/02/2022;06:46:00;64;Com vítima;16.300;1575;Decrescente;Capotamento;1;0;0;0;0;0;0;0;0;0;0;5;0;0;0
18/02/2022;07:42:00;87;Com vítima;293.000;1561;Crescente;Colisão traseira;0;0;0;0;0;1;0;0;0;0;1;0;2;0;0
18/02/2022;11:52:00;187;Com vítima;117.900;1576;Decrescente;Choque;1;0;0;0;0;0;0;0;0;0;0;0;1;0;0
18/02/2022;12:38:00;205;Sem vítima;58.200;1574;Decrescente;Choque;0;0;0;0;0;0;0;0;0;1;1;0;0;0;0
19/02/2022;02:35:00;10;Sem vítima;98.000;1584;Crescente;Choque;0;0;0;0;0;0;0;0;0;1;2;0;0;0;0
19/02/2022;05:09:00;20;Sem vítima;171.000;1564;Crescente;Choque;1;0;0;0;0;0;0;0;0;0;4;0;0;0;0
19/02/2022;08:04:00;67;Sem vítima;10.500;1562;Crescente;Colisão traseira;2;0;0;0;0;0;0;0;0;0;4;0;0;0;0
19/02/2022;09:23:00;97;Com vítima;48.200;1574;Decrescente;Choque;1;0;0;0;0;0;0;0;0;0;0;2;0;0;0
19/02/2022;13:04:00;161;Sem vítima;302.500;1561;Crescente;Queda de moto;0;0;0;1;0;0;0;0;0;0;1;0;0;0;0
19/02/2022;13:51:00;170;Com vítima;29.760;1574;Decrescente;Choque;0;0;0;1;0;0;0;0;0;0;0;0;1;0;0
19/02/2022;13:56:00;172;Com vítima;53.600;1562;Crescente;Choque;0;0;1;0;0;0;0;0;0;0;0;0;1;0;0
19/02/2022;19:48:00;254;Com vítima;111.280;1585;Crescente;Choque;1;0;0;0;0;0;0;0;0;0;0;1;0;0;0
20/02/2022;05:55:00;34;Com vítima;54.160;1574;Decrescente;Choque;1;0;0;0;0;0;0;0;0;0;0;0;2;0;0
20/02/2022;09:03:00;75;Sem vítima;95.700;1587;Decrescente;Tombamento;0;0;0;0;0;1;0;0;0;0;1;0;0;0;0
20/02/2022;19:50:00;248;Com vítima;78.000;1564;Crescente;Colisão traseira;0;0;0;1;0;1;0;0;0;0;1;0;0;0;1
20/02/2022;21:21:00;268;Com vítima;118.000;1576;Decrescente;Queda de moto;0;0;0;1;0;0;0;0;0;0;0;1;0;0;0
20/02/2022;23:12:00;287;Com vítima;125.600;1585;Crescente;Colisão lateral no mesmo sentido;2;0;0;0;0;0;0;0;0;0;3;1;0;0;0
21/02/2022;07:04:00;56;Sem vítima;144.150;1576;Decrescente;Choque;1;0;0;0;0;0;0;0;0;0;5;0;0;0;0
21/02/2022;07:19:00;62;Com vítima;154.300;1576;Decrescente;Colisão frontal;1;0;0;0;0;0;0;0;0;1;0;1;3;0;0
21/02/2022;16:48:00;299;Sem vítima;153.500;1564;Crescente;Colisão lateral no mesmo sentido;1;0;0;0;0;0;0;0;0;0;1;0;0;0;0
21/02/2022;17:20:00;315;Com vítima;43.760;1574;Decrescente;Colisão traseira;1;0;0;0;0;1;0;0;0;0;2;1;0;0;0
21/02/2022;17:28:00;316;Com vítima;172.150;1564;Crescente;Queda de moto;0;0;0;1;0;0;0;0;0;0;0;2;0;0;0
22/02/2022;03:19:00;16;Sem vítima;121.000;1564;Crescente;Capotamento;0;0;1;0;0;0;0;0;0;0;1;0;0;0;0
22/02/2022;09:12:00;89;Sem vítima;82.500;1564;Crescente;Colisão traseira;0;0;1;0;0;0;0;0;0;0;1;0;0;0;0
22/02/2022;20:02:00;299;Sem vítima;166.000;1588;Decrescente;Choque;1;0;0;0;0;0;0;0;0;0;2;0;0;0;0
23/02/2022;13:27:00;221;Sem vítima;177.950;1576;Decrescente;Choque;0;0;0;0;0;1;0;0;0;0;1;0;0;0;0
23/02/2022;13:37:00;224;Sem vítima;178.050;1576;Decrescente;Colisão traseira;1;0;0;0;0;0;0;0;0;1;4;0;0;0;0
23/02/2022;19:31:00;357;Sem vítima;178.500;1576;Decrescente;Colisão traseira;2;0;0;0;0;0;0;0;0;0;3;0;0;0;0